source_file	source_root	file_kind	source_unit	selection	selected_roots	direct_importers	active_imports	commented_imports	substantive	prose_words	headings	construct_counts	labels	named_items	unit_start_line	unit_end_line	file_lines	file_words	coverage_status	coverage_basis	formalolp_evidence	formal_declarations	audit_note
computability/computability-theory/application-fixed-point.tex	computability	section	section	selected	computability	-	0	0	yes	434	Applying the Fixed-Point Theorem	thm	-	section	1	71	71	434	missing	none	-	-	No active declaration covers this recursive-function or computability-theory result.
computability/computability-theory/application-fixed-point.tex	computability	unit	thm#1	selected	computability	-	0	0	yes	434	Applying the Fixed-Point Theorem	-	1	thm#1	28	32	71	434	missing	none	-	-	No active declaration covers this recursive-function or computability-theory result.
computability/computability-theory/ce-closed-cup-cap.tex	computability	section	section	selected	computability	-	0	0	yes	573	ce-closed-cup-cap	thm	-	section	1	94	94	573	missing	none	-	-	No active declaration covers this recursive-function or computability-theory result.
computability/computability-theory/ce-closed-cup-cap.tex	computability	unit	thm#1	selected	computability	-	0	0	yes	573	ce-closed-cup-cap	-	1	thm#1	17	20	94	573	missing	none	-	-	No active declaration covers this recursive-function or computability-theory result.
computability/computability-theory/ce-sets.tex	computability	section	section	selected	computability	-	0	0	yes	259	Computably Enumerable Sets	defn	-	section	1	54	54	259	missing	none	-	-	No active declaration covers this recursive-function or computability-theory result.
computability/computability-theory/ce-sets.tex	computability	unit	defn#1	selected	computability	-	0	0	yes	259	Computably Enumerable Sets	-	1	defn#1	12	15	54	259	missing	none	-	-	No active declaration covers this recursive-function or computability-theory result.
computability/computability-theory/coding-computations.tex	computability	section	section	selected	computability	-	0	0	yes	320	Coding Computations	-	-	section	1	47	47	320	missing	none	-	-	No active declaration covers this recursive-function or computability-theory result.
computability/computability-theory/complement-ce.tex	computability	section	section	selected	computability	-	0	0	yes	379	Computably Enumerable Sets not Closed under Complement	thm#thm:ce-comp; cor#cor:comp-k	-	section	1	63	63	379	missing	none	-	-	No active declaration covers this recursive-function or computability-theory result.
computability/computability-theory/complement-ce.tex	computability	unit	thm#thm:ce-comp	selected	computability	-	0	0	yes	379	Computably Enumerable Sets not Closed under Complement	; label=thm:ce-comp	thm:ce-comp	thm#thm:ce-comp	51	54	63	379	missing	none	-	-	No active declaration covers this recursive-function or computability-theory result.
computability/computability-theory/complement-ce.tex	computability	unit	cor#cor:comp-k	selected	computability	-	0	0	yes	379	Computably Enumerable Sets not Closed under Complement	; label=cor:comp-k	cor:comp-k	cor#cor:comp-k	51	54	63	379	missing	none	-	-	No active declaration covers this recursive-function or computability-theory result.
computability/computability-theory/complete-ce-sets.tex	computability	section	section	selected	computability	-	0	0	yes	302	Complete Computably Enumerable Sets	defn; thm; prob	-	section	1	62	62	302	missing	none	-	-	No active declaration covers this recursive-function or computability-theory result.
computability/computability-theory/complete-ce-sets.tex	computability	unit	defn#1	selected	computability	-	0	0	yes	302	Complete Computably Enumerable Sets	-	1	defn#1	47	49	62	302	missing	none	-	-	No active declaration covers this recursive-function or computability-theory result.
computability/computability-theory/complete-ce-sets.tex	computability	unit	thm#2	selected	computability	-	0	0	yes	302	Complete Computably Enumerable Sets	-	2	thm#2	47	49	62	302	missing	none	-	-	No active declaration covers this recursive-function or computability-theory result.
computability/computability-theory/complete-ce-sets.tex	computability	unit	prob#3	selected	computability	-	0	0	yes	302	Complete Computably Enumerable Sets	-	3	prob#3	47	49	62	302	missing	none	-	-	No active declaration covers this recursive-function or computability-theory result.
computability/computability-theory/computability-theory.tex	computability	chapter	section	selected	computability	-	0	0	yes	119	computability-theory	-	-	section	1	64	64	119	structural_container	aggregator	-	-	Part/chapter container with imports or section assembly; substantive child sections are audited separately.
computability/computability-theory/computable-sets.tex	computability	section	section	selected	computability	-	0	0	yes	194	Computable Sets	defn	-	section	1	43	43	194	missing	none	-	-	No active declaration covers this recursive-function or computability-theory result.
computability/computability-theory/computable-sets.tex	computability	unit	defn#1	selected	computability	-	0	0	yes	194	Computable Sets	-	1	defn#1	15	30	43	194	missing	none	-	-	No active declaration covers this recursive-function or computability-theory result.
computability/computability-theory/def-functions-self-reference.tex	computability	section	section	selected	computability	-	0	0	yes	315	Defining Functions using Self-Reference	-	-	section	1	58	58	315	missing	none	-	-	No active declaration covers this recursive-function or computability-theory result.
computability/computability-theory/equiv-ce-defs.tex	computability	section	section	selected	computability	-	0	0	yes	1104	equiv-ce-defs	thm#thm:ce-equiv; thm#thm:exists-char	-	section	1	166	166	1104	missing	none	-	-	No active declaration covers this recursive-function or computability-theory result.
computability/computability-theory/equiv-ce-defs.tex	computability	unit	thm#thm:ce-equiv	selected	computability	-	0	0	yes	1104	equiv-ce-defs	; label=thm:ce-equiv	thm:ce-equiv	thm#thm:ce-equiv	140	147	166	1104	missing	none	-	-	No active declaration covers this recursive-function or computability-theory result.
computability/computability-theory/equiv-ce-defs.tex	computability	unit	thm#thm:exists-char	selected	computability	-	0	0	yes	1104	equiv-ce-defs	; label=thm:exists-char	thm:exists-char	thm#thm:exists-char	140	147	166	1104	missing	none	-	-	No active declaration covers this recursive-function or computability-theory result.
computability/computability-theory/fixed-point-thm.tex	computability	section	section	selected	computability	-	0	0	yes	1372	The Fixed-Point Theorem	lem#lem:fixed-equiv; thm	-	section	1	244	244	1372	missing	none	-	-	No active declaration covers this recursive-function or computability-theory result.
computability/computability-theory/fixed-point-thm.tex	computability	unit	lem#lem:fixed-equiv	selected	computability	-	0	0	yes	1372	The Fixed-Point Theorem	; label=lem:fixed-equiv	lem:fixed-equiv	lem#lem:fixed-equiv	104	111	244	1372	missing	none	-	-	No active declaration covers this recursive-function or computability-theory result.
computability/computability-theory/fixed-point-thm.tex	computability	unit	thm#2	selected	computability	-	0	0	yes	1372	The Fixed-Point Theorem	-	2	thm#2	104	111	244	1372	missing	none	-	-	No active declaration covers this recursive-function or computability-theory result.
computability/computability-theory/halting-problem.tex	computability	section	section	selected	computability	-	0	0	yes	640	The Halting Problem	thm#thm:halting-problem	-	section	1	102	102	640	missing	none	-	-	No active declaration covers this recursive-function or computability-theory result.
computability/computability-theory/halting-problem.tex	computability	unit	thm#thm:halting-problem	selected	computability	-	0	0	yes	640	The Halting Problem	; label=thm:halting-problem	thm:halting-problem	thm#thm:halting-problem	23	34	102	640	missing	none	-	-	No active declaration covers this recursive-function or computability-theory result.
computability/computability-theory/introduction.tex	computability	section	section	selected	computability	-	0	0	yes	556	Introduction	-	-	section	1	69	69	556	missing	none	-	-	The introduction contains substantive universal/minimization or recursive-function claims; no active declaration matches them.
computability/computability-theory/k-1.tex	computability	section	section	selected	computability	-	0	0	yes	461	An Example of Reducibility	prop#prop:k1	-	section	1	84	84	461	missing	none	-	-	No active declaration covers this recursive-function or computability-theory result.
computability/computability-theory/k-1.tex	computability	unit	prop#prop:k1	selected	computability	-	0	0	yes	461	An Example of Reducibility	; label=prop:k1	prop:k1	prop#prop:k1	14	21	84	461	missing	none	-	-	No active declaration covers this recursive-function or computability-theory result.
computability/computability-theory/no-universal-function.tex	computability	section	section	selected	computability	-	0	0	yes	303	No Universal Computable Function	thm#thm:no-univ; prob	-	section	1	53	53	303	missing	none	-	-	No active declaration covers this recursive-function or computability-theory result.
computability/computability-theory/no-universal-function.tex	computability	unit	thm#thm:no-univ	selected	computability	-	0	0	yes	303	No Universal Computable Function	; label=thm:no-univ	thm:no-univ	thm#thm:no-univ	43	49	53	303	missing	none	-	-	No active declaration covers this recursive-function or computability-theory result.
computability/computability-theory/no-universal-function.tex	computability	unit	prob#2	selected	computability	-	0	0	yes	303	No Universal Computable Function	-	2	prob#2	43	49	53	303	missing	none	-	-	No active declaration covers this recursive-function or computability-theory result.
computability/computability-theory/non-comp-set.tex	computability	section	section	selected	computability	-	0	0	yes	361	There Are Non-Computable Sets	thm#thm:K-0; thm#thm:K	-	section	1	64	64	361	missing	none	-	-	No active declaration covers this recursive-function or computability-theory result.
computability/computability-theory/non-comp-set.tex	computability	unit	thm#thm:K-0	selected	computability	-	0	0	yes	361	There Are Non-Computable Sets	; label=thm:K-0	thm:K-0	thm#thm:K-0	42	45	64	361	missing	none	-	-	No active declaration covers this recursive-function or computability-theory result.
computability/computability-theory/non-comp-set.tex	computability	unit	thm#thm:K	selected	computability	-	0	0	yes	361	There Are Non-Computable Sets	; label=thm:K	thm:K	thm#thm:K	42	45	64	361	missing	none	-	-	No active declaration covers this recursive-function or computability-theory result.
computability/computability-theory/normal-form.tex	computability	section	section	selected	computability	-	0	0	yes	675	The Normal Form Theorem	thm[Kleene's Normal Form Theorem]#thm:normal-form; thm	-	section	1	100	100	675	missing	none	-	-	No active declaration covers this recursive-function or computability-theory result.
computability/computability-theory/normal-form.tex	computability	unit	thm#thm:normal-form	selected	computability	-	0	0	yes	675	The Normal Form Theorem	optional=Kleene's Normal Form Theorem; label=thm:normal-form	thm:normal-form	thm#thm:normal-form	86	88	100	675	missing	none	-	-	No active declaration covers this recursive-function or computability-theory result.
computability/computability-theory/normal-form.tex	computability	unit	thm#2	selected	computability	-	0	0	yes	675	The Normal Form Theorem	-	2	thm#2	86	88	100	675	missing	none	-	-	No active declaration covers this recursive-function or computability-theory result.
computability/computability-theory/prop-reduce.tex	computability	section	section	selected	computability	-	0	0	yes	689	Properties of Reducibility	prop#prop:trans-red; prob; prop#prop:reduce; prob; prob	-	section	1	103	103	689	missing	none	-	-	No active declaration covers this recursive-function or computability-theory result.
computability/computability-theory/prop-reduce.tex	computability	unit	prop#prop:trans-red	selected	computability	-	0	0	yes	689	Properties of Reducibility	; label=prop:trans-red	prop:trans-red	prop#prop:trans-red	68	71	103	689	missing	none	-	-	No active declaration covers this recursive-function or computability-theory result.
computability/computability-theory/prop-reduce.tex	computability	unit	prob#2	selected	computability	-	0	0	yes	689	Properties of Reducibility	-	2	prob#2	68	71	103	689	missing	none	-	-	No active declaration covers this recursive-function or computability-theory result.
computability/computability-theory/prop-reduce.tex	computability	unit	prop#prop:reduce	selected	computability	-	0	0	yes	689	Properties of Reducibility	; label=prop:reduce	prop:reduce	prop#prop:reduce	68	71	103	689	missing	none	-	-	No active declaration covers this recursive-function or computability-theory result.
computability/computability-theory/prop-reduce.tex	computability	unit	prob#4	selected	computability	-	0	0	yes	689	Properties of Reducibility	-	4	prob#4	68	71	103	689	missing	none	-	-	No active declaration covers this recursive-function or computability-theory result.
computability/computability-theory/prop-reduce.tex	computability	unit	prob#5	selected	computability	-	0	0	yes	689	Properties of Reducibility	-	5	prob#5	68	71	103	689	missing	none	-	-	No active declaration covers this recursive-function or computability-theory result.
computability/computability-theory/reducibility.tex	computability	section	section	selected	computability	-	0	0	yes	544	Reducibility	defn	-	section	1	76	76	544	proved_weaker	manual_fragment_match	FormalOLP/Computability/RelativeComputability.lean;FormalOLP/Computability/TuringReducibility.lean	FormalOLP.Computability.RecursiveIn; FormalOLP.Computability.setManyOneReducible; FormalOLP.Computability.turingReducible	Native relative/oracle and reducibility relations cover a small chain; source computability theory and completeness results are absent.
computability/computability-theory/reducibility.tex	computability	unit	defn#1	selected	computability	-	0	0	yes	544	Reducibility	-	1	defn#1	50	61	76	544	proved_weaker	manual_fragment_match	FormalOLP/Computability/RelativeComputability.lean;FormalOLP/Computability/TuringReducibility.lean	FormalOLP.Computability.RecursiveIn; FormalOLP.Computability.setManyOneReducible; FormalOLP.Computability.turingReducible	Native relative/oracle and reducibility relations cover a small chain; source computability theory and completeness results are absent.
computability/computability-theory/rice-theorem.tex	computability	section	section	selected	computability	-	0	0	yes	985	Rice's Theorem	thm[Rice's Theorem]; cor	-	section	1	128	128	985	missing	none	-	-	No active declaration covers this recursive-function or computability-theory result.
computability/computability-theory/rice-theorem.tex	computability	unit	thm#1	selected	computability	-	0	0	yes	985	Rice's Theorem	optional=Rice's Theorem	1	thm#1	111	120	128	985	missing	none	-	-	No active declaration covers this recursive-function or computability-theory result.
computability/computability-theory/rice-theorem.tex	computability	unit	cor#2	selected	computability	-	0	0	yes	985	Rice's Theorem	-	2	cor#2	111	120	128	985	missing	none	-	-	No active declaration covers this recursive-function or computability-theory result.
computability/computability-theory/russells-paradox.tex	computability	section	section	selected	computability	-	0	0	yes	442	Comparison with Russell's Paradox	-	-	section	1	76	76	442	missing	none	-	-	No active declaration covers this recursive-function or computability-theory result.
computability/computability-theory/s-m-n.tex	computability	section	section	selected	computability	-	0	0	yes	278	The s-m-n Theorem	thm#thm:s-m-n	-	section	1	45	45	278	missing	none	-	-	No active declaration covers this recursive-function or computability-theory result.
computability/computability-theory/s-m-n.tex	computability	unit	thm#thm:s-m-n	selected	computability	-	0	0	yes	278	The s-m-n Theorem	; label=thm:s-m-n	thm:s-m-n	thm#thm:s-m-n	19	28	45	278	missing	none	-	-	No active declaration covers this recursive-function or computability-theory result.
computability/computability-theory/total.tex	computability	section	section	selected	computability	-	0	0	yes	295	Totality is Undecidable	prop#prop:total	-	section	1	62	62	295	missing	none	-	-	No active declaration covers this recursive-function or computability-theory result.
computability/computability-theory/total.tex	computability	unit	prop#prop:total	selected	computability	-	0	0	yes	295	Totality is Undecidable	; label=prop:total	prop:total	prop#prop:total	19	22	62	295	missing	none	-	-	No active declaration covers this recursive-function or computability-theory result.
computability/computability-theory/universal-part-function.tex	computability	section	section	selected	computability	-	0	0	yes	266	The Universal Partial Computable Function	thm#thm:univ-comp	-	section	1	43	43	266	missing	none	-	-	No active declaration covers this recursive-function or computability-theory result.
computability/computability-theory/universal-part-function.tex	computability	unit	thm#thm:univ-comp	selected	computability	-	0	0	yes	266	The Universal Partial Computable Function	; label=thm:univ-comp	thm:univ-comp	thm#thm:univ-comp	12	21	43	266	missing	none	-	-	No active declaration covers this recursive-function or computability-theory result.
computability/computability.tex	computability	part	section	selected	computability	-	0	0	yes	64	computability	-	-	section	1	23	23	64	structural_container	aggregator	-	-	Part/chapter container with imports or section assembly; substantive child sections are audited separately.
computability/recursive-functions/bounded-minimization.tex	computability	section	section	selected	computability	-	0	0	yes	472	Bounded Minimization	prop; prob	-	section	1	72	72	472	missing	none	-	-	No active declaration covers this recursive-function or computability-theory result.
computability/recursive-functions/bounded-minimization.tex	computability	unit	prop#1	selected	computability	-	0	0	yes	472	Bounded Minimization	-	1	prop#1	64	69	72	472	missing	none	-	-	No active declaration covers this recursive-function or computability-theory result.
computability/recursive-functions/bounded-minimization.tex	computability	unit	prob#2	selected	computability	-	0	0	yes	472	Bounded Minimization	-	2	prob#2	64	69	72	472	missing	none	-	-	No active declaration covers this recursive-function or computability-theory result.
computability/recursive-functions/composition.tex	computability	section	section	selected	computability	-	0	0	yes	659	Composition	-	-	section	1	91	91	659	missing	none	-	-	No active declaration covers this recursive-function or computability-theory result.
computability/recursive-functions/examples.tex	computability	section	section	selected	computability	-	0	0	yes	995	Examples of Primitive Recursive Functions	prop; prop; prop; prop; prop; prop; prop#prop:min-pr; prob; prob; prob; prop	-	section	1	197	197	995	missing	none	-	-	No active declaration covers this recursive-function or computability-theory result.
computability/recursive-functions/examples.tex	computability	unit	prop#1	selected	computability	-	0	0	yes	995	Examples of Primitive Recursive Functions	-	1	prop#1	170	185	197	995	missing	none	-	-	No active declaration covers this recursive-function or computability-theory result.
computability/recursive-functions/examples.tex	computability	unit	prop#2	selected	computability	-	0	0	yes	995	Examples of Primitive Recursive Functions	-	2	prop#2	170	185	197	995	missing	none	-	-	No active declaration covers this recursive-function or computability-theory result.
computability/recursive-functions/examples.tex	computability	unit	prop#3	selected	computability	-	0	0	yes	995	Examples of Primitive Recursive Functions	-	3	prop#3	170	185	197	995	missing	none	-	-	No active declaration covers this recursive-function or computability-theory result.
computability/recursive-functions/examples.tex	computability	unit	prop#4	selected	computability	-	0	0	yes	995	Examples of Primitive Recursive Functions	-	4	prop#4	170	185	197	995	missing	none	-	-	No active declaration covers this recursive-function or computability-theory result.
computability/recursive-functions/examples.tex	computability	unit	prop#5	selected	computability	-	0	0	yes	995	Examples of Primitive Recursive Functions	-	5	prop#5	170	185	197	995	missing	none	-	-	No active declaration covers this recursive-function or computability-theory result.
computability/recursive-functions/examples.tex	computability	unit	prop#6	selected	computability	-	0	0	yes	995	Examples of Primitive Recursive Functions	-	6	prop#6	170	185	197	995	missing	none	-	-	No active declaration covers this recursive-function or computability-theory result.
computability/recursive-functions/examples.tex	computability	unit	prop#prop:min-pr	selected	computability	-	0	0	yes	995	Examples of Primitive Recursive Functions	; label=prop:min-pr	prop:min-pr	prop#prop:min-pr	170	185	197	995	missing	none	-	-	No active declaration covers this recursive-function or computability-theory result.
computability/recursive-functions/examples.tex	computability	unit	prob#8	selected	computability	-	0	0	yes	995	Examples of Primitive Recursive Functions	-	8	prob#8	170	185	197	995	missing	none	-	-	No active declaration covers this recursive-function or computability-theory result.
computability/recursive-functions/examples.tex	computability	unit	prob#9	selected	computability	-	0	0	yes	995	Examples of Primitive Recursive Functions	-	9	prob#9	170	185	197	995	missing	none	-	-	No active declaration covers this recursive-function or computability-theory result.
computability/recursive-functions/examples.tex	computability	unit	prob#10	selected	computability	-	0	0	yes	995	Examples of Primitive Recursive Functions	-	10	prob#10	170	185	197	995	missing	none	-	-	No active declaration covers this recursive-function or computability-theory result.
computability/recursive-functions/examples.tex	computability	unit	prop#11	selected	computability	-	0	0	yes	995	Examples of Primitive Recursive Functions	-	11	prop#11	170	185	197	995	missing	none	-	-	No active declaration covers this recursive-function or computability-theory result.
computability/recursive-functions/general-recursive-functions.tex	computability	section	section	selected	computability	-	0	0	yes	260	General Recursive Functions	defn#defn:general-recursive	-	section	1	43	43	260	missing	none	-	-	No active declaration covers this recursive-function or computability-theory result.
computability/recursive-functions/general-recursive-functions.tex	computability	unit	defn#defn:general-recursive	selected	computability	-	0	0	yes	260	General Recursive Functions	; label=defn:general-recursive	defn:general-recursive	defn#defn:general-recursive	20	27	43	260	missing	none	-	-	No active declaration covers this recursive-function or computability-theory result.
computability/recursive-functions/halting-problem.tex	computability	section	section	selected	computability	-	0	0	yes	562	The Halting Problem	thm#thm:halting-problem	-	section	1	95	95	562	missing	none	-	-	No active declaration covers this recursive-function or computability-theory result.
computability/recursive-functions/halting-problem.tex	computability	unit	thm#thm:halting-problem	selected	computability	-	0	0	yes	562	The Halting Problem	; label=thm:halting-problem	thm:halting-problem	thm#thm:halting-problem	50	53	95	562	missing	none	-	-	No active declaration covers this recursive-function or computability-theory result.
computability/recursive-functions/introduction.tex	computability	section	section	selected	computability	-	0	0	yes	413	Introduction	-	-	section	1	56	56	413	missing	none	-	-	The introduction contains substantive universal/minimization or recursive-function claims; no active declaration matches them.
computability/recursive-functions/non-pr-functions.tex	computability	section	section	selected	computability	-	0	0	yes	748	Non-Primitive Recursive Functions	-	-	section	1	99	99	748	missing	none	-	-	No active declaration covers this recursive-function or computability-theory result.
computability/recursive-functions/normal-form.tex	computability	section	section	selected	computability	-	0	0	yes	308	The Normal Form Theorem	thm[Kleene's Normal Form Theorem]#thm:kleene-nf	-	section	1	48	48	308	missing	none	-	-	No active declaration covers this recursive-function or computability-theory result.
computability/recursive-functions/normal-form.tex	computability	unit	thm#thm:kleene-nf	selected	computability	-	0	0	yes	308	The Normal Form Theorem	optional=Kleene's Normal Form Theorem; label=thm:kleene-nf	thm:kleene-nf	thm#thm:kleene-nf	12	21	48	308	missing	none	-	-	No active declaration covers this recursive-function or computability-theory result.
computability/recursive-functions/notation-pr-functions.tex	computability	section	section	selected	computability	-	0	0	yes	357	Primitive Recursion Notations	prob	-	section	1	52	52	357	missing	none	-	-	No active declaration covers this recursive-function or computability-theory result.
computability/recursive-functions/notation-pr-functions.tex	computability	unit	prob#1	selected	computability	-	0	0	yes	357	Primitive Recursion Notations	-	1	prob#1	47	49	52	357	missing	none	-	-	No active declaration covers this recursive-function or computability-theory result.
computability/recursive-functions/other-recursions.tex	computability	section	section	selected	computability	-	0	0	yes	487	Other Recursions	prob	-	section	1	69	69	487	missing	none	-	-	No active declaration covers this recursive-function or computability-theory result.
computability/recursive-functions/other-recursions.tex	computability	unit	prob#1	selected	computability	-	0	0	yes	487	Other Recursions	-	1	prob#1	50	55	69	487	missing	none	-	-	No active declaration covers this recursive-function or computability-theory result.
computability/recursive-functions/partial-functions.tex	computability	section	section	selected	computability	-	0	0	yes	917	Partial Recursive Functions	defn; defn#defn:recursive-fn	-	section	1	120	120	917	missing	none	-	-	No active declaration covers this recursive-function or computability-theory result.
computability/recursive-functions/partial-functions.tex	computability	unit	defn#1	selected	computability	-	0	0	yes	917	Partial Recursive Functions	-	1	defn#1	108	112	120	917	missing	none	-	-	No active declaration covers this recursive-function or computability-theory result.
computability/recursive-functions/partial-functions.tex	computability	unit	defn#defn:recursive-fn	selected	computability	-	0	0	yes	917	Partial Recursive Functions	; label=defn:recursive-fn	defn:recursive-fn	defn#defn:recursive-fn	108	112	120	917	missing	none	-	-	No active declaration covers this recursive-function or computability-theory result.
computability/recursive-functions/pr-functions-computable.tex	computability	section	section	selected	computability	-	0	0	yes	333	Primitive Recursive Functions are Computable	-	-	section	1	43	43	333	missing	none	-	-	No active declaration covers this recursive-function or computability-theory result.
computability/recursive-functions/pr-functions.tex	computability	section	section	selected	computability	-	0	0	yes	998	Primitive Recursion Functions	defn#defn:primitive-recursion; defn#defn:composition; defn; prop; prop#prop:mult-pr; prob; ex	-	section	1	165	165	998	missing	none	-	-	No active declaration covers this recursive-function or computability-theory result.
computability/recursive-functions/pr-functions.tex	computability	unit	defn#defn:primitive-recursion	selected	computability	-	0	0	yes	998	Primitive Recursion Functions	; label=defn:primitive-recursion	defn:primitive-recursion	defn#defn:primitive-recursion	133	162	165	998	missing	none	-	-	No active declaration covers this recursive-function or computability-theory result.
computability/recursive-functions/pr-functions.tex	computability	unit	defn#defn:composition	selected	computability	-	0	0	yes	998	Primitive Recursion Functions	; label=defn:composition	defn:composition	defn#defn:composition	133	162	165	998	missing	none	-	-	No active declaration covers this recursive-function or computability-theory result.
computability/recursive-functions/pr-functions.tex	computability	unit	defn#3	selected	computability	-	0	0	yes	998	Primitive Recursion Functions	-	3	defn#3	133	162	165	998	missing	none	-	-	No active declaration covers this recursive-function or computability-theory result.
computability/recursive-functions/pr-functions.tex	computability	unit	prop#4	selected	computability	-	0	0	yes	998	Primitive Recursion Functions	-	4	prop#4	133	162	165	998	missing	none	-	-	No active declaration covers this recursive-function or computability-theory result.
computability/recursive-functions/pr-functions.tex	computability	unit	prop#prop:mult-pr	selected	computability	-	0	0	yes	998	Primitive Recursion Functions	; label=prop:mult-pr	prop:mult-pr	prop#prop:mult-pr	133	162	165	998	missing	none	-	-	No active declaration covers this recursive-function or computability-theory result.
computability/recursive-functions/pr-functions.tex	computability	unit	prob#6	selected	computability	-	0	0	yes	998	Primitive Recursion Functions	-	6	prob#6	133	162	165	998	missing	none	-	-	No active declaration covers this recursive-function or computability-theory result.
computability/recursive-functions/pr-functions.tex	computability	unit	ex#7	selected	computability	-	0	0	yes	998	Primitive Recursion Functions	-	7	ex#7	133	162	165	998	missing	none	-	-	No active declaration covers this recursive-function or computability-theory result.
computability/recursive-functions/pr-relations.tex	computability	section	section	selected	computability	-	0	0	yes	940	Primitive Recursive Relations	defn; prop; prop; prob; prop	-	section	1	168	168	940	missing	none	-	-	No active declaration covers this recursive-function or computability-theory result.
computability/recursive-functions/pr-relations.tex	computability	unit	defn#1	selected	computability	-	0	0	yes	940	Primitive Recursive Relations	-	1	defn#1	140	156	168	940	missing	none	-	-	No active declaration covers this recursive-function or computability-theory result.
computability/recursive-functions/pr-relations.tex	computability	unit	prop#2	selected	computability	-	0	0	yes	940	Primitive Recursive Relations	-	2	prop#2	140	156	168	940	missing	none	-	-	No active declaration covers this recursive-function or computability-theory result.
computability/recursive-functions/pr-relations.tex	computability	unit	prop#3	selected	computability	-	0	0	yes	940	Primitive Recursive Relations	-	3	prop#3	140	156	168	940	missing	none	-	-	No active declaration covers this recursive-function or computability-theory result.
computability/recursive-functions/pr-relations.tex	computability	unit	prob#4	selected	computability	-	0	0	yes	940	Primitive Recursive Relations	-	4	prob#4	140	156	168	940	missing	none	-	-	No active declaration covers this recursive-function or computability-theory result.
computability/recursive-functions/pr-relations.tex	computability	unit	prop#5	selected	computability	-	0	0	yes	940	Primitive Recursive Relations	-	5	prop#5	140	156	168	940	missing	none	-	-	No active declaration covers this recursive-function or computability-theory result.
computability/recursive-functions/primes.tex	computability	section	section	selected	computability	-	0	0	yes	627	Primes	prob	-	section	1	81	81	627	missing	none	-	-	No active declaration covers this recursive-function or computability-theory result.
computability/recursive-functions/primes.tex	computability	unit	prob#1	selected	computability	-	0	0	yes	627	Primes	-	1	prob#1	76	78	81	627	missing	none	-	-	No active declaration covers this recursive-function or computability-theory result.
computability/recursive-functions/primitive-recursion.tex	computability	section	section	selected	computability	-	0	0	yes	1094	Primitive Recursion	-	-	section	1	133	133	1094	missing	none	-	-	No active declaration covers this recursive-function or computability-theory result.
computability/recursive-functions/recursive-functions.tex	computability	chapter	section	selected	computability	-	0	0	yes	114	recursive-functions	-	-	section	1	58	58	114	structural_container	aggregator	-	-	Part/chapter container with imports or section assembly; substantive child sections are audited separately.
computability/recursive-functions/sequences.tex	computability	section	section	selected	computability	-	0	0	yes	1140	Sequences	prop; prop; prop; prop; prob; prob; prop#prop:subseq; prob	-	section	1	204	204	1140	missing	none	-	-	No active declaration covers this recursive-function or computability-theory result.
computability/recursive-functions/sequences.tex	computability	unit	prop#1	selected	computability	-	0	0	yes	1140	Sequences	-	1	prop#1	198	200	204	1140	missing	none	-	-	No active declaration covers this recursive-function or computability-theory result.
computability/recursive-functions/sequences.tex	computability	unit	prop#2	selected	computability	-	0	0	yes	1140	Sequences	-	2	prop#2	198	200	204	1140	missing	none	-	-	No active declaration covers this recursive-function or computability-theory result.
computability/recursive-functions/sequences.tex	computability	unit	prop#3	selected	computability	-	0	0	yes	1140	Sequences	-	3	prop#3	198	200	204	1140	missing	none	-	-	No active declaration covers this recursive-function or computability-theory result.
computability/recursive-functions/sequences.tex	computability	unit	prop#4	selected	computability	-	0	0	yes	1140	Sequences	-	4	prop#4	198	200	204	1140	missing	none	-	-	No active declaration covers this recursive-function or computability-theory result.
computability/recursive-functions/sequences.tex	computability	unit	prob#5	selected	computability	-	0	0	yes	1140	Sequences	-	5	prob#5	198	200	204	1140	missing	none	-	-	No active declaration covers this recursive-function or computability-theory result.
computability/recursive-functions/sequences.tex	computability	unit	prob#6	selected	computability	-	0	0	yes	1140	Sequences	-	6	prob#6	198	200	204	1140	missing	none	-	-	No active declaration covers this recursive-function or computability-theory result.
computability/recursive-functions/sequences.tex	computability	unit	prop#prop:subseq	selected	computability	-	0	0	yes	1140	Sequences	; label=prop:subseq	prop:subseq	prop#prop:subseq	198	200	204	1140	missing	none	-	-	No active declaration covers this recursive-function or computability-theory result.
computability/recursive-functions/sequences.tex	computability	unit	prob#8	selected	computability	-	0	0	yes	1140	Sequences	-	8	prob#8	198	200	204	1140	missing	none	-	-	No active declaration covers this recursive-function or computability-theory result.
computability/recursive-functions/trees.tex	computability	section	section	selected	computability	-	0	0	yes	579	Trees	prop#prop:subtreeseq; prob	-	section	1	79	79	579	missing	none	-	-	No active declaration covers this recursive-function or computability-theory result.
computability/recursive-functions/trees.tex	computability	unit	prop#prop:subtreeseq	selected	computability	-	0	0	yes	579	Trees	; label=prop:subtreeseq	prop:subtreeseq	prop#prop:subtreeseq	70	75	79	579	missing	none	-	-	No active declaration covers this recursive-function or computability-theory result.
computability/recursive-functions/trees.tex	computability	unit	prob#2	selected	computability	-	0	0	yes	579	Trees	-	2	prob#2	70	75	79	579	missing	none	-	-	No active declaration covers this recursive-function or computability-theory result.
history/biographies/alan-turing.tex	history	section	section	selected	history	-	0	0	yes	581	Alan Turing	-	-	section	1	78	78	581	non_formal_exposition	documentation_scope	-	-	Historical, biographical, or narrative material; no Lean theorem target is claimed.
history/biographies/alfred-tarski.tex	history	section	section	selected	history	-	0	0	yes	387	Alfred Tarski	-	-	section	1	55	55	387	non_formal_exposition	documentation_scope	-	-	Historical, biographical, or narrative material; no Lean theorem target is claimed.
history/biographies/alonzo-church.tex	history	section	section	selected	history	-	0	0	yes	358	Alonzo Church	-	-	section	1	53	53	358	non_formal_exposition	documentation_scope	-	-	Historical, biographical, or narrative material; no Lean theorem target is claimed.
history/biographies/bertrand-russell.tex	history	section	section	selected	history	-	0	0	yes	506	Bertrand Russell	-	-	section	1	71	71	506	non_formal_exposition	documentation_scope	-	-	Historical, biographical, or narrative material; no Lean theorem target is claimed.
history/biographies/biographies.tex	history	chapter	section	selected	history	-	0	0	yes	52	biographies	-	-	section	1	35	35	52	structural_container	aggregator	-	-	Part/chapter container with imports or section assembly; substantive child sections are audited separately.
history/biographies/emmy-noether.tex	history	section	section	selected	history	-	0	0	yes	585	Emmy Noether	-	-	section	1	76	76	585	non_formal_exposition	documentation_scope	-	-	Historical, biographical, or narrative material; no Lean theorem target is claimed.
history/biographies/ernst-zermelo.tex	history	section	section	selected	history	-	0	0	yes	417	Ernst Zermelo	-	-	section	1	60	60	417	non_formal_exposition	documentation_scope	-	-	Historical, biographical, or narrative material; no Lean theorem target is claimed.
history/biographies/georg-cantor.tex	history	section	section	selected	history	-	0	0	yes	310	Georg Cantor	-	-	section	1	50	50	310	non_formal_exposition	documentation_scope	-	-	Historical, biographical, or narrative material; no Lean theorem target is claimed.
history/biographies/gerhard-gentzen.tex	history	section	section	selected	history	-	0	0	yes	473	Gerhard Gentzen	-	-	section	1	65	65	473	non_formal_exposition	documentation_scope	-	-	Historical, biographical, or narrative material; no Lean theorem target is claimed.
history/biographies/julia-robinson.tex	history	section	section	selected	history	-	0	0	yes	748	Julia Robinson	-	-	section	1	93	93	748	non_formal_exposition	documentation_scope	-	-	Historical, biographical, or narrative material; no Lean theorem target is claimed.
history/biographies/kurt-goedel.tex	history	section	section	selected	history	-	0	0	yes	585	"Kurt G\""odel"	-	-	section	1	81	81	585	non_formal_exposition	documentation_scope	-	-	Historical, biographical, or narrative material; no Lean theorem target is claimed.
history/biographies/rozsa-peter.tex	history	section	section	selected	history	-	0	0	yes	603	R\'ozsa P\'eter	-	-	section	1	77	77	603	non_formal_exposition	documentation_scope	-	-	Historical, biographical, or narrative material; no Lean theorem target is claimed.
history/history.tex	history	part	section	selected	history	-	0	0	yes	24	history	-	-	section	1	16	16	24	structural_container	aggregator	-	-	Part/chapter container with imports or section assembly; substantive child sections are audited separately.
history/set-theory/cantor-plane.tex	history	section	section	selected	history	-	0	0	yes	548	Cantor on the Line and the Plane	thm#thm:cantorplane	-	section	1	80	80	548	missing	none	-	-	Substantive historical mathematics (theorem, definition, or worked analysis) has no active Lean declaration.
history/set-theory/cantor-plane.tex	history	unit	thm#thm:cantorplane	selected	history	-	0	0	yes	548	Cantor on the Line and the Plane	; label=thm:cantorplane	thm:cantorplane	thm#thm:cantorplane	20	22	80	548	missing	none	-	-	Substantive historical mathematics (theorem, definition, or worked analysis) has no active Lean declaration.
history/set-theory/hilbert-curve.tex	history	section	section	selected	history	-	0	0	yes	1375	Appendix: Hilbert's Space-filling Curves	defn	-	section	1	150	150	1375	missing	none	-	-	Substantive historical mathematics (theorem, definition, or worked analysis) has no active Lean declaration.
history/set-theory/hilbert-curve.tex	history	unit	defn#1	selected	history	-	0	0	yes	1375	Appendix: Hilbert's Space-filling Curves	-	1	defn#1	113	115	150	1375	missing	none	-	-	Substantive historical mathematics (theorem, definition, or worked analysis) has no active Lean declaration.
history/set-theory/infinitesimals.tex	history	section	section	selected	history	-	0	0	yes	724	Infinitesimals and Differentiation	-	-	section	1	95	95	724	missing	none	-	-	Substantive historical mathematics (theorem, definition, or worked analysis) has no active Lean declaration.
history/set-theory/limits.tex	history	section	section	selected	history	-	0	0	yes	687	Rigorous Definition of Limits	-	-	section	1	94	94	687	missing	none	-	-	Substantive historical mathematics (theorem, definition, or worked analysis) has no active Lean declaration.
history/set-theory/mythology.tex	history	section	section	selected	history	-	0	0	yes	362	More Myth than History?	-	-	section	1	50	50	362	non_formal_exposition	documentation_scope	-	-	Historical, biographical, or narrative material; no Lean theorem target is claimed.
history/set-theory/pathologies.tex	history	section	section	selected	history	-	0	0	yes	878	Pathologies	-	-	section	1	109	109	878	missing	none	-	-	Substantive historical mathematics (theorem, definition, or worked analysis) has no active Lean declaration.
history/set-theory/set-theory.tex	history	chapter	section	selected	history	-	0	0	yes	56	set-theory	-	-	section	1	23	23	56	structural_container	aggregator	-	-	Part/chapter container with imports or section assembly; substantive child sections are audited separately.
incompleteness/arithmetization-syntax/arithmetization-syntax.tex	incompleteness	chapter	section	selected	incompleteness	-	0	0	yes	67	arithmetization-syntax	-	-	section	1	39	39	67	structural_container	aggregator	-	-	Part/chapter container with imports or section assembly; substantive child sections are audited separately.
incompleteness/arithmetization-syntax/coding-formulas.tex	incompleteness	section	section	selected	incompleteness	-	0	0	yes	454	Coding {P	prop; prop#prop:frm-primrec; prob; prop#prop:freeocc-primrec; prob; prop	-	section	1	94	94	454	missing	none	-	-	No active declaration covers this arithmetization, representability, provability, or incompleteness result.
incompleteness/arithmetization-syntax/coding-formulas.tex	incompleteness	unit	prop#1	selected	incompleteness	-	0	0	yes	454	Coding {P	-	1	prop#1	78	81	94	454	missing	none	-	-	No active declaration covers this arithmetization, representability, provability, or incompleteness result.
incompleteness/arithmetization-syntax/coding-formulas.tex	incompleteness	unit	prop#prop:frm-primrec	selected	incompleteness	-	0	0	yes	454	Coding {P	; label=prop:frm-primrec	prop:frm-primrec	prop#prop:frm-primrec	78	81	94	454	missing	none	-	-	No active declaration covers this arithmetization, representability, provability, or incompleteness result.
incompleteness/arithmetization-syntax/coding-formulas.tex	incompleteness	unit	prob#3	selected	incompleteness	-	0	0	yes	454	Coding {P	-	3	prob#3	78	81	94	454	missing	none	-	-	No active declaration covers this arithmetization, representability, provability, or incompleteness result.
incompleteness/arithmetization-syntax/coding-formulas.tex	incompleteness	unit	prop#prop:freeocc-primrec	selected	incompleteness	-	0	0	yes	454	Coding {P	; label=prop:freeocc-primrec	prop:freeocc-primrec	prop#prop:freeocc-primrec	78	81	94	454	missing	none	-	-	No active declaration covers this arithmetization, representability, provability, or incompleteness result.
incompleteness/arithmetization-syntax/coding-formulas.tex	incompleteness	unit	prob#5	selected	incompleteness	-	0	0	yes	454	Coding {P	-	5	prob#5	78	81	94	454	missing	none	-	-	No active declaration covers this arithmetization, representability, provability, or incompleteness result.
incompleteness/arithmetization-syntax/coding-formulas.tex	incompleteness	unit	prop#6	selected	incompleteness	-	0	0	yes	454	Coding {P	-	6	prop#6	78	81	94	454	missing	none	-	-	No active declaration covers this arithmetization, representability, provability, or incompleteness result.
incompleteness/arithmetization-syntax/coding-symbols.tex	incompleteness	section	section	selected	incompleteness	-	0	0	yes	794	Coding Symbols	defn; prop; defn; ex	-	section	1	112	112	794	missing	none	-	-	No active declaration covers this arithmetization, representability, provability, or incompleteness result.
incompleteness/arithmetization-syntax/coding-symbols.tex	incompleteness	unit	defn#1	selected	incompleteness	-	0	0	yes	794	Coding Symbols	-	1	defn#1	83	109	112	794	missing	none	-	-	No active declaration covers this arithmetization, representability, provability, or incompleteness result.
incompleteness/arithmetization-syntax/coding-symbols.tex	incompleteness	unit	prop#2	selected	incompleteness	-	0	0	yes	794	Coding Symbols	-	2	prop#2	83	109	112	794	missing	none	-	-	No active declaration covers this arithmetization, representability, provability, or incompleteness result.
incompleteness/arithmetization-syntax/coding-symbols.tex	incompleteness	unit	defn#3	selected	incompleteness	-	0	0	yes	794	Coding Symbols	-	3	defn#3	83	109	112	794	missing	none	-	-	No active declaration covers this arithmetization, representability, provability, or incompleteness result.
incompleteness/arithmetization-syntax/coding-symbols.tex	incompleteness	unit	ex#4	selected	incompleteness	-	0	0	yes	794	Coding Symbols	-	4	ex#4	83	109	112	794	missing	none	-	-	No active declaration covers this arithmetization, representability, provability, or incompleteness result.
incompleteness/arithmetization-syntax/coding-terms.tex	incompleteness	section	section	selected	incompleteness	-	0	0	yes	823	Coding Terms	prop#prop:term-primrec; prob; prop#prop:num-primrec	-	section	1	114	114	823	missing	none	-	-	No active declaration covers this arithmetization, representability, provability, or incompleteness result.
incompleteness/arithmetization-syntax/coding-terms.tex	incompleteness	unit	prop#prop:term-primrec	selected	incompleteness	-	0	0	yes	823	Coding Terms	; label=prop:term-primrec	prop:term-primrec	prop#prop:term-primrec	101	103	114	823	missing	none	-	-	No active declaration covers this arithmetization, representability, provability, or incompleteness result.
incompleteness/arithmetization-syntax/coding-terms.tex	incompleteness	unit	prob#2	selected	incompleteness	-	0	0	yes	823	Coding Terms	-	2	prob#2	101	103	114	823	missing	none	-	-	No active declaration covers this arithmetization, representability, provability, or incompleteness result.
incompleteness/arithmetization-syntax/coding-terms.tex	incompleteness	unit	prop#prop:num-primrec	selected	incompleteness	-	0	0	yes	823	Coding Terms	; label=prop:num-primrec	prop:num-primrec	prop#prop:num-primrec	101	103	114	823	missing	none	-	-	No active declaration covers this arithmetization, representability, provability, or incompleteness result.
incompleteness/arithmetization-syntax/introduction.tex	incompleteness	section	section	selected	incompleteness	-	0	0	yes	824	Introduction	-	-	section	1	93	93	824	missing	none	-	-	No active declaration covers this arithmetization, representability, provability, or incompleteness result.
incompleteness/arithmetization-syntax/proofs-in-ax.tex	incompleteness	section	section	selected	incompleteness	-	0	0	yes	1615	Axiomatic {P	defn; ex; derivation; prop#prop:followsby; prob; prop	-	section	1	217	217	1615	missing	none	-	-	No active declaration covers this arithmetization, representability, provability, or incompleteness result.
incompleteness/arithmetization-syntax/proofs-in-ax.tex	incompleteness	unit	defn#1	selected	incompleteness	-	0	0	yes	1615	Axiomatic {P	-	1	defn#1	162	167	217	1615	missing	none	-	-	No active declaration covers this arithmetization, representability, provability, or incompleteness result.
incompleteness/arithmetization-syntax/proofs-in-ax.tex	incompleteness	unit	ex#2	selected	incompleteness	-	0	0	yes	1615	Axiomatic {P	-	2	ex#2	162	167	217	1615	missing	none	-	-	No active declaration covers this arithmetization, representability, provability, or incompleteness result.
incompleteness/arithmetization-syntax/proofs-in-ax.tex	incompleteness	unit	derivation#3	selected	incompleteness	-	0	0	yes	1615	Axiomatic {P	-	3	derivation#3	162	167	217	1615	missing	none	-	-	No active declaration covers this arithmetization, representability, provability, or incompleteness result.
incompleteness/arithmetization-syntax/proofs-in-ax.tex	incompleteness	unit	prop#prop:followsby	selected	incompleteness	-	0	0	yes	1615	Axiomatic {P	; label=prop:followsby	prop:followsby	prop#prop:followsby	162	167	217	1615	missing	none	-	-	No active declaration covers this arithmetization, representability, provability, or incompleteness result.
incompleteness/arithmetization-syntax/proofs-in-ax.tex	incompleteness	unit	prob#5	selected	incompleteness	-	0	0	yes	1615	Axiomatic {P	-	5	prob#5	162	167	217	1615	missing	none	-	-	No active declaration covers this arithmetization, representability, provability, or incompleteness result.
incompleteness/arithmetization-syntax/proofs-in-ax.tex	incompleteness	unit	prop#6	selected	incompleteness	-	0	0	yes	1615	Axiomatic {P	-	6	prop#6	162	167	217	1615	missing	none	-	-	No active declaration covers this arithmetization, representability, provability, or incompleteness result.
incompleteness/arithmetization-syntax/proofs-in-lk.tex	incompleteness	section	section	selected	incompleteness	-	0	0	yes	1865	{P	defn; ex; prop#prop:followsby; prob; prop#prop:deriv; prop	-	section	1	287	287	1865	missing	none	-	-	No active declaration covers this arithmetization, representability, provability, or incompleteness result.
incompleteness/arithmetization-syntax/proofs-in-lk.tex	incompleteness	unit	defn#1	selected	incompleteness	-	0	0	yes	1865	{P	-	1	defn#1	251	257	287	1865	missing	none	-	-	No active declaration covers this arithmetization, representability, provability, or incompleteness result.
incompleteness/arithmetization-syntax/proofs-in-lk.tex	incompleteness	unit	ex#2	selected	incompleteness	-	0	0	yes	1865	{P	-	2	ex#2	251	257	287	1865	missing	none	-	-	No active declaration covers this arithmetization, representability, provability, or incompleteness result.
incompleteness/arithmetization-syntax/proofs-in-lk.tex	incompleteness	unit	prop#prop:followsby	selected	incompleteness	-	0	0	yes	1865	{P	; label=prop:followsby	prop:followsby	prop#prop:followsby	251	257	287	1865	missing	none	-	-	No active declaration covers this arithmetization, representability, provability, or incompleteness result.
incompleteness/arithmetization-syntax/proofs-in-lk.tex	incompleteness	unit	prob#4	selected	incompleteness	-	0	0	yes	1865	{P	-	4	prob#4	251	257	287	1865	missing	none	-	-	No active declaration covers this arithmetization, representability, provability, or incompleteness result.
incompleteness/arithmetization-syntax/proofs-in-lk.tex	incompleteness	unit	prop#prop:deriv	selected	incompleteness	-	0	0	yes	1865	{P	; label=prop:deriv	prop:deriv	prop#prop:deriv	251	257	287	1865	missing	none	-	-	No active declaration covers this arithmetization, representability, provability, or incompleteness result.
incompleteness/arithmetization-syntax/proofs-in-lk.tex	incompleteness	unit	prop#6	selected	incompleteness	-	0	0	yes	1865	{P	-	6	prop#6	251	257	287	1865	missing	none	-	-	No active declaration covers this arithmetization, representability, provability, or incompleteness result.
incompleteness/arithmetization-syntax/proofs-in-nd.tex	incompleteness	section	section	selected	incompleteness	-	0	0	yes	2229	{P	defn; ex; prop; prop#prop:followsby; prob; prop#prop:deriv; prop#prop:openassum; prop#prop:prf-prim-rec	-	section	1	334	334	2229	missing	none	-	-	No active declaration covers this arithmetization, representability, provability, or incompleteness result.
incompleteness/arithmetization-syntax/proofs-in-nd.tex	incompleteness	unit	defn#1	selected	incompleteness	-	0	0	yes	2229	{P	-	1	defn#1	305	312	334	2229	missing	none	-	-	No active declaration covers this arithmetization, representability, provability, or incompleteness result.
incompleteness/arithmetization-syntax/proofs-in-nd.tex	incompleteness	unit	ex#2	selected	incompleteness	-	0	0	yes	2229	{P	-	2	ex#2	305	312	334	2229	missing	none	-	-	No active declaration covers this arithmetization, representability, provability, or incompleteness result.
incompleteness/arithmetization-syntax/proofs-in-nd.tex	incompleteness	unit	prop#3	selected	incompleteness	-	0	0	yes	2229	{P	-	3	prop#3	305	312	334	2229	missing	none	-	-	No active declaration covers this arithmetization, representability, provability, or incompleteness result.
incompleteness/arithmetization-syntax/proofs-in-nd.tex	incompleteness	unit	prop#prop:followsby	selected	incompleteness	-	0	0	yes	2229	{P	; label=prop:followsby	prop:followsby	prop#prop:followsby	305	312	334	2229	missing	none	-	-	No active declaration covers this arithmetization, representability, provability, or incompleteness result.
incompleteness/arithmetization-syntax/proofs-in-nd.tex	incompleteness	unit	prob#5	selected	incompleteness	-	0	0	yes	2229	{P	-	5	prob#5	305	312	334	2229	missing	none	-	-	No active declaration covers this arithmetization, representability, provability, or incompleteness result.
incompleteness/arithmetization-syntax/proofs-in-nd.tex	incompleteness	unit	prop#prop:deriv	selected	incompleteness	-	0	0	yes	2229	{P	; label=prop:deriv	prop:deriv	prop#prop:deriv	305	312	334	2229	missing	none	-	-	No active declaration covers this arithmetization, representability, provability, or incompleteness result.
incompleteness/arithmetization-syntax/proofs-in-nd.tex	incompleteness	unit	prop#prop:openassum	selected	incompleteness	-	0	0	yes	2229	{P	; label=prop:openassum	prop:openassum	prop#prop:openassum	305	312	334	2229	missing	none	-	-	No active declaration covers this arithmetization, representability, provability, or incompleteness result.
incompleteness/arithmetization-syntax/proofs-in-nd.tex	incompleteness	unit	prop#prop:prf-prim-rec	selected	incompleteness	-	0	0	yes	2229	{P	; label=prop:prf-prim-rec	prop:prf-prim-rec	prop#prop:prf-prim-rec	305	312	334	2229	missing	none	-	-	No active declaration covers this arithmetization, representability, provability, or incompleteness result.
incompleteness/arithmetization-syntax/substitution.tex	incompleteness	section	section	selected	incompleteness	-	0	0	yes	257	Substitution	prop#prop:subst-primrec; prop#prop:free-for; prob	-	section	1	57	57	257	missing	none	-	-	No active declaration covers this arithmetization, representability, provability, or incompleteness result.
incompleteness/arithmetization-syntax/substitution.tex	incompleteness	unit	prop#prop:subst-primrec	selected	incompleteness	-	0	0	yes	257	Substitution	; label=prop:subst-primrec	prop:subst-primrec	prop#prop:subst-primrec	52	54	57	257	missing	none	-	-	No active declaration covers this arithmetization, representability, provability, or incompleteness result.
incompleteness/arithmetization-syntax/substitution.tex	incompleteness	unit	prop#prop:free-for	selected	incompleteness	-	0	0	yes	257	Substitution	; label=prop:free-for	prop:free-for	prop#prop:free-for	52	54	57	257	missing	none	-	-	No active declaration covers this arithmetization, representability, provability, or incompleteness result.
incompleteness/arithmetization-syntax/substitution.tex	incompleteness	unit	prob#3	selected	incompleteness	-	0	0	yes	257	Substitution	-	3	prob#3	52	54	57	257	missing	none	-	-	No active declaration covers this arithmetization, representability, provability, or incompleteness result.
incompleteness/incompleteness-provability/first-incompleteness-thm.tex	incompleteness	section	section	selected	incompleteness	-	0	0	yes	1003	The First Incompleteness Theorem	lem#lem:cons-G-unprov; defn#thm:oconsis-q; lem#lem:omega-cons-G-unref; prob; thm#thm:first-incompleteness	-	section	1	129	129	1003	missing	none	-	-	No active declaration covers this arithmetization, representability, provability, or incompleteness result.
incompleteness/incompleteness-provability/first-incompleteness-thm.tex	incompleteness	unit	lem#lem:cons-G-unprov	selected	incompleteness	-	0	0	yes	1003	The First Incompleteness Theorem	; label=lem:cons-G-unprov	lem:cons-G-unprov	lem#lem:cons-G-unprov	114	118	129	1003	missing	none	-	-	No active declaration covers this arithmetization, representability, provability, or incompleteness result.
incompleteness/incompleteness-provability/first-incompleteness-thm.tex	incompleteness	unit	defn#thm:oconsis-q	selected	incompleteness	-	0	0	yes	1003	The First Incompleteness Theorem	; label=thm:oconsis-q	thm:oconsis-q	defn#thm:oconsis-q	114	118	129	1003	missing	none	-	-	No active declaration covers this arithmetization, representability, provability, or incompleteness result.
incompleteness/incompleteness-provability/first-incompleteness-thm.tex	incompleteness	unit	lem#lem:omega-cons-G-unref	selected	incompleteness	-	0	0	yes	1003	The First Incompleteness Theorem	; label=lem:omega-cons-G-unref	lem:omega-cons-G-unref	lem#lem:omega-cons-G-unref	114	118	129	1003	missing	none	-	-	No active declaration covers this arithmetization, representability, provability, or incompleteness result.
incompleteness/incompleteness-provability/first-incompleteness-thm.tex	incompleteness	unit	prob#4	selected	incompleteness	-	0	0	yes	1003	The First Incompleteness Theorem	-	4	prob#4	114	118	129	1003	missing	none	-	-	No active declaration covers this arithmetization, representability, provability, or incompleteness result.
incompleteness/incompleteness-provability/first-incompleteness-thm.tex	incompleteness	unit	thm#thm:first-incompleteness	selected	incompleteness	-	0	0	yes	1003	The First Incompleteness Theorem	; label=thm:first-incompleteness	thm:first-incompleteness	thm#thm:first-incompleteness	114	118	129	1003	missing	none	-	-	No active declaration covers this arithmetization, representability, provability, or incompleteness result.
incompleteness/incompleteness-provability/fixed-point-lemma.tex	incompleteness	section	section	selected	incompleteness	-	0	0	yes	1081	The Fixed-Point Lemma	lem#lem:fixed-point; prob	-	section	1	141	141	1081	missing	none	-	-	No active declaration covers this arithmetization, representability, provability, or incompleteness result.
incompleteness/incompleteness-provability/fixed-point-lemma.tex	incompleteness	unit	lem#lem:fixed-point	selected	incompleteness	-	0	0	yes	1081	The Fixed-Point Lemma	; label=lem:fixed-point	lem:fixed-point	lem#lem:fixed-point	134	138	141	1081	missing	none	-	-	No active declaration covers this arithmetization, representability, provability, or incompleteness result.
incompleteness/incompleteness-provability/fixed-point-lemma.tex	incompleteness	unit	prob#2	selected	incompleteness	-	0	0	yes	1081	The Fixed-Point Lemma	-	2	prob#2	134	138	141	1081	missing	none	-	-	No active declaration covers this arithmetization, representability, provability, or incompleteness result.
incompleteness/incompleteness-provability/godels-paper.tex	incompleteness	section	section	selected	incompleteness	-	0	0	yes	217	"Comparison with G\""odel's Original Paper"	-	-	section	1	31	31	217	missing	none	-	-	No active declaration covers this arithmetization, representability, provability, or incompleteness result.
incompleteness/incompleteness-provability/incompleteness-provability.tex	incompleteness	chapter	section	selected	incompleteness	-	0	0	yes	51	incompleteness-provability	-	-	section	1	31	31	51	structural_container	aggregator	-	-	Part/chapter container with imports or section assembly; substantive child sections are audited separately.
incompleteness/incompleteness-provability/introduction.tex	incompleteness	section	section	selected	incompleteness	-	0	0	yes	727	Introduction	lem	-	section	1	95	95	727	missing	none	-	-	No active declaration covers this arithmetization, representability, provability, or incompleteness result.
incompleteness/incompleteness-provability/introduction.tex	incompleteness	unit	lem#1	selected	incompleteness	-	0	0	yes	727	Introduction	-	1	lem#1	65	69	95	727	missing	none	-	-	No active declaration covers this arithmetization, representability, provability, or incompleteness result.
incompleteness/incompleteness-provability/lob-thm.tex	incompleteness	section	section	selected	incompleteness	-	0	0	yes	1280	"L\""ob's Theorem"	thm#thm:lob; prob	-	section	1	154	154	1280	missing	none	-	-	No active declaration covers this arithmetization, representability, provability, or incompleteness result.
incompleteness/incompleteness-provability/lob-thm.tex	incompleteness	unit	thm#thm:lob	selected	incompleteness	-	0	0	yes	1280	"L\""ob's Theorem"	; label=thm:lob	thm:lob	thm#thm:lob	140	151	154	1280	missing	none	-	-	No active declaration covers this arithmetization, representability, provability, or incompleteness result.
incompleteness/incompleteness-provability/lob-thm.tex	incompleteness	unit	prob#2	selected	incompleteness	-	0	0	yes	1280	"L\""ob's Theorem"	-	2	prob#2	140	151	154	1280	missing	none	-	-	No active declaration covers this arithmetization, representability, provability, or incompleteness result.
incompleteness/incompleteness-provability/provability-conditions.tex	incompleteness	section	section	selected	incompleteness	-	0	0	yes	567	The {S	-	-	section	1	79	79	567	missing	none	-	-	No active declaration covers this arithmetization, representability, provability, or incompleteness result.
incompleteness/incompleteness-provability/rosser-thm.tex	incompleteness	section	section	selected	incompleteness	-	0	0	yes	1216	Rosser's Theorem	thm#thm:rosser; prob	-	section	1	137	137	1216	missing	none	-	-	No active declaration covers this arithmetization, representability, provability, or incompleteness result.
incompleteness/incompleteness-provability/rosser-thm.tex	incompleteness	unit	thm#thm:rosser	selected	incompleteness	-	0	0	yes	1216	Rosser's Theorem	; label=thm:rosser	thm:rosser	thm#thm:rosser	124	134	137	1216	missing	none	-	-	No active declaration covers this arithmetization, representability, provability, or incompleteness result.
incompleteness/incompleteness-provability/rosser-thm.tex	incompleteness	unit	prob#2	selected	incompleteness	-	0	0	yes	1216	Rosser's Theorem	-	2	prob#2	124	134	137	1216	missing	none	-	-	No active declaration covers this arithmetization, representability, provability, or incompleteness result.
incompleteness/incompleteness-provability/second-incompleteness-thm.tex	incompleteness	section	section	selected	incompleteness	-	0	0	yes	956	The Second Incompleteness Theorem	thm#thm:second-incompleteness; thm#thm:second-incompleteness-gen; prob	-	section	1	129	129	956	missing	none	-	-	No active declaration covers this arithmetization, representability, provability, or incompleteness result.
incompleteness/incompleteness-provability/second-incompleteness-thm.tex	incompleteness	unit	thm#thm:second-incompleteness	selected	incompleteness	-	0	0	yes	956	The Second Incompleteness Theorem	; label=thm:second-incompleteness	thm:second-incompleteness	thm#thm:second-incompleteness	105	107	129	956	missing	none	-	-	No active declaration covers this arithmetization, representability, provability, or incompleteness result.
incompleteness/incompleteness-provability/second-incompleteness-thm.tex	incompleteness	unit	thm#thm:second-incompleteness-gen	selected	incompleteness	-	0	0	yes	956	The Second Incompleteness Theorem	; label=thm:second-incompleteness-gen	thm:second-incompleteness-gen	thm#thm:second-incompleteness-gen	105	107	129	956	missing	none	-	-	No active declaration covers this arithmetization, representability, provability, or incompleteness result.
incompleteness/incompleteness-provability/second-incompleteness-thm.tex	incompleteness	unit	prob#3	selected	incompleteness	-	0	0	yes	956	The Second Incompleteness Theorem	-	3	prob#3	105	107	129	956	missing	none	-	-	No active declaration covers this arithmetization, representability, provability, or incompleteness result.
incompleteness/incompleteness-provability/tarski-thm.tex	incompleteness	section	section	selected	incompleteness	-	0	0	yes	756	The Undefinability of Truth	defn; lem; lem; prob; thm#thm:tarski	-	section	1	118	118	756	missing	none	-	-	No active declaration covers this arithmetization, representability, provability, or incompleteness result.
incompleteness/incompleteness-provability/tarski-thm.tex	incompleteness	unit	defn#1	selected	incompleteness	-	0	0	yes	756	The Undefinability of Truth	-	1	defn#1	82	85	118	756	missing	none	-	-	No active declaration covers this arithmetization, representability, provability, or incompleteness result.
incompleteness/incompleteness-provability/tarski-thm.tex	incompleteness	unit	lem#2	selected	incompleteness	-	0	0	yes	756	The Undefinability of Truth	-	2	lem#2	82	85	118	756	missing	none	-	-	No active declaration covers this arithmetization, representability, provability, or incompleteness result.
incompleteness/incompleteness-provability/tarski-thm.tex	incompleteness	unit	lem#3	selected	incompleteness	-	0	0	yes	756	The Undefinability of Truth	-	3	lem#3	82	85	118	756	missing	none	-	-	No active declaration covers this arithmetization, representability, provability, or incompleteness result.
incompleteness/incompleteness-provability/tarski-thm.tex	incompleteness	unit	prob#4	selected	incompleteness	-	0	0	yes	756	The Undefinability of Truth	-	4	prob#4	82	85	118	756	missing	none	-	-	No active declaration covers this arithmetization, representability, provability, or incompleteness result.
incompleteness/incompleteness-provability/tarski-thm.tex	incompleteness	unit	thm#thm:tarski	selected	incompleteness	-	0	0	yes	756	The Undefinability of Truth	; label=thm:tarski	thm:tarski	thm#thm:tarski	82	85	118	756	missing	none	-	-	No active declaration covers this arithmetization, representability, provability, or incompleteness result.
incompleteness/incompleteness.tex	incompleteness	part	section	selected	incompleteness	-	0	0	yes	90	incompleteness	-	-	section	1	29	29	90	structural_container	aggregator	-	-	Part/chapter container with imports or section assembly; substantive child sections are audited separately.
incompleteness/introduction/definitions.tex	incompleteness	section	section	selected	incompleteness	-	0	0	yes	2441	Definitions	defn; defn#def:standard-model; defn; defn; defn; defn; defn; defn; defn; ex; defn; defn; defn	-	section	1	314	314	2441	proved_weaker	manual_fragment_match	FormalOLP/Incompleteness/RobinsonArithmetic.lean	FormalOLP.Incompleteness.QFunction; FormalOLP.Incompleteness.QLanguage; FormalOLP.Incompleteness.QBounded; FormalOLP.Incompleteness.robinsonQ; FormalOLP.Incompleteness.standardNatModel; FormalOLP.Incompleteness.robinsonQ_isSatisfiable	Robinson-Q language, axioms, standard model, and satisfiability are covered; source arithmetization, representability, and incompleteness proofs are absent.
incompleteness/introduction/definitions.tex	incompleteness	unit	defn#1	selected	incompleteness	-	0	0	yes	2441	Definitions	-	1	defn#1	280	289	314	2441	proved_weaker	manual_fragment_match	FormalOLP/Incompleteness/RobinsonArithmetic.lean	FormalOLP.Incompleteness.QFunction; FormalOLP.Incompleteness.QLanguage; FormalOLP.Incompleteness.QBounded; FormalOLP.Incompleteness.robinsonQ; FormalOLP.Incompleteness.standardNatModel; FormalOLP.Incompleteness.robinsonQ_isSatisfiable	Robinson-Q language, axioms, standard model, and satisfiability are covered; source arithmetization, representability, and incompleteness proofs are absent.
incompleteness/introduction/definitions.tex	incompleteness	unit	defn#def:standard-model	selected	incompleteness	-	0	0	yes	2441	Definitions	; label=def:standard-model	def:standard-model	defn#def:standard-model	280	289	314	2441	proved_weaker	manual_fragment_match	FormalOLP/Incompleteness/RobinsonArithmetic.lean	FormalOLP.Incompleteness.QFunction; FormalOLP.Incompleteness.QLanguage; FormalOLP.Incompleteness.QBounded; FormalOLP.Incompleteness.robinsonQ; FormalOLP.Incompleteness.standardNatModel; FormalOLP.Incompleteness.robinsonQ_isSatisfiable	Robinson-Q language, axioms, standard model, and satisfiability are covered; source arithmetization, representability, and incompleteness proofs are absent.
incompleteness/introduction/definitions.tex	incompleteness	unit	defn#3	selected	incompleteness	-	0	0	yes	2441	Definitions	-	3	defn#3	280	289	314	2441	proved_weaker	manual_fragment_match	FormalOLP/Incompleteness/RobinsonArithmetic.lean	FormalOLP.Incompleteness.QFunction; FormalOLP.Incompleteness.QLanguage; FormalOLP.Incompleteness.QBounded; FormalOLP.Incompleteness.robinsonQ; FormalOLP.Incompleteness.standardNatModel; FormalOLP.Incompleteness.robinsonQ_isSatisfiable	Robinson-Q language, axioms, standard model, and satisfiability are covered; source arithmetization, representability, and incompleteness proofs are absent.
incompleteness/introduction/definitions.tex	incompleteness	unit	defn#4	selected	incompleteness	-	0	0	yes	2441	Definitions	-	4	defn#4	280	289	314	2441	proved_weaker	manual_fragment_match	FormalOLP/Incompleteness/RobinsonArithmetic.lean	FormalOLP.Incompleteness.QFunction; FormalOLP.Incompleteness.QLanguage; FormalOLP.Incompleteness.QBounded; FormalOLP.Incompleteness.robinsonQ; FormalOLP.Incompleteness.standardNatModel; FormalOLP.Incompleteness.robinsonQ_isSatisfiable	Robinson-Q language, axioms, standard model, and satisfiability are covered; source arithmetization, representability, and incompleteness proofs are absent.
incompleteness/introduction/definitions.tex	incompleteness	unit	defn#5	selected	incompleteness	-	0	0	yes	2441	Definitions	-	5	defn#5	280	289	314	2441	proved_weaker	manual_fragment_match	FormalOLP/Incompleteness/RobinsonArithmetic.lean	FormalOLP.Incompleteness.QFunction; FormalOLP.Incompleteness.QLanguage; FormalOLP.Incompleteness.QBounded; FormalOLP.Incompleteness.robinsonQ; FormalOLP.Incompleteness.standardNatModel; FormalOLP.Incompleteness.robinsonQ_isSatisfiable	Robinson-Q language, axioms, standard model, and satisfiability are covered; source arithmetization, representability, and incompleteness proofs are absent.
incompleteness/introduction/definitions.tex	incompleteness	unit	defn#6	selected	incompleteness	-	0	0	yes	2441	Definitions	-	6	defn#6	280	289	314	2441	proved_weaker	manual_fragment_match	FormalOLP/Incompleteness/RobinsonArithmetic.lean	FormalOLP.Incompleteness.QFunction; FormalOLP.Incompleteness.QLanguage; FormalOLP.Incompleteness.QBounded; FormalOLP.Incompleteness.robinsonQ; FormalOLP.Incompleteness.standardNatModel; FormalOLP.Incompleteness.robinsonQ_isSatisfiable	Robinson-Q language, axioms, standard model, and satisfiability are covered; source arithmetization, representability, and incompleteness proofs are absent.
incompleteness/introduction/definitions.tex	incompleteness	unit	defn#7	selected	incompleteness	-	0	0	yes	2441	Definitions	-	7	defn#7	280	289	314	2441	proved_weaker	manual_fragment_match	FormalOLP/Incompleteness/RobinsonArithmetic.lean	FormalOLP.Incompleteness.QFunction; FormalOLP.Incompleteness.QLanguage; FormalOLP.Incompleteness.QBounded; FormalOLP.Incompleteness.robinsonQ; FormalOLP.Incompleteness.standardNatModel; FormalOLP.Incompleteness.robinsonQ_isSatisfiable	Robinson-Q language, axioms, standard model, and satisfiability are covered; source arithmetization, representability, and incompleteness proofs are absent.
incompleteness/introduction/definitions.tex	incompleteness	unit	defn#8	selected	incompleteness	-	0	0	yes	2441	Definitions	-	8	defn#8	280	289	314	2441	proved_weaker	manual_fragment_match	FormalOLP/Incompleteness/RobinsonArithmetic.lean	FormalOLP.Incompleteness.QFunction; FormalOLP.Incompleteness.QLanguage; FormalOLP.Incompleteness.QBounded; FormalOLP.Incompleteness.robinsonQ; FormalOLP.Incompleteness.standardNatModel; FormalOLP.Incompleteness.robinsonQ_isSatisfiable	Robinson-Q language, axioms, standard model, and satisfiability are covered; source arithmetization, representability, and incompleteness proofs are absent.
incompleteness/introduction/definitions.tex	incompleteness	unit	defn#9	selected	incompleteness	-	0	0	yes	2441	Definitions	-	9	defn#9	280	289	314	2441	proved_weaker	manual_fragment_match	FormalOLP/Incompleteness/RobinsonArithmetic.lean	FormalOLP.Incompleteness.QFunction; FormalOLP.Incompleteness.QLanguage; FormalOLP.Incompleteness.QBounded; FormalOLP.Incompleteness.robinsonQ; FormalOLP.Incompleteness.standardNatModel; FormalOLP.Incompleteness.robinsonQ_isSatisfiable	Robinson-Q language, axioms, standard model, and satisfiability are covered; source arithmetization, representability, and incompleteness proofs are absent.
incompleteness/introduction/definitions.tex	incompleteness	unit	ex#10	selected	incompleteness	-	0	0	yes	2441	Definitions	-	10	ex#10	280	289	314	2441	proved_weaker	manual_fragment_match	FormalOLP/Incompleteness/RobinsonArithmetic.lean	FormalOLP.Incompleteness.QFunction; FormalOLP.Incompleteness.QLanguage; FormalOLP.Incompleteness.QBounded; FormalOLP.Incompleteness.robinsonQ; FormalOLP.Incompleteness.standardNatModel; FormalOLP.Incompleteness.robinsonQ_isSatisfiable	Robinson-Q language, axioms, standard model, and satisfiability are covered; source arithmetization, representability, and incompleteness proofs are absent.
incompleteness/introduction/definitions.tex	incompleteness	unit	defn#11	selected	incompleteness	-	0	0	yes	2441	Definitions	-	11	defn#11	280	289	314	2441	proved_weaker	manual_fragment_match	FormalOLP/Incompleteness/RobinsonArithmetic.lean	FormalOLP.Incompleteness.QFunction; FormalOLP.Incompleteness.QLanguage; FormalOLP.Incompleteness.QBounded; FormalOLP.Incompleteness.robinsonQ; FormalOLP.Incompleteness.standardNatModel; FormalOLP.Incompleteness.robinsonQ_isSatisfiable	Robinson-Q language, axioms, standard model, and satisfiability are covered; source arithmetization, representability, and incompleteness proofs are absent.
incompleteness/introduction/definitions.tex	incompleteness	unit	defn#12	selected	incompleteness	-	0	0	yes	2441	Definitions	-	12	defn#12	280	289	314	2441	proved_weaker	manual_fragment_match	FormalOLP/Incompleteness/RobinsonArithmetic.lean	FormalOLP.Incompleteness.QFunction; FormalOLP.Incompleteness.QLanguage; FormalOLP.Incompleteness.QBounded; FormalOLP.Incompleteness.robinsonQ; FormalOLP.Incompleteness.standardNatModel; FormalOLP.Incompleteness.robinsonQ_isSatisfiable	Robinson-Q language, axioms, standard model, and satisfiability are covered; source arithmetization, representability, and incompleteness proofs are absent.
incompleteness/introduction/definitions.tex	incompleteness	unit	defn#13	selected	incompleteness	-	0	0	yes	2441	Definitions	-	13	defn#13	280	289	314	2441	proved_weaker	manual_fragment_match	FormalOLP/Incompleteness/RobinsonArithmetic.lean	FormalOLP.Incompleteness.QFunction; FormalOLP.Incompleteness.QLanguage; FormalOLP.Incompleteness.QBounded; FormalOLP.Incompleteness.robinsonQ; FormalOLP.Incompleteness.standardNatModel; FormalOLP.Incompleteness.robinsonQ_isSatisfiable	Robinson-Q language, axioms, standard model, and satisfiability are covered; source arithmetization, representability, and incompleteness proofs are absent.
incompleteness/introduction/historical-background.tex	incompleteness	section	section	selected	incompleteness	-	0	0	yes	1968	Historical Background	-	-	section	1	224	224	1968	missing	none	-	-	No active declaration covers this arithmetization, representability, provability, or incompleteness result.
incompleteness/introduction/introduction.tex	incompleteness	chapter	section	selected	incompleteness	-	0	0	yes	31	introduction	-	-	section	1	21	21	31	structural_container	aggregator	-	-	Part/chapter container with imports or section assembly; substantive child sections are audited separately.
incompleteness/introduction/overview.tex	incompleteness	section	section	selected	incompleteness	-	0	0	yes	833	Overview of Incompleteness Results	thm	-	section	1	101	101	833	missing	none	-	-	The source states the general first and second incompleteness results; the native Robinson-Q model fragment does not prove them.
incompleteness/introduction/overview.tex	incompleteness	unit	thm#1	selected	incompleteness	-	0	0	yes	833	Overview of Incompleteness Results	-	1	thm#1	33	37	101	833	missing	none	-	-	The source states the general first and second incompleteness results; the native Robinson-Q model fragment does not prove them.
incompleteness/introduction/undecidability.tex	incompleteness	section	section	selected	incompleteness	-	0	0	yes	927	Undecidability and Incompleteness	thm; thm; cor#cor:incompleteness; prob	-	section	1	138	138	927	missing	none	-	-	No active declaration covers this arithmetization, representability, provability, or incompleteness result.
incompleteness/introduction/undecidability.tex	incompleteness	unit	thm#1	selected	incompleteness	-	0	0	yes	927	Undecidability and Incompleteness	-	1	thm#1	112	116	138	927	missing	none	-	-	No active declaration covers this arithmetization, representability, provability, or incompleteness result.
incompleteness/introduction/undecidability.tex	incompleteness	unit	thm#2	selected	incompleteness	-	0	0	yes	927	Undecidability and Incompleteness	-	2	thm#2	112	116	138	927	missing	none	-	-	No active declaration covers this arithmetization, representability, provability, or incompleteness result.
incompleteness/introduction/undecidability.tex	incompleteness	unit	cor#cor:incompleteness	selected	incompleteness	-	0	0	yes	927	Undecidability and Incompleteness	; label=cor:incompleteness	cor:incompleteness	cor#cor:incompleteness	112	116	138	927	missing	none	-	-	No active declaration covers this arithmetization, representability, provability, or incompleteness result.
incompleteness/introduction/undecidability.tex	incompleteness	unit	prob#4	selected	incompleteness	-	0	0	yes	927	Undecidability and Incompleteness	-	4	prob#4	112	116	138	927	missing	none	-	-	No active declaration covers this arithmetization, representability, provability, or incompleteness result.
incompleteness/representability-in-q/basic-representable.tex	incompleteness	section	section	selected	incompleteness	-	0	0	yes	1533	Basic Functions are Representable in~{Q	prop#prop:rep-zero; prop#prop:rep-succ; prop#prop:rep-proj; prob; prop#prop:rep-id; lem#lem:q-proves-neq; prop#prop:rep-add; lem#lem:q-proves-add; prop#prop:rep-mult; lem#lem:q-proves-mult; prob; prob	-	section	1	232	232	1533	missing	none	-	-	No active declaration covers this arithmetization, representability, provability, or incompleteness result.
incompleteness/representability-in-q/basic-representable.tex	incompleteness	unit	prop#prop:rep-zero	selected	incompleteness	-	0	0	yes	1533	Basic Functions are Representable in~{Q	; label=prop:rep-zero	prop:rep-zero	prop#prop:rep-zero	211	214	232	1533	missing	none	-	-	No active declaration covers this arithmetization, representability, provability, or incompleteness result.
incompleteness/representability-in-q/basic-representable.tex	incompleteness	unit	prop#prop:rep-succ	selected	incompleteness	-	0	0	yes	1533	Basic Functions are Representable in~{Q	; label=prop:rep-succ	prop:rep-succ	prop#prop:rep-succ	211	214	232	1533	missing	none	-	-	No active declaration covers this arithmetization, representability, provability, or incompleteness result.
incompleteness/representability-in-q/basic-representable.tex	incompleteness	unit	prop#prop:rep-proj	selected	incompleteness	-	0	0	yes	1533	Basic Functions are Representable in~{Q	; label=prop:rep-proj	prop:rep-proj	prop#prop:rep-proj	211	214	232	1533	missing	none	-	-	No active declaration covers this arithmetization, representability, provability, or incompleteness result.
incompleteness/representability-in-q/basic-representable.tex	incompleteness	unit	prob#4	selected	incompleteness	-	0	0	yes	1533	Basic Functions are Representable in~{Q	-	4	prob#4	211	214	232	1533	missing	none	-	-	No active declaration covers this arithmetization, representability, provability, or incompleteness result.
incompleteness/representability-in-q/basic-representable.tex	incompleteness	unit	prop#prop:rep-id	selected	incompleteness	-	0	0	yes	1533	Basic Functions are Representable in~{Q	; label=prop:rep-id	prop:rep-id	prop#prop:rep-id	211	214	232	1533	missing	none	-	-	No active declaration covers this arithmetization, representability, provability, or incompleteness result.
incompleteness/representability-in-q/basic-representable.tex	incompleteness	unit	lem#lem:q-proves-neq	selected	incompleteness	-	0	0	yes	1533	Basic Functions are Representable in~{Q	; label=lem:q-proves-neq	lem:q-proves-neq	lem#lem:q-proves-neq	211	214	232	1533	missing	none	-	-	No active declaration covers this arithmetization, representability, provability, or incompleteness result.
incompleteness/representability-in-q/basic-representable.tex	incompleteness	unit	prop#prop:rep-add	selected	incompleteness	-	0	0	yes	1533	Basic Functions are Representable in~{Q	; label=prop:rep-add	prop:rep-add	prop#prop:rep-add	211	214	232	1533	missing	none	-	-	No active declaration covers this arithmetization, representability, provability, or incompleteness result.
incompleteness/representability-in-q/basic-representable.tex	incompleteness	unit	lem#lem:q-proves-add	selected	incompleteness	-	0	0	yes	1533	Basic Functions are Representable in~{Q	; label=lem:q-proves-add	lem:q-proves-add	lem#lem:q-proves-add	211	214	232	1533	missing	none	-	-	No active declaration covers this arithmetization, representability, provability, or incompleteness result.
incompleteness/representability-in-q/basic-representable.tex	incompleteness	unit	prop#prop:rep-mult	selected	incompleteness	-	0	0	yes	1533	Basic Functions are Representable in~{Q	; label=prop:rep-mult	prop:rep-mult	prop#prop:rep-mult	211	214	232	1533	missing	none	-	-	No active declaration covers this arithmetization, representability, provability, or incompleteness result.
incompleteness/representability-in-q/basic-representable.tex	incompleteness	unit	lem#lem:q-proves-mult	selected	incompleteness	-	0	0	yes	1533	Basic Functions are Representable in~{Q	; label=lem:q-proves-mult	lem:q-proves-mult	lem#lem:q-proves-mult	211	214	232	1533	missing	none	-	-	No active declaration covers this arithmetization, representability, provability, or incompleteness result.
incompleteness/representability-in-q/basic-representable.tex	incompleteness	unit	prob#11	selected	incompleteness	-	0	0	yes	1533	Basic Functions are Representable in~{Q	-	11	prob#11	211	214	232	1533	missing	none	-	-	No active declaration covers this arithmetization, representability, provability, or incompleteness result.
incompleteness/representability-in-q/basic-representable.tex	incompleteness	unit	prob#12	selected	incompleteness	-	0	0	yes	1533	Basic Functions are Representable in~{Q	-	12	prob#12	211	214	232	1533	missing	none	-	-	No active declaration covers this arithmetization, representability, provability, or incompleteness result.
incompleteness/representability-in-q/beta-function.tex	incompleteness	section	section	selected	incompleteness	-	0	0	yes	1212	The Beta Function Lemma	lem#lem:beta; defn; defn; thm; prob	-	section	1	182	182	1212	missing	none	-	-	No active declaration covers this arithmetization, representability, provability, or incompleteness result.
incompleteness/representability-in-q/beta-function.tex	incompleteness	unit	lem#lem:beta	selected	incompleteness	-	0	0	yes	1212	The Beta Function Lemma	; label=lem:beta	lem:beta	lem#lem:beta	174	179	182	1212	missing	none	-	-	No active declaration covers this arithmetization, representability, provability, or incompleteness result.
incompleteness/representability-in-q/beta-function.tex	incompleteness	unit	defn#2	selected	incompleteness	-	0	0	yes	1212	The Beta Function Lemma	-	2	defn#2	174	179	182	1212	missing	none	-	-	No active declaration covers this arithmetization, representability, provability, or incompleteness result.
incompleteness/representability-in-q/beta-function.tex	incompleteness	unit	defn#3	selected	incompleteness	-	0	0	yes	1212	The Beta Function Lemma	-	3	defn#3	174	179	182	1212	missing	none	-	-	No active declaration covers this arithmetization, representability, provability, or incompleteness result.
incompleteness/representability-in-q/beta-function.tex	incompleteness	unit	thm#4	selected	incompleteness	-	0	0	yes	1212	The Beta Function Lemma	-	4	thm#4	174	179	182	1212	missing	none	-	-	No active declaration covers this arithmetization, representability, provability, or incompleteness result.
incompleteness/representability-in-q/beta-function.tex	incompleteness	unit	prob#5	selected	incompleteness	-	0	0	yes	1212	The Beta Function Lemma	-	5	prob#5	174	179	182	1212	missing	none	-	-	No active declaration covers this arithmetization, representability, provability, or incompleteness result.
incompleteness/representability-in-q/c-representable.tex	incompleteness	section	section	selected	incompleteness	-	0	0	yes	1401	Functions in C are Representable in {Q	lem; lem; lem	-	section	1	189	189	1401	missing	none	-	-	No active declaration covers this arithmetization, representability, provability, or incompleteness result.
incompleteness/representability-in-q/c-representable.tex	incompleteness	unit	lem#1	selected	incompleteness	-	0	0	yes	1401	Functions in C are Representable in {Q	-	1	lem#1	133	141	189	1401	missing	none	-	-	No active declaration covers this arithmetization, representability, provability, or incompleteness result.
incompleteness/representability-in-q/c-representable.tex	incompleteness	unit	lem#2	selected	incompleteness	-	0	0	yes	1401	Functions in C are Representable in {Q	-	2	lem#2	133	141	189	1401	missing	none	-	-	No active declaration covers this arithmetization, representability, provability, or incompleteness result.
incompleteness/representability-in-q/c-representable.tex	incompleteness	unit	lem#3	selected	incompleteness	-	0	0	yes	1401	Functions in C are Representable in {Q	-	3	lem#3	133	141	189	1401	missing	none	-	-	No active declaration covers this arithmetization, representability, provability, or incompleteness result.
incompleteness/representability-in-q/c.tex	incompleteness	section	section	selected	incompleteness	-	0	0	yes	156	The Functions C	-	-	section	1	39	39	156	missing	none	-	-	No active declaration covers this arithmetization, representability, provability, or incompleteness result.
incompleteness/representability-in-q/comp-representable.tex	incompleteness	section	section	selected	incompleteness	-	0	0	yes	424	Computable Functions are Representable in {Q	thm	-	section	1	60	60	424	missing	none	-	-	No active declaration covers this arithmetization, representability, provability, or incompleteness result.
incompleteness/representability-in-q/comp-representable.tex	incompleteness	unit	thm#1	selected	incompleteness	-	0	0	yes	424	Computable Functions are Representable in {Q	-	1	thm#1	12	14	60	424	missing	none	-	-	No active declaration covers this arithmetization, representability, provability, or incompleteness result.
incompleteness/representability-in-q/composition-representable.tex	incompleteness	section	section	selected	incompleteness	-	0	0	yes	637	Composition is Representable in {Q	prop#prop:rep1; prop#prop:rep2; prop#prop:rep-composition; prob	-	section	1	102	102	637	missing	none	-	-	No active declaration covers this arithmetization, representability, provability, or incompleteness result.
incompleteness/representability-in-q/composition-representable.tex	incompleteness	unit	prop#prop:rep1	selected	incompleteness	-	0	0	yes	637	Composition is Representable in {Q	; label=prop:rep1	prop:rep1	prop#prop:rep1	95	99	102	637	missing	none	-	-	No active declaration covers this arithmetization, representability, provability, or incompleteness result.
incompleteness/representability-in-q/composition-representable.tex	incompleteness	unit	prop#prop:rep2	selected	incompleteness	-	0	0	yes	637	Composition is Representable in {Q	; label=prop:rep2	prop:rep2	prop#prop:rep2	95	99	102	637	missing	none	-	-	No active declaration covers this arithmetization, representability, provability, or incompleteness result.
incompleteness/representability-in-q/composition-representable.tex	incompleteness	unit	prop#prop:rep-composition	selected	incompleteness	-	0	0	yes	637	Composition is Representable in {Q	; label=prop:rep-composition	prop:rep-composition	prop#prop:rep-composition	95	99	102	637	missing	none	-	-	No active declaration covers this arithmetization, representability, provability, or incompleteness result.
incompleteness/representability-in-q/composition-representable.tex	incompleteness	unit	prob#4	selected	incompleteness	-	0	0	yes	637	Composition is Representable in {Q	-	4	prob#4	95	99	102	637	missing	none	-	-	No active declaration covers this arithmetization, representability, provability, or incompleteness result.
incompleteness/representability-in-q/introduction.tex	incompleteness	section	section	selected	incompleteness	-	0	0	yes	1028	Introduction	defn#defn:representable-fn; thm#thm:representable-iff-comp	-	section	1	129	129	1028	missing	none	-	-	No active declaration covers this arithmetization, representability, provability, or incompleteness result.
incompleteness/representability-in-q/introduction.tex	incompleteness	unit	defn#defn:representable-fn	selected	incompleteness	-	0	0	yes	1028	Introduction	; label=defn:representable-fn	defn:representable-fn	defn#defn:representable-fn	91	94	129	1028	missing	none	-	-	No active declaration covers this arithmetization, representability, provability, or incompleteness result.
incompleteness/representability-in-q/introduction.tex	incompleteness	unit	thm#thm:representable-iff-comp	selected	incompleteness	-	0	0	yes	1028	Introduction	; label=thm:representable-iff-comp	thm:representable-iff-comp	thm#thm:representable-iff-comp	91	94	129	1028	missing	none	-	-	No active declaration covers this arithmetization, representability, provability, or incompleteness result.
incompleteness/representability-in-q/minimization-representable.tex	incompleteness	section	section	selected	incompleteness	-	0	0	yes	1860	Regular Minimization is Representable in {Q	lem#lem:succ; lem#lem:less-zero; lem#lem:less-nsucc; lem#lem:trichotomy; prop#prop:rep-minimization	-	section	1	245	245	1860	missing	none	-	-	No active declaration covers this arithmetization, representability, provability, or incompleteness result.
incompleteness/representability-in-q/minimization-representable.tex	incompleteness	unit	lem#lem:succ	selected	incompleteness	-	0	0	yes	1860	Regular Minimization is Representable in {Q	; label=lem:succ	lem:succ	lem#lem:succ	196	204	245	1860	missing	none	-	-	No active declaration covers this arithmetization, representability, provability, or incompleteness result.
incompleteness/representability-in-q/minimization-representable.tex	incompleteness	unit	lem#lem:less-zero	selected	incompleteness	-	0	0	yes	1860	Regular Minimization is Representable in {Q	; label=lem:less-zero	lem:less-zero	lem#lem:less-zero	196	204	245	1860	missing	none	-	-	No active declaration covers this arithmetization, representability, provability, or incompleteness result.
incompleteness/representability-in-q/minimization-representable.tex	incompleteness	unit	lem#lem:less-nsucc	selected	incompleteness	-	0	0	yes	1860	Regular Minimization is Representable in {Q	; label=lem:less-nsucc	lem:less-nsucc	lem#lem:less-nsucc	196	204	245	1860	missing	none	-	-	No active declaration covers this arithmetization, representability, provability, or incompleteness result.
incompleteness/representability-in-q/minimization-representable.tex	incompleteness	unit	lem#lem:trichotomy	selected	incompleteness	-	0	0	yes	1860	Regular Minimization is Representable in {Q	; label=lem:trichotomy	lem:trichotomy	lem#lem:trichotomy	196	204	245	1860	missing	none	-	-	No active declaration covers this arithmetization, representability, provability, or incompleteness result.
incompleteness/representability-in-q/minimization-representable.tex	incompleteness	unit	prop#prop:rep-minimization	selected	incompleteness	-	0	0	yes	1860	Regular Minimization is Representable in {Q	; label=prop:rep-minimization	prop:rep-minimization	prop#prop:rep-minimization	196	204	245	1860	missing	none	-	-	No active declaration covers this arithmetization, representability, provability, or incompleteness result.
incompleteness/representability-in-q/prim-rec.tex	incompleteness	section	section	selected	incompleteness	-	0	0	yes	351	Simulating Primitive Recursion	lem#lem:prim-rec	-	section	1	60	60	351	missing	none	-	-	No active declaration covers this arithmetization, representability, provability, or incompleteness result.
incompleteness/representability-in-q/prim-rec.tex	incompleteness	unit	lem#lem:prim-rec	selected	incompleteness	-	0	0	yes	351	Simulating Primitive Recursion	; label=lem:prim-rec	lem:prim-rec	lem#lem:prim-rec	25	31	60	351	missing	none	-	-	No active declaration covers this arithmetization, representability, provability, or incompleteness result.
incompleteness/representability-in-q/representability-in-q.tex	incompleteness	chapter	section	selected	incompleteness	-	0	0	yes	55	representability-in-q	-	-	section	1	35	35	55	structural_container	aggregator	-	-	Part/chapter container with imports or section assembly; substantive child sections are audited separately.
incompleteness/representability-in-q/representable-comp.tex	incompleteness	section	section	selected	incompleteness	-	0	0	yes	865	Functions Representable in {Q	lem#lem:rep-q; lem	-	section	1	114	114	865	missing	none	-	-	No active declaration covers this arithmetization, representability, provability, or incompleteness result.
incompleteness/representability-in-q/representable-comp.tex	incompleteness	unit	lem#lem:rep-q	selected	incompleteness	-	0	0	yes	865	Functions Representable in {Q	; label=lem:rep-q	lem:rep-q	lem#lem:rep-q	50	52	114	865	missing	none	-	-	No active declaration covers this arithmetization, representability, provability, or incompleteness result.
incompleteness/representability-in-q/representable-comp.tex	incompleteness	unit	lem#2	selected	incompleteness	-	0	0	yes	865	Functions Representable in {Q	-	2	lem#2	50	52	114	865	missing	none	-	-	No active declaration covers this arithmetization, representability, provability, or incompleteness result.
incompleteness/representability-in-q/representing-relations.tex	incompleteness	section	section	selected	incompleteness	-	0	0	yes	411	Representing Relations	defn#defn:representing-relations; thm#thm:representing-rels; prob	-	section	1	63	63	411	missing	none	-	-	No active declaration covers this arithmetization, representability, provability, or incompleteness result.
incompleteness/representability-in-q/representing-relations.tex	incompleteness	unit	defn#defn:representing-relations	selected	incompleteness	-	0	0	yes	411	Representing Relations	; label=defn:representing-relations	defn:representing-relations	defn#defn:representing-relations	58	60	63	411	missing	none	-	-	No active declaration covers this arithmetization, representability, provability, or incompleteness result.
incompleteness/representability-in-q/representing-relations.tex	incompleteness	unit	thm#thm:representing-rels	selected	incompleteness	-	0	0	yes	411	Representing Relations	; label=thm:representing-rels	thm:representing-rels	thm#thm:representing-rels	58	60	63	411	missing	none	-	-	No active declaration covers this arithmetization, representability, provability, or incompleteness result.
incompleteness/representability-in-q/representing-relations.tex	incompleteness	unit	prob#3	selected	incompleteness	-	0	0	yes	411	Representing Relations	-	3	prob#3	58	60	63	411	missing	none	-	-	No active declaration covers this arithmetization, representability, provability, or incompleteness result.
incompleteness/representability-in-q/sigma1-completeness.tex	incompleteness	section	section	selected	incompleteness	-	0	0	yes	2047	{_1	defn#defn:bd-quant; defn#defn:delta0-sigma1-pi1-frm; lem#lem:q-proves-clterm-id; prob; lem#lem:atomic-completeness; lem#lem:bounded-quant-equiv; prob; lem#lem:delta0-completeness; prob; thm#thm:sigma1-completeness	-	section	1	301	301	2047	missing	none	-	-	No active declaration covers this arithmetization, representability, provability, or incompleteness result.
incompleteness/representability-in-q/sigma1-completeness.tex	incompleteness	unit	defn#defn:bd-quant	selected	incompleteness	-	0	0	yes	2047	{_1	; label=defn:bd-quant	defn:bd-quant	defn#defn:bd-quant	282	286	301	2047	missing	none	-	-	No active declaration covers this arithmetization, representability, provability, or incompleteness result.
incompleteness/representability-in-q/sigma1-completeness.tex	incompleteness	unit	defn#defn:delta0-sigma1-pi1-frm	selected	incompleteness	-	0	0	yes	2047	{_1	; label=defn:delta0-sigma1-pi1-frm	defn:delta0-sigma1-pi1-frm	defn#defn:delta0-sigma1-pi1-frm	282	286	301	2047	missing	none	-	-	No active declaration covers this arithmetization, representability, provability, or incompleteness result.
incompleteness/representability-in-q/sigma1-completeness.tex	incompleteness	unit	lem#lem:q-proves-clterm-id	selected	incompleteness	-	0	0	yes	2047	{_1	; label=lem:q-proves-clterm-id	lem:q-proves-clterm-id	lem#lem:q-proves-clterm-id	282	286	301	2047	missing	none	-	-	No active declaration covers this arithmetization, representability, provability, or incompleteness result.
incompleteness/representability-in-q/sigma1-completeness.tex	incompleteness	unit	prob#4	selected	incompleteness	-	0	0	yes	2047	{_1	-	4	prob#4	282	286	301	2047	missing	none	-	-	No active declaration covers this arithmetization, representability, provability, or incompleteness result.
incompleteness/representability-in-q/sigma1-completeness.tex	incompleteness	unit	lem#lem:atomic-completeness	selected	incompleteness	-	0	0	yes	2047	{_1	; label=lem:atomic-completeness	lem:atomic-completeness	lem#lem:atomic-completeness	282	286	301	2047	missing	none	-	-	No active declaration covers this arithmetization, representability, provability, or incompleteness result.
incompleteness/representability-in-q/sigma1-completeness.tex	incompleteness	unit	lem#lem:bounded-quant-equiv	selected	incompleteness	-	0	0	yes	2047	{_1	; label=lem:bounded-quant-equiv	lem:bounded-quant-equiv	lem#lem:bounded-quant-equiv	282	286	301	2047	missing	none	-	-	No active declaration covers this arithmetization, representability, provability, or incompleteness result.
incompleteness/representability-in-q/sigma1-completeness.tex	incompleteness	unit	prob#7	selected	incompleteness	-	0	0	yes	2047	{_1	-	7	prob#7	282	286	301	2047	missing	none	-	-	No active declaration covers this arithmetization, representability, provability, or incompleteness result.
incompleteness/representability-in-q/sigma1-completeness.tex	incompleteness	unit	lem#lem:delta0-completeness	selected	incompleteness	-	0	0	yes	2047	{_1	; label=lem:delta0-completeness	lem:delta0-completeness	lem#lem:delta0-completeness	282	286	301	2047	missing	none	-	-	No active declaration covers this arithmetization, representability, provability, or incompleteness result.
incompleteness/representability-in-q/sigma1-completeness.tex	incompleteness	unit	prob#9	selected	incompleteness	-	0	0	yes	2047	{_1	-	9	prob#9	282	286	301	2047	missing	none	-	-	No active declaration covers this arithmetization, representability, provability, or incompleteness result.
incompleteness/representability-in-q/sigma1-completeness.tex	incompleteness	unit	thm#thm:sigma1-completeness	selected	incompleteness	-	0	0	yes	2047	{_1	; label=thm:sigma1-completeness	thm:sigma1-completeness	thm#thm:sigma1-completeness	282	286	301	2047	missing	none	-	-	No active declaration covers this arithmetization, representability, provability, or incompleteness result.
incompleteness/representability-in-q/undecidability.tex	incompleteness	section	section	selected	incompleteness	-	0	0	yes	512	Undecidability	thm; cor	-	section	1	75	75	512	missing	none	-	-	No active declaration covers this arithmetization, representability, provability, or incompleteness result.
incompleteness/representability-in-q/undecidability.tex	incompleteness	unit	thm#1	selected	incompleteness	-	0	0	yes	512	Undecidability	-	1	thm#1	64	66	75	512	missing	none	-	-	No active declaration covers this arithmetization, representability, provability, or incompleteness result.
incompleteness/representability-in-q/undecidability.tex	incompleteness	unit	cor#2	selected	incompleteness	-	0	0	yes	512	Undecidability	-	2	cor#2	64	66	75	512	missing	none	-	-	No active declaration covers this arithmetization, representability, provability, or incompleteness result.
incompleteness/theories-computability/complete-decidable.tex	incompleteness	section	section	selected	incompleteness	-	0	0	yes	230	{S	lem	-	section	1	40	40	230	missing	none	-	-	No active declaration covers this arithmetization, representability, provability, or incompleteness result.
incompleteness/theories-computability/complete-decidable.tex	incompleteness	unit	lem#1	selected	incompleteness	-	0	0	yes	230	{S	-	1	lem#1	16	19	40	230	missing	none	-	-	No active declaration covers this arithmetization, representability, provability, or incompleteness result.
incompleteness/theories-computability/computably-axiomatizable.tex	incompleteness	section	section	selected	incompleteness	-	0	0	yes	200	{S	lem	-	section	1	38	38	200	missing	none	-	-	No active declaration covers this arithmetization, representability, provability, or incompleteness result.
incompleteness/theories-computability/computably-axiomatizable.tex	incompleteness	unit	lem#1	selected	incompleteness	-	0	0	yes	200	{S	-	1	lem#1	20	23	38	200	missing	none	-	-	No active declaration covers this arithmetization, representability, provability, or incompleteness result.
incompleteness/theories-computability/consis-with-q.tex	incompleteness	section	section	selected	incompleteness	-	0	0	yes	376	Theories Consistent with {Q	thm; cor	-	section	1	63	63	376	missing	none	-	-	No active declaration covers this arithmetization, representability, provability, or incompleteness result.
incompleteness/theories-computability/consis-with-q.tex	incompleteness	unit	thm#1	selected	incompleteness	-	0	0	yes	376	Theories Consistent with {Q	-	1	thm#1	51	55	63	376	missing	none	-	-	No active declaration covers this arithmetization, representability, provability, or incompleteness result.
incompleteness/theories-computability/consis-with-q.tex	incompleteness	unit	cor#2	selected	incompleteness	-	0	0	yes	376	Theories Consistent with {Q	-	2	cor#2	51	55	63	376	missing	none	-	-	No active declaration covers this arithmetization, representability, provability, or incompleteness result.
incompleteness/theories-computability/extensions-of-q-not-decidable.tex	incompleteness	section	section	selected	incompleteness	-	0	0	yes	505	Consistent Extensions of {Q	lem; thm; cor	-	section	1	88	88	505	missing	none	-	-	No active declaration covers this arithmetization, representability, provability, or incompleteness result.
incompleteness/theories-computability/extensions-of-q-not-decidable.tex	incompleteness	unit	lem#1	selected	incompleteness	-	0	0	yes	505	Consistent Extensions of {Q	-	1	lem#1	79	81	88	505	missing	none	-	-	No active declaration covers this arithmetization, representability, provability, or incompleteness result.
incompleteness/theories-computability/extensions-of-q-not-decidable.tex	incompleteness	unit	thm#2	selected	incompleteness	-	0	0	yes	505	Consistent Extensions of {Q	-	2	thm#2	79	81	88	505	missing	none	-	-	No active declaration covers this arithmetization, representability, provability, or incompleteness result.
incompleteness/theories-computability/extensions-of-q-not-decidable.tex	incompleteness	unit	cor#3	selected	incompleteness	-	0	0	yes	505	Consistent Extensions of {Q	-	3	cor#3	79	81	88	505	missing	none	-	-	No active declaration covers this arithmetization, representability, provability, or incompleteness result.
incompleteness/theories-computability/first-incompleteness.tex	incompleteness	section	section	selected	incompleteness	-	0	0	yes	248	{Q	thm#thm:first-incompleteness	-	section	1	46	46	248	missing	none	-	-	No active declaration covers this arithmetization, representability, provability, or incompleteness result.
incompleteness/theories-computability/first-incompleteness.tex	incompleteness	unit	thm#thm:first-incompleteness	selected	incompleteness	-	0	0	yes	248	{Q	; label=thm:first-incompleteness	thm:first-incompleteness	thm#thm:first-incompleteness	14	18	46	248	missing	none	-	-	No active declaration covers this arithmetization, representability, provability, or incompleteness result.
incompleteness/theories-computability/inseparability.tex	incompleteness	section	section	selected	incompleteness	-	0	0	yes	242	Sentences Provable and Refutable in {Q	lem	-	section	1	49	49	242	missing	none	-	-	No active declaration covers this arithmetization, representability, provability, or incompleteness result.
incompleteness/theories-computability/inseparability.tex	incompleteness	unit	lem#1	selected	incompleteness	-	0	0	yes	242	Sentences Provable and Refutable in {Q	-	1	lem#1	21	23	49	242	missing	none	-	-	No active declaration covers this arithmetization, representability, provability, or incompleteness result.
incompleteness/theories-computability/interpretability.tex	incompleteness	section	section	selected	incompleteness	-	0	0	yes	445	Theories in which {Q	thm; cor; cor; cor	-	section	1	70	70	445	missing	none	-	-	No active declaration covers this arithmetization, representability, provability, or incompleteness result.
incompleteness/theories-computability/interpretability.tex	incompleteness	unit	thm#1	selected	incompleteness	-	0	0	yes	445	Theories in which {Q	-	1	thm#1	48	51	70	445	missing	none	-	-	No active declaration covers this arithmetization, representability, provability, or incompleteness result.
incompleteness/theories-computability/interpretability.tex	incompleteness	unit	cor#2	selected	incompleteness	-	0	0	yes	445	Theories in which {Q	-	2	cor#2	48	51	70	445	missing	none	-	-	No active declaration covers this arithmetization, representability, provability, or incompleteness result.
incompleteness/theories-computability/interpretability.tex	incompleteness	unit	cor#3	selected	incompleteness	-	0	0	yes	445	Theories in which {Q	-	3	cor#3	48	51	70	445	missing	none	-	-	No active declaration covers this arithmetization, representability, provability, or incompleteness result.
incompleteness/theories-computability/interpretability.tex	incompleteness	unit	cor#4	selected	incompleteness	-	0	0	yes	445	Theories in which {Q	-	4	cor#4	48	51	70	445	missing	none	-	-	No active declaration covers this arithmetization, representability, provability, or incompleteness result.
incompleteness/theories-computability/introduction.tex	incompleteness	section	section	selected	incompleteness	-	0	0	yes	251	Introduction	-	-	section	1	43	43	251	missing	none	-	-	No active declaration covers this arithmetization, representability, provability, or incompleteness result.
incompleteness/theories-computability/oconsis-ext-of-q-undec.tex	incompleteness	section	section	selected	incompleteness	-	0	0	yes	318	-Consistent Extensions of {Q	defn#thm:oconsis-q; thm	-	section	1	51	51	318	missing	none	-	-	No active declaration covers this arithmetization, representability, provability, or incompleteness result.
incompleteness/theories-computability/oconsis-ext-of-q-undec.tex	incompleteness	unit	defn#thm:oconsis-q	selected	incompleteness	-	0	0	yes	318	-Consistent Extensions of {Q	; label=thm:oconsis-q	thm:oconsis-q	defn#thm:oconsis-q	33	36	51	318	missing	none	-	-	No active declaration covers this arithmetization, representability, provability, or incompleteness result.
incompleteness/theories-computability/oconsis-ext-of-q-undec.tex	incompleteness	unit	thm#2	selected	incompleteness	-	0	0	yes	318	-Consistent Extensions of {Q	-	2	thm#2	33	36	51	318	missing	none	-	-	No active declaration covers this arithmetization, representability, provability, or incompleteness result.
incompleteness/theories-computability/q-is-ce.tex	incompleteness	section	section	selected	incompleteness	-	0	0	yes	368	{Q	thm	-	section	1	55	55	368	missing	none	-	-	No active declaration covers this arithmetization, representability, provability, or incompleteness result.
incompleteness/theories-computability/q-is-ce.tex	incompleteness	unit	thm#1	selected	incompleteness	-	0	0	yes	368	{Q	-	1	thm#1	14	17	55	368	missing	none	-	-	No active declaration covers this arithmetization, representability, provability, or incompleteness result.
incompleteness/theories-computability/theories-computability.tex	incompleteness	chapter	section	selected	incompleteness	-	0	0	yes	102	theories-computability	-	-	section	1	40	40	102	structural_container	aggregator	-	-	Part/chapter container with imports or section assembly; substantive child sections are audited separately.
lambda-calculus/church-rosser/beta-eta-reduction.tex	lambda-calculus	section	section	selected	lambda-calculus	-	0	0	yes	244	-reduction	lem#lem:one-par; lem#lem:par-red; lem#lem:str; thm#thm:cr	-	section	1	58	58	244	missing	none	-	-	No active declaration covers this Church–Rosser, definability, or remaining syntax section.
lambda-calculus/church-rosser/beta-eta-reduction.tex	lambda-calculus	unit	lem#lem:one-par	selected	lambda-calculus	-	0	0	yes	244	-reduction	; label=lem:one-par	lem:one-par	lem#lem:one-par	51	53	58	244	missing	none	-	-	No active declaration covers this Church–Rosser, definability, or remaining syntax section.
lambda-calculus/church-rosser/beta-eta-reduction.tex	lambda-calculus	unit	lem#lem:par-red	selected	lambda-calculus	-	0	0	yes	244	-reduction	; label=lem:par-red	lem:par-red	lem#lem:par-red	51	53	58	244	missing	none	-	-	No active declaration covers this Church–Rosser, definability, or remaining syntax section.
lambda-calculus/church-rosser/beta-eta-reduction.tex	lambda-calculus	unit	lem#lem:str	selected	lambda-calculus	-	0	0	yes	244	-reduction	; label=lem:str	lem:str	lem#lem:str	51	53	58	244	missing	none	-	-	No active declaration covers this Church–Rosser, definability, or remaining syntax section.
lambda-calculus/church-rosser/beta-eta-reduction.tex	lambda-calculus	unit	thm#thm:cr	selected	lambda-calculus	-	0	0	yes	244	-reduction	; label=thm:cr	thm:cr	thm#thm:cr	51	53	58	244	missing	none	-	-	No active declaration covers this Church–Rosser, definability, or remaining syntax section.
lambda-calculus/church-rosser/beta-reduction.tex	lambda-calculus	section	section	selected	lambda-calculus	-	0	0	yes	496	-reduction	lem#lem:one-par; lem#lem:par-red; lem#lem:str; thm#thm:cr	-	section	1	79	79	496	missing	none	-	-	No active declaration covers this Church–Rosser, definability, or remaining syntax section.
lambda-calculus/church-rosser/beta-reduction.tex	lambda-calculus	unit	lem#lem:one-par	selected	lambda-calculus	-	0	0	yes	496	-reduction	; label=lem:one-par	lem:one-par	lem#lem:one-par	70	72	79	496	missing	none	-	-	No active declaration covers this Church–Rosser, definability, or remaining syntax section.
lambda-calculus/church-rosser/beta-reduction.tex	lambda-calculus	unit	lem#lem:par-red	selected	lambda-calculus	-	0	0	yes	496	-reduction	; label=lem:par-red	lem:par-red	lem#lem:par-red	70	72	79	496	missing	none	-	-	No active declaration covers this Church–Rosser, definability, or remaining syntax section.
lambda-calculus/church-rosser/beta-reduction.tex	lambda-calculus	unit	lem#lem:str	selected	lambda-calculus	-	0	0	yes	496	-reduction	; label=lem:str	lem:str	lem#lem:str	70	72	79	496	missing	none	-	-	No active declaration covers this Church–Rosser, definability, or remaining syntax section.
lambda-calculus/church-rosser/beta-reduction.tex	lambda-calculus	unit	thm#thm:cr	selected	lambda-calculus	-	0	0	yes	496	-reduction	; label=thm:cr	thm:cr	thm#thm:cr	70	72	79	496	missing	none	-	-	No active declaration covers this Church–Rosser, definability, or remaining syntax section.
lambda-calculus/church-rosser/church-rosser.tex	lambda-calculus	chapter	section	selected	lambda-calculus	-	0	0	yes	44	church-rosser	-	-	section	1	20	20	44	structural_container	aggregator	-	-	Part/chapter container with imports or section assembly; substantive child sections are audited separately.
lambda-calculus/church-rosser/definitions-and-properties.tex	lambda-calculus	section	section	selected	lambda-calculus	-	0	0	yes	626	Definition and Properties	defn[Church--Rosser property, CR]; thm#thm:str	-	section	1	86	86	626	missing	none	-	-	No active declaration covers this Church–Rosser, definability, or remaining syntax section.
lambda-calculus/church-rosser/definitions-and-properties.tex	lambda-calculus	unit	defn#1	selected	lambda-calculus	-	0	0	yes	626	Definition and Properties	optional=Church--Rosser property, CR	1	defn#1	51	55	86	626	missing	none	-	-	No active declaration covers this Church–Rosser, definability, or remaining syntax section.
lambda-calculus/church-rosser/definitions-and-properties.tex	lambda-calculus	unit	thm#thm:str	selected	lambda-calculus	-	0	0	yes	626	Definition and Properties	; label=thm:str	thm:str	thm#thm:str	51	55	86	626	missing	none	-	-	No active declaration covers this Church–Rosser, definability, or remaining syntax section.
lambda-calculus/church-rosser/parallel-beta-eta-reduction.tex	lambda-calculus	section	section	selected	lambda-calculus	-	0	0	yes	525	Parallel -reduction	defn[Parallel $\beta\eta$-reduction, $\beredpar$]#defn:beredpar; thm#thm:refl; prob; defn[$\beta\eta$-complete development]#defn:becd; lem#lem:comp; lem#lem:cont; thm#thm:cr	-	section	1	101	101	525	missing	none	-	-	No active declaration covers this Church–Rosser, definability, or remaining syntax section.
lambda-calculus/church-rosser/parallel-beta-eta-reduction.tex	lambda-calculus	unit	defn#defn:beredpar	selected	lambda-calculus	-	0	0	yes	525	Parallel -reduction	optional=Parallel $\beta\eta$-reduction, $\beredpar$; label=defn:beredpar	defn:beredpar	defn#defn:beredpar	93	95	101	525	missing	none	-	-	No active declaration covers this Church–Rosser, definability, or remaining syntax section.
lambda-calculus/church-rosser/parallel-beta-eta-reduction.tex	lambda-calculus	unit	thm#thm:refl	selected	lambda-calculus	-	0	0	yes	525	Parallel -reduction	; label=thm:refl	thm:refl	thm#thm:refl	93	95	101	525	missing	none	-	-	No active declaration covers this Church–Rosser, definability, or remaining syntax section.
lambda-calculus/church-rosser/parallel-beta-eta-reduction.tex	lambda-calculus	unit	prob#3	selected	lambda-calculus	-	0	0	yes	525	Parallel -reduction	-	3	prob#3	93	95	101	525	missing	none	-	-	No active declaration covers this Church–Rosser, definability, or remaining syntax section.
lambda-calculus/church-rosser/parallel-beta-eta-reduction.tex	lambda-calculus	unit	defn#defn:becd	selected	lambda-calculus	-	0	0	yes	525	Parallel -reduction	optional=$\beta\eta$-complete development; label=defn:becd	defn:becd	defn#defn:becd	93	95	101	525	missing	none	-	-	No active declaration covers this Church–Rosser, definability, or remaining syntax section.
lambda-calculus/church-rosser/parallel-beta-eta-reduction.tex	lambda-calculus	unit	lem#lem:comp	selected	lambda-calculus	-	0	0	yes	525	Parallel -reduction	; label=lem:comp	lem:comp	lem#lem:comp	93	95	101	525	missing	none	-	-	No active declaration covers this Church–Rosser, definability, or remaining syntax section.
lambda-calculus/church-rosser/parallel-beta-eta-reduction.tex	lambda-calculus	unit	lem#lem:cont	selected	lambda-calculus	-	0	0	yes	525	Parallel -reduction	; label=lem:cont	lem:cont	lem#lem:cont	93	95	101	525	missing	none	-	-	No active declaration covers this Church–Rosser, definability, or remaining syntax section.
lambda-calculus/church-rosser/parallel-beta-eta-reduction.tex	lambda-calculus	unit	thm#thm:cr	selected	lambda-calculus	-	0	0	yes	525	Parallel -reduction	; label=thm:cr	thm:cr	thm#thm:cr	93	95	101	525	missing	none	-	-	No active declaration covers this Church–Rosser, definability, or remaining syntax section.
lambda-calculus/church-rosser/parallel-beta-reduction.tex	lambda-calculus	section	section	selected	lambda-calculus	-	0	0	yes	997	Parallel -reduction	defn[parallel $\beta$-reduction, $\bredpar$]#defn:bredpar; thm#thm:refl; prob; defn[$\beta$-complete development]#defn:bcd; lem#lem:comp; prob; lem#lem:cont; prob; thm#thm:cr	-	section	1	157	157	997	missing	none	-	-	No active declaration covers this Church–Rosser, definability, or remaining syntax section.
lambda-calculus/church-rosser/parallel-beta-reduction.tex	lambda-calculus	unit	defn#defn:bredpar	selected	lambda-calculus	-	0	0	yes	997	Parallel -reduction	optional=parallel $\beta$-reduction, $\bredpar$; label=defn:bredpar	defn:bredpar	defn#defn:bredpar	147	149	157	997	missing	none	-	-	No active declaration covers this Church–Rosser, definability, or remaining syntax section.
lambda-calculus/church-rosser/parallel-beta-reduction.tex	lambda-calculus	unit	thm#thm:refl	selected	lambda-calculus	-	0	0	yes	997	Parallel -reduction	; label=thm:refl	thm:refl	thm#thm:refl	147	149	157	997	missing	none	-	-	No active declaration covers this Church–Rosser, definability, or remaining syntax section.
lambda-calculus/church-rosser/parallel-beta-reduction.tex	lambda-calculus	unit	prob#3	selected	lambda-calculus	-	0	0	yes	997	Parallel -reduction	-	3	prob#3	147	149	157	997	missing	none	-	-	No active declaration covers this Church–Rosser, definability, or remaining syntax section.
lambda-calculus/church-rosser/parallel-beta-reduction.tex	lambda-calculus	unit	defn#defn:bcd	selected	lambda-calculus	-	0	0	yes	997	Parallel -reduction	optional=$\beta$-complete development; label=defn:bcd	defn:bcd	defn#defn:bcd	147	149	157	997	missing	none	-	-	No active declaration covers this Church–Rosser, definability, or remaining syntax section.
lambda-calculus/church-rosser/parallel-beta-reduction.tex	lambda-calculus	unit	lem#lem:comp	selected	lambda-calculus	-	0	0	yes	997	Parallel -reduction	; label=lem:comp	lem:comp	lem#lem:comp	147	149	157	997	missing	none	-	-	No active declaration covers this Church–Rosser, definability, or remaining syntax section.
lambda-calculus/church-rosser/parallel-beta-reduction.tex	lambda-calculus	unit	prob#6	selected	lambda-calculus	-	0	0	yes	997	Parallel -reduction	-	6	prob#6	147	149	157	997	missing	none	-	-	No active declaration covers this Church–Rosser, definability, or remaining syntax section.
lambda-calculus/church-rosser/parallel-beta-reduction.tex	lambda-calculus	unit	lem#lem:cont	selected	lambda-calculus	-	0	0	yes	997	Parallel -reduction	; label=lem:cont	lem:cont	lem#lem:cont	147	149	157	997	missing	none	-	-	No active declaration covers this Church–Rosser, definability, or remaining syntax section.
lambda-calculus/church-rosser/parallel-beta-reduction.tex	lambda-calculus	unit	prob#8	selected	lambda-calculus	-	0	0	yes	997	Parallel -reduction	-	8	prob#8	147	149	157	997	missing	none	-	-	No active declaration covers this Church–Rosser, definability, or remaining syntax section.
lambda-calculus/church-rosser/parallel-beta-reduction.tex	lambda-calculus	unit	thm#thm:cr	selected	lambda-calculus	-	0	0	yes	997	Parallel -reduction	; label=thm:cr	thm:cr	thm#thm:cr	147	149	157	997	missing	none	-	-	No active declaration covers this Church–Rosser, definability, or remaining syntax section.
lambda-calculus/introduction/basic-pr-lambda.tex	lambda-calculus	section	section	selected	lambda-calculus	-	0	0	yes	160	The Basic Primitive Recursive Functions are {S	lem	-	section	1	33	33	160	missing	none	-	-	No active declaration covers this Church–Rosser, definability, or remaining syntax section.
lambda-calculus/introduction/basic-pr-lambda.tex	lambda-calculus	unit	lem#1	selected	lambda-calculus	-	0	0	yes	160	The Basic Primitive Recursive Functions are {S	-	1	lem#1	12	14	33	160	missing	none	-	-	No active declaration covers this Church–Rosser, definability, or remaining syntax section.
lambda-calculus/introduction/church-rosser.tex	lambda-calculus	section	section	selected	lambda-calculus	-	0	0	yes	237	The Church--Rosser Property	thm#thm:church-rosser; cor	-	section	1	42	42	237	missing	none	-	-	No active declaration covers this Church–Rosser, definability, or remaining syntax section.
lambda-calculus/introduction/church-rosser.tex	lambda-calculus	unit	thm#thm:church-rosser	selected	lambda-calculus	-	0	0	yes	237	The Church--Rosser Property	; label=thm:church-rosser	thm:church-rosser	thm#thm:church-rosser	18	21	42	237	missing	none	-	-	No active declaration covers this Church–Rosser, definability, or remaining syntax section.
lambda-calculus/introduction/church-rosser.tex	lambda-calculus	unit	cor#2	selected	lambda-calculus	-	0	0	yes	237	The Church--Rosser Property	-	2	cor#2	18	21	42	237	missing	none	-	-	No active declaration covers this Church–Rosser, definability, or remaining syntax section.
lambda-calculus/introduction/composition.tex	lambda-calculus	section	section	selected	lambda-calculus	-	0	0	yes	135	The {S	lem	-	section	1	31	31	135	missing	none	-	-	No active declaration covers this Church–Rosser, definability, or remaining syntax section.
lambda-calculus/introduction/composition.tex	lambda-calculus	unit	lem#1	selected	lambda-calculus	-	0	0	yes	135	The {S	-	1	lem#1	12	14	31	135	missing	none	-	-	No active declaration covers this Church–Rosser, definability, or remaining syntax section.
lambda-calculus/introduction/computable-lambda.tex	lambda-calculus	section	section	selected	lambda-calculus	-	0	0	yes	270	Computable Functions are {S	thm#thm:computable-lambda	-	section	1	42	42	270	missing	none	-	-	No active declaration covers this Church–Rosser, definability, or remaining syntax section.
lambda-calculus/introduction/computable-lambda.tex	lambda-calculus	unit	thm#thm:computable-lambda	selected	lambda-calculus	-	0	0	yes	270	Computable Functions are {S	; label=thm:computable-lambda	thm:computable-lambda	thm#thm:computable-lambda	12	15	42	270	missing	none	-	-	No active declaration covers this Church–Rosser, definability, or remaining syntax section.
lambda-calculus/introduction/currying.tex	lambda-calculus	section	section	selected	lambda-calculus	-	0	0	yes	521	Currying	-	-	section	1	71	71	521	missing	none	-	-	No active declaration covers this Church–Rosser, definability, or remaining syntax section.
lambda-calculus/introduction/fixed-point-combinator.tex	lambda-calculus	section	section	selected	lambda-calculus	-	0	0	yes	185	Fixed-Point Combinators	-	-	section	1	41	41	185	missing	none	-	-	No active declaration covers this Church–Rosser, definability, or remaining syntax section.
lambda-calculus/introduction/introduction.tex	lambda-calculus	chapter	section	selected	lambda-calculus	-	0	0	yes	97	introduction	-	-	section	1	46	46	97	structural_container	aggregator	-	-	Part/chapter container with imports or section assembly; substantive child sections are audited separately.
lambda-calculus/introduction/lambda-computable.tex	lambda-calculus	section	section	selected	lambda-calculus	-	0	0	yes	260	{S	thm#thm:lambda-computable	-	section	1	42	42	260	missing	none	-	-	No active declaration covers this Church–Rosser, definability, or remaining syntax section.
lambda-calculus/introduction/lambda-computable.tex	lambda-calculus	unit	thm#thm:lambda-computable	selected	lambda-calculus	-	0	0	yes	260	{S	; label=thm:lambda-computable	thm:lambda-computable	thm#thm:lambda-computable	12	16	42	260	missing	none	-	-	No active declaration covers this Church–Rosser, definability, or remaining syntax section.
lambda-calculus/introduction/lambda-definability.tex	lambda-calculus	section	section	selected	lambda-calculus	-	0	0	yes	322	{S	defn; defn; thm#thm:lambda-def	-	section	1	55	55	322	missing	none	-	-	No active declaration covers this Church–Rosser, definability, or remaining syntax section.
lambda-calculus/introduction/lambda-definability.tex	lambda-calculus	unit	defn#1	selected	lambda-calculus	-	0	0	yes	322	{S	-	1	defn#1	41	45	55	322	missing	none	-	-	No active declaration covers this Church–Rosser, definability, or remaining syntax section.
lambda-calculus/introduction/lambda-definability.tex	lambda-calculus	unit	defn#2	selected	lambda-calculus	-	0	0	yes	322	{S	-	2	defn#2	41	45	55	322	missing	none	-	-	No active declaration covers this Church–Rosser, definability, or remaining syntax section.
lambda-calculus/introduction/lambda-definability.tex	lambda-calculus	unit	thm#thm:lambda-def	selected	lambda-calculus	-	0	0	yes	322	{S	; label=thm:lambda-def	thm:lambda-def	thm#thm:lambda-def	41	45	55	322	missing	none	-	-	No active declaration covers this Church–Rosser, definability, or remaining syntax section.
lambda-calculus/introduction/minimization.tex	lambda-calculus	section	section	selected	lambda-calculus	-	0	0	yes	411	The {S	lem	-	section	1	70	70	411	missing	none	-	-	No active declaration covers this Church–Rosser, definability, or remaining syntax section.
lambda-calculus/introduction/minimization.tex	lambda-calculus	unit	lem#1	selected	lambda-calculus	-	0	0	yes	411	The {S	-	1	lem#1	12	18	70	411	missing	none	-	-	No active declaration covers this Church–Rosser, definability, or remaining syntax section.
lambda-calculus/introduction/overview.tex	lambda-calculus	section	section	selected	lambda-calculus	-	0	0	yes	525	Overview	-	-	section	1	74	74	525	proved_weaker	manual_fragment_match	FormalOLP/LambdaCalculus/DeBruijn.lean	FormalOLP.LambdaCalculus.Term; FormalOLP.LambdaCalculus.Term.BetaStep	The source overview is about the untyped named calculus; the native typed de Bruijn syntax and beta relation cover only a restricted fragment.
lambda-calculus/introduction/primitive-recursion.tex	lambda-calculus	section	section	selected	lambda-calculus	-	0	0	yes	981	{S	lem; lem	-	section	1	145	145	981	missing	none	-	-	No active declaration covers this Church–Rosser, definability, or remaining syntax section.
lambda-calculus/introduction/primitive-recursion.tex	lambda-calculus	unit	lem#1	selected	lambda-calculus	-	0	0	yes	981	{S	-	1	lem#1	74	76	145	981	missing	none	-	-	No active declaration covers this Church–Rosser, definability, or remaining syntax section.
lambda-calculus/introduction/primitive-recursion.tex	lambda-calculus	unit	lem#2	selected	lambda-calculus	-	0	0	yes	981	{S	-	2	lem#2	74	76	145	981	missing	none	-	-	No active declaration covers this Church–Rosser, definability, or remaining syntax section.
lambda-calculus/introduction/reduction.tex	lambda-calculus	section	section	selected	lambda-calculus	-	0	0	yes	448	Reduction of Lambda Terms	-	-	section	1	76	76	448	missing	none	-	-	No active declaration covers this Church–Rosser, definability, or remaining syntax section.
lambda-calculus/introduction/syntax.tex	lambda-calculus	section	section	selected	lambda-calculus	-	0	0	yes	422	The Syntax of the Lambda Calculus	conv	-	section	1	73	73	422	proved_weaker	manual_fragment_match	FormalOLP/LambdaCalculus/DeBruijn.lean	FormalOLP.LambdaCalculus.Term	Only the typed de Bruijn presentation is covered; ordinary named syntax and alpha-equivalence are absent.
lambda-calculus/introduction/syntax.tex	lambda-calculus	unit	conv#1	selected	lambda-calculus	-	0	0	yes	422	The Syntax of the Lambda Calculus	-	1	conv#1	33	45	73	422	proved_weaker	manual_fragment_match	FormalOLP/LambdaCalculus/DeBruijn.lean	FormalOLP.LambdaCalculus.Term	Only the typed de Bruijn presentation is covered; ordinary named syntax and alpha-equivalence are absent.
lambda-calculus/lambda-calculus.tex	lambda-calculus	part	section	selected	lambda-calculus	-	0	0	yes	95	lambda-calculus	-	-	section	1	28	28	95	structural_container	aggregator	-	-	Part/chapter container with imports or section assembly; substantive child sections are audited separately.
lambda-calculus/lambda-definability/arithmetical-functions.tex	lambda-calculus	section	section	selected	lambda-calculus	-	0	0	yes	848	{S	prop#prop:succ-ld; ex; prob; prop#prop:add-ld; prop#prop:mult-ld; prob	-	section	1	142	142	848	missing	none	-	-	No active declaration covers this Church–Rosser, definability, or remaining syntax section.
lambda-calculus/lambda-definability/arithmetical-functions.tex	lambda-calculus	unit	prop#prop:succ-ld	selected	lambda-calculus	-	0	0	yes	848	{S	; label=prop:succ-ld	prop:succ-ld	prop#prop:succ-ld	117	123	142	848	missing	none	-	-	No active declaration covers this Church–Rosser, definability, or remaining syntax section.
lambda-calculus/lambda-definability/arithmetical-functions.tex	lambda-calculus	unit	ex#2	selected	lambda-calculus	-	0	0	yes	848	{S	-	2	ex#2	117	123	142	848	missing	none	-	-	No active declaration covers this Church–Rosser, definability, or remaining syntax section.
lambda-calculus/lambda-definability/arithmetical-functions.tex	lambda-calculus	unit	prob#3	selected	lambda-calculus	-	0	0	yes	848	{S	-	3	prob#3	117	123	142	848	missing	none	-	-	No active declaration covers this Church–Rosser, definability, or remaining syntax section.
lambda-calculus/lambda-definability/arithmetical-functions.tex	lambda-calculus	unit	prop#prop:add-ld	selected	lambda-calculus	-	0	0	yes	848	{S	; label=prop:add-ld	prop:add-ld	prop#prop:add-ld	117	123	142	848	missing	none	-	-	No active declaration covers this Church–Rosser, definability, or remaining syntax section.
lambda-calculus/lambda-definability/arithmetical-functions.tex	lambda-calculus	unit	prop#prop:mult-ld	selected	lambda-calculus	-	0	0	yes	848	{S	; label=prop:mult-ld	prop:mult-ld	prop#prop:mult-ld	117	123	142	848	missing	none	-	-	No active declaration covers this Church–Rosser, definability, or remaining syntax section.
lambda-calculus/lambda-definability/arithmetical-functions.tex	lambda-calculus	unit	prob#6	selected	lambda-calculus	-	0	0	yes	848	{S	-	6	prob#6	117	123	142	848	missing	none	-	-	No active declaration covers this Church–Rosser, definability, or remaining syntax section.
lambda-calculus/lambda-definability/fixpoints.tex	lambda-calculus	section	section	selected	lambda-calculus	-	0	0	yes	1220	Fixpoints	defn#defn:Turing-Y; thm	-	section	1	177	177	1220	missing	none	-	-	No active declaration covers this Church–Rosser, definability, or remaining syntax section.
lambda-calculus/lambda-definability/fixpoints.tex	lambda-calculus	unit	defn#defn:Turing-Y	selected	lambda-calculus	-	0	0	yes	1220	Fixpoints	; label=defn:Turing-Y	defn:Turing-Y	defn#defn:Turing-Y	73	76	177	1220	missing	none	-	-	No active declaration covers this Church–Rosser, definability, or remaining syntax section.
lambda-calculus/lambda-definability/fixpoints.tex	lambda-calculus	unit	thm#2	selected	lambda-calculus	-	0	0	yes	1220	Fixpoints	-	2	thm#2	73	76	177	1220	missing	none	-	-	No active declaration covers this Church–Rosser, definability, or remaining syntax section.
lambda-calculus/lambda-definability/introduction.tex	lambda-calculus	section	section	selected	lambda-calculus	-	0	0	yes	622	Introduction	defn; defn	-	section	1	84	84	622	missing	none	-	-	No active declaration covers this Church–Rosser, definability, or remaining syntax section.
lambda-calculus/lambda-definability/introduction.tex	lambda-calculus	unit	defn#1	selected	lambda-calculus	-	0	0	yes	622	Introduction	-	1	defn#1	61	71	84	622	missing	none	-	-	No active declaration covers this Church–Rosser, definability, or remaining syntax section.
lambda-calculus/lambda-definability/introduction.tex	lambda-calculus	unit	defn#2	selected	lambda-calculus	-	0	0	yes	622	Introduction	-	2	defn#2	61	71	84	622	missing	none	-	-	No active declaration covers this Church–Rosser, definability, or remaining syntax section.
lambda-calculus/lambda-definability/lambda-definability.tex	lambda-calculus	chapter	section	selected	lambda-calculus	-	0	0	yes	78	lambda-definability	-	-	section	1	30	30	78	structural_container	aggregator	-	-	Part/chapter container with imports or section assembly; substantive child sections are audited separately.
lambda-calculus/lambda-definability/lambda-definable-recursive.tex	lambda-calculus	section	section	selected	lambda-calculus	-	0	0	yes	309	{S	thm#thm:lambda-computable	-	section	1	47	47	309	missing	none	-	-	No active declaration covers this Church–Rosser, definability, or remaining syntax section.
lambda-calculus/lambda-definability/lambda-definable-recursive.tex	lambda-calculus	unit	thm#thm:lambda-computable	selected	lambda-calculus	-	0	0	yes	309	{S	; label=thm:lambda-computable	thm:lambda-computable	thm#thm:lambda-computable	16	19	47	309	missing	none	-	-	No active declaration covers this Church–Rosser, definability, or remaining syntax section.
lambda-calculus/lambda-definability/lists.tex	lambda-calculus	section	section	selected	lambda-calculus	-	0	0	yes	269	Lists	prob; prob	-	section	1	52	52	269	missing	none	-	-	No active declaration covers this Church–Rosser, definability, or remaining syntax section.
lambda-calculus/lambda-definability/lists.tex	lambda-calculus	unit	prob#1	selected	lambda-calculus	-	0	0	yes	269	Lists	-	1	prob#1	47	49	52	269	missing	none	-	-	No active declaration covers this Church–Rosser, definability, or remaining syntax section.
lambda-calculus/lambda-definability/lists.tex	lambda-calculus	unit	prob#2	selected	lambda-calculus	-	0	0	yes	269	Lists	-	2	prob#2	47	49	52	269	missing	none	-	-	No active declaration covers this Church–Rosser, definability, or remaining syntax section.
lambda-calculus/lambda-definability/minimization.tex	lambda-calculus	section	section	selected	lambda-calculus	-	0	0	yes	380	Minimization	lem#lem:min; prop	-	section	1	72	72	380	missing	none	-	-	No active declaration covers this Church–Rosser, definability, or remaining syntax section.
lambda-calculus/lambda-definability/minimization.tex	lambda-calculus	unit	lem#lem:min	selected	lambda-calculus	-	0	0	yes	380	Minimization	; label=lem:min	lem:min	lem#lem:min	59	61	72	380	missing	none	-	-	No active declaration covers this Church–Rosser, definability, or remaining syntax section.
lambda-calculus/lambda-definability/minimization.tex	lambda-calculus	unit	prop#2	selected	lambda-calculus	-	0	0	yes	380	Minimization	-	2	prop#2	59	61	72	380	missing	none	-	-	No active declaration covers this Church–Rosser, definability, or remaining syntax section.
lambda-calculus/lambda-definability/pairs.tex	lambda-calculus	section	section	selected	lambda-calculus	-	0	0	yes	296	Pairs and Predecessor	defn; prob	-	section	1	55	55	296	missing	none	-	-	No active declaration covers this Church–Rosser, definability, or remaining syntax section.
lambda-calculus/lambda-definability/pairs.tex	lambda-calculus	unit	defn#1	selected	lambda-calculus	-	0	0	yes	296	Pairs and Predecessor	-	1	defn#1	34	36	55	296	missing	none	-	-	No active declaration covers this Church–Rosser, definability, or remaining syntax section.
lambda-calculus/lambda-definability/pairs.tex	lambda-calculus	unit	prob#2	selected	lambda-calculus	-	0	0	yes	296	Pairs and Predecessor	-	2	prob#2	34	36	55	296	missing	none	-	-	No active declaration covers this Church–Rosser, definability, or remaining syntax section.
lambda-calculus/lambda-definability/partial-recursive-functions.tex	lambda-calculus	section	section	selected	lambda-calculus	-	0	0	yes	285	Partial Recursive Functions are {S	thm	-	section	1	44	44	285	missing	none	-	-	No active declaration covers this Church–Rosser, definability, or remaining syntax section.
lambda-calculus/lambda-definability/partial-recursive-functions.tex	lambda-calculus	unit	thm#1	selected	lambda-calculus	-	0	0	yes	285	Partial Recursive Functions are {S	-	1	thm#1	38	40	44	285	missing	none	-	-	No active declaration covers this Church–Rosser, definability, or remaining syntax section.
lambda-calculus/lambda-definability/primitive-recursive-functions.tex	lambda-calculus	section	section	selected	lambda-calculus	-	0	0	yes	1009	Primitive Recursive Functions are {S	lem#lem:basic; lem#lem:comp; prob; lem#lem:prim; prop	-	section	1	153	153	1009	missing	none	-	-	No active declaration covers this Church–Rosser, definability, or remaining syntax section.
lambda-calculus/lambda-definability/primitive-recursive-functions.tex	lambda-calculus	unit	lem#lem:basic	selected	lambda-calculus	-	0	0	yes	1009	Primitive Recursive Functions are {S	; label=lem:basic	lem:basic	lem#lem:basic	141	143	153	1009	missing	none	-	-	No active declaration covers this Church–Rosser, definability, or remaining syntax section.
lambda-calculus/lambda-definability/primitive-recursive-functions.tex	lambda-calculus	unit	lem#lem:comp	selected	lambda-calculus	-	0	0	yes	1009	Primitive Recursive Functions are {S	; label=lem:comp	lem:comp	lem#lem:comp	141	143	153	1009	missing	none	-	-	No active declaration covers this Church–Rosser, definability, or remaining syntax section.
lambda-calculus/lambda-definability/primitive-recursive-functions.tex	lambda-calculus	unit	prob#3	selected	lambda-calculus	-	0	0	yes	1009	Primitive Recursive Functions are {S	-	3	prob#3	141	143	153	1009	missing	none	-	-	No active declaration covers this Church–Rosser, definability, or remaining syntax section.
lambda-calculus/lambda-definability/primitive-recursive-functions.tex	lambda-calculus	unit	lem#lem:prim	selected	lambda-calculus	-	0	0	yes	1009	Primitive Recursive Functions are {S	; label=lem:prim	lem:prim	lem#lem:prim	141	143	153	1009	missing	none	-	-	No active declaration covers this Church–Rosser, definability, or remaining syntax section.
lambda-calculus/lambda-definability/primitive-recursive-functions.tex	lambda-calculus	unit	prop#5	selected	lambda-calculus	-	0	0	yes	1009	Primitive Recursive Functions are {S	-	5	prop#5	141	143	153	1009	missing	none	-	-	No active declaration covers this Church–Rosser, definability, or remaining syntax section.
lambda-calculus/lambda-definability/truth-values.tex	lambda-calculus	section	section	selected	lambda-calculus	-	0	0	yes	535	Truth Values and Relations	defn; prob	-	section	1	79	79	535	missing	none	-	-	No active declaration covers this Church–Rosser, definability, or remaining syntax section.
lambda-calculus/lambda-definability/truth-values.tex	lambda-calculus	unit	defn#1	selected	lambda-calculus	-	0	0	yes	535	Truth Values and Relations	-	1	defn#1	72	76	79	535	missing	none	-	-	No active declaration covers this Church–Rosser, definability, or remaining syntax section.
lambda-calculus/lambda-definability/truth-values.tex	lambda-calculus	unit	prob#2	selected	lambda-calculus	-	0	0	yes	535	Truth Values and Relations	-	2	prob#2	72	76	79	535	missing	none	-	-	No active declaration covers this Church–Rosser, definability, or remaining syntax section.
lambda-calculus/syntax/abbreviated-syntax.tex	lambda-calculus	section	section	selected	lambda-calculus	-	0	0	yes	202	Abbreviated Syntax	prob	-	section	1	45	45	202	missing	none	-	-	No active declaration covers this Church–Rosser, definability, or remaining syntax section.
lambda-calculus/syntax/abbreviated-syntax.tex	lambda-calculus	unit	prob#1	selected	lambda-calculus	-	0	0	yes	202	Abbreviated Syntax	-	1	prob#1	39	42	45	202	missing	none	-	-	No active declaration covers this Church–Rosser, definability, or remaining syntax section.
lambda-calculus/syntax/alpha.tex	lambda-calculus	section	section	selected	lambda-calculus	-	0	0	yes	1649	-Conversion	defn[Change of bound variable, $\aconvone$]; defn[Compatibility of relation]; defn[Change of bound variable, $\aconvone$]; defn[Change of bound variable, $\aconvone$]#defn:aconvone; defn[$\alpha$-conversion, $\aconv$]; defn[$\alpha$-conversion, $\aconv$]#defn:aconv; ex; prob; lem#lem:fv-one; prob; lem#lem:inv; prob; thm; thm#thm:fv; lem#lem:sub:R; prob; thm#thm:sub; prob; cor#cor:sub	-	section	1	284	284	1649	missing	none	-	-	No active declaration covers this Church–Rosser, definability, or remaining syntax section.
lambda-calculus/syntax/alpha.tex	lambda-calculus	unit	defn#1	selected	lambda-calculus	-	0	0	yes	1649	-Conversion	optional=Change of bound variable, $\aconvone$	1	defn#1	270	276	284	1649	missing	none	-	-	No active declaration covers this Church–Rosser, definability, or remaining syntax section.
lambda-calculus/syntax/alpha.tex	lambda-calculus	unit	defn#2	selected	lambda-calculus	-	0	0	yes	1649	-Conversion	optional=Compatibility of relation	2	defn#2	270	276	284	1649	missing	none	-	-	No active declaration covers this Church–Rosser, definability, or remaining syntax section.
lambda-calculus/syntax/alpha.tex	lambda-calculus	unit	defn#3	selected	lambda-calculus	-	0	0	yes	1649	-Conversion	optional=Change of bound variable, $\aconvone$	3	defn#3	270	276	284	1649	missing	none	-	-	No active declaration covers this Church–Rosser, definability, or remaining syntax section.
lambda-calculus/syntax/alpha.tex	lambda-calculus	unit	defn#defn:aconvone	selected	lambda-calculus	-	0	0	yes	1649	-Conversion	optional=Change of bound variable, $\aconvone$; label=defn:aconvone	defn:aconvone	defn#defn:aconvone	270	276	284	1649	missing	none	-	-	No active declaration covers this Church–Rosser, definability, or remaining syntax section.
lambda-calculus/syntax/alpha.tex	lambda-calculus	unit	defn#5	selected	lambda-calculus	-	0	0	yes	1649	-Conversion	optional=$\alpha$-conversion, $\aconv$	5	defn#5	270	276	284	1649	missing	none	-	-	No active declaration covers this Church–Rosser, definability, or remaining syntax section.
lambda-calculus/syntax/alpha.tex	lambda-calculus	unit	defn#defn:aconv	selected	lambda-calculus	-	0	0	yes	1649	-Conversion	optional=$\alpha$-conversion, $\aconv$; label=defn:aconv	defn:aconv	defn#defn:aconv	270	276	284	1649	missing	none	-	-	No active declaration covers this Church–Rosser, definability, or remaining syntax section.
lambda-calculus/syntax/alpha.tex	lambda-calculus	unit	ex#7	selected	lambda-calculus	-	0	0	yes	1649	-Conversion	-	7	ex#7	270	276	284	1649	missing	none	-	-	No active declaration covers this Church–Rosser, definability, or remaining syntax section.
lambda-calculus/syntax/alpha.tex	lambda-calculus	unit	prob#8	selected	lambda-calculus	-	0	0	yes	1649	-Conversion	-	8	prob#8	270	276	284	1649	missing	none	-	-	No active declaration covers this Church–Rosser, definability, or remaining syntax section.
lambda-calculus/syntax/alpha.tex	lambda-calculus	unit	lem#lem:fv-one	selected	lambda-calculus	-	0	0	yes	1649	-Conversion	; label=lem:fv-one	lem:fv-one	lem#lem:fv-one	270	276	284	1649	missing	none	-	-	No active declaration covers this Church–Rosser, definability, or remaining syntax section.
lambda-calculus/syntax/alpha.tex	lambda-calculus	unit	prob#10	selected	lambda-calculus	-	0	0	yes	1649	-Conversion	-	10	prob#10	270	276	284	1649	missing	none	-	-	No active declaration covers this Church–Rosser, definability, or remaining syntax section.
lambda-calculus/syntax/alpha.tex	lambda-calculus	unit	lem#lem:inv	selected	lambda-calculus	-	0	0	yes	1649	-Conversion	; label=lem:inv	lem:inv	lem#lem:inv	270	276	284	1649	missing	none	-	-	No active declaration covers this Church–Rosser, definability, or remaining syntax section.
lambda-calculus/syntax/alpha.tex	lambda-calculus	unit	prob#12	selected	lambda-calculus	-	0	0	yes	1649	-Conversion	-	12	prob#12	270	276	284	1649	missing	none	-	-	No active declaration covers this Church–Rosser, definability, or remaining syntax section.
lambda-calculus/syntax/alpha.tex	lambda-calculus	unit	thm#13	selected	lambda-calculus	-	0	0	yes	1649	-Conversion	-	13	thm#13	270	276	284	1649	missing	none	-	-	No active declaration covers this Church–Rosser, definability, or remaining syntax section.
lambda-calculus/syntax/alpha.tex	lambda-calculus	unit	thm#thm:fv	selected	lambda-calculus	-	0	0	yes	1649	-Conversion	; label=thm:fv	thm:fv	thm#thm:fv	270	276	284	1649	missing	none	-	-	No active declaration covers this Church–Rosser, definability, or remaining syntax section.
lambda-calculus/syntax/alpha.tex	lambda-calculus	unit	lem#lem:sub:R	selected	lambda-calculus	-	0	0	yes	1649	-Conversion	; label=lem:sub:R	lem:sub:R	lem#lem:sub:R	270	276	284	1649	missing	none	-	-	No active declaration covers this Church–Rosser, definability, or remaining syntax section.
lambda-calculus/syntax/alpha.tex	lambda-calculus	unit	prob#16	selected	lambda-calculus	-	0	0	yes	1649	-Conversion	-	16	prob#16	270	276	284	1649	missing	none	-	-	No active declaration covers this Church–Rosser, definability, or remaining syntax section.
lambda-calculus/syntax/alpha.tex	lambda-calculus	unit	thm#thm:sub	selected	lambda-calculus	-	0	0	yes	1649	-Conversion	; label=thm:sub	thm:sub	thm#thm:sub	270	276	284	1649	missing	none	-	-	No active declaration covers this Church–Rosser, definability, or remaining syntax section.
lambda-calculus/syntax/alpha.tex	lambda-calculus	unit	prob#18	selected	lambda-calculus	-	0	0	yes	1649	-Conversion	-	18	prob#18	270	276	284	1649	missing	none	-	-	No active declaration covers this Church–Rosser, definability, or remaining syntax section.
lambda-calculus/syntax/alpha.tex	lambda-calculus	unit	cor#cor:sub	selected	lambda-calculus	-	0	0	yes	1649	-Conversion	; label=cor:sub	cor:sub	cor#cor:sub	270	276	284	1649	missing	none	-	-	No active declaration covers this Church–Rosser, definability, or remaining syntax section.
lambda-calculus/syntax/beta.tex	lambda-calculus	section	section	selected	lambda-calculus	-	0	0	yes	786	-reduction	defn[$\beta$-contraction, $\bredone$]#defn:betacontr; prob#prob:def; defn[$\beta$-reduction, $\bred$]#defn:betared; defn[$\beta$-normal]; defn[$\beta$-equivalence, $\equal$]	-	section	1	129	129	786	proved_weaker	manual_fragment_match	FormalOLP/LambdaCalculus/DeBruijn.lean	FormalOLP.LambdaCalculus.Term.BetaStep; FormalOLP.LambdaCalculus.Term.BetaStar; FormalOLP.LambdaCalculus.Term.betaStep_wellScoped; FormalOLP.LambdaCalculus.Term.betaStar_wellScoped	Contextual beta and scope preservation are present; the full named-term reduction metatheory is not.
lambda-calculus/syntax/beta.tex	lambda-calculus	unit	defn#defn:betacontr	selected	lambda-calculus	-	0	0	yes	786	-reduction	optional=$\beta$-contraction, $\bredone$; label=defn:betacontr	defn:betacontr	defn#defn:betacontr	100	112	129	786	defined_only	manual_definition_match	FormalOLP/LambdaCalculus/DeBruijn.lean	FormalOLP.LambdaCalculus.Term.BetaStep; FormalOLP.LambdaCalculus.Term.BetaStar; FormalOLP.LambdaCalculus.Term.betaStep_wellScoped; FormalOLP.LambdaCalculus.Term.betaStar_wellScoped	Contextual beta and scope preservation are present; the full named-term reduction metatheory is not.
lambda-calculus/syntax/beta.tex	lambda-calculus	unit	prob#prob:def	selected	lambda-calculus	-	0	0	yes	786	-reduction	; label=prob:def	prob:def	prob#prob:def	100	112	129	786	defined_only	manual_definition_match	FormalOLP/LambdaCalculus/DeBruijn.lean	FormalOLP.LambdaCalculus.Term.BetaStep; FormalOLP.LambdaCalculus.Term.BetaStar; FormalOLP.LambdaCalculus.Term.betaStep_wellScoped; FormalOLP.LambdaCalculus.Term.betaStar_wellScoped	Contextual beta and scope preservation are present; the full named-term reduction metatheory is not.
lambda-calculus/syntax/beta.tex	lambda-calculus	unit	defn#defn:betared	selected	lambda-calculus	-	0	0	yes	786	-reduction	optional=$\beta$-reduction, $\bred$; label=defn:betared	defn:betared	defn#defn:betared	100	112	129	786	defined_only	manual_definition_match	FormalOLP/LambdaCalculus/DeBruijn.lean	FormalOLP.LambdaCalculus.Term.BetaStep; FormalOLP.LambdaCalculus.Term.BetaStar; FormalOLP.LambdaCalculus.Term.betaStep_wellScoped; FormalOLP.LambdaCalculus.Term.betaStar_wellScoped	Contextual beta and scope preservation are present; the full named-term reduction metatheory is not.
lambda-calculus/syntax/beta.tex	lambda-calculus	unit	defn#4	selected	lambda-calculus	-	0	0	yes	786	-reduction	optional=$\beta$-normal	4	defn#4	100	112	129	786	defined_only	manual_definition_match	FormalOLP/LambdaCalculus/DeBruijn.lean	FormalOLP.LambdaCalculus.Term.BetaStep; FormalOLP.LambdaCalculus.Term.BetaStar; FormalOLP.LambdaCalculus.Term.betaStep_wellScoped; FormalOLP.LambdaCalculus.Term.betaStar_wellScoped	Contextual beta and scope preservation are present; the full named-term reduction metatheory is not.
lambda-calculus/syntax/beta.tex	lambda-calculus	unit	defn#5	selected	lambda-calculus	-	0	0	yes	786	-reduction	optional=$\beta$-equivalence, $\equal$	5	defn#5	100	112	129	786	defined_only	manual_definition_match	FormalOLP/LambdaCalculus/DeBruijn.lean	FormalOLP.LambdaCalculus.Term.BetaStep; FormalOLP.LambdaCalculus.Term.BetaStar; FormalOLP.LambdaCalculus.Term.betaStep_wellScoped; FormalOLP.LambdaCalculus.Term.betaStar_wellScoped	Contextual beta and scope preservation are present; the full named-term reduction metatheory is not.
lambda-calculus/syntax/conversion.tex	lambda-calculus	section	section	selected	lambda-calculus	-	0	0	yes	85	Conversion and Reduction	-	-	section	1	23	23	85	missing	none	-	-	No active declaration covers this Church–Rosser, definability, or remaining syntax section.
lambda-calculus/syntax/de-bruijn.tex	lambda-calculus	section	section	selected	lambda-calculus	-	0	0	yes	504	The De Bruijn Index	defn; defn; defn; prop	-	section	1	83	83	504	proved_weaker	manual_fragment_match	FormalOLP/LambdaCalculus/DeBruijn.lean	FormalOLP.LambdaCalculus.Term; FormalOLP.LambdaCalculus.Term.rename; FormalOLP.LambdaCalculus.Term.subst; FormalOLP.LambdaCalculus.Term.rename_composition; FormalOLP.LambdaCalculus.Term.subst_composition	Typed de Bruijn syntax is native; named syntax and the source translation/alpha interface are absent.
lambda-calculus/syntax/de-bruijn.tex	lambda-calculus	unit	defn#1	selected	lambda-calculus	-	0	0	yes	504	The De Bruijn Index	-	1	defn#1	77	80	83	504	defined_only	manual_definition_match	FormalOLP/LambdaCalculus/DeBruijn.lean	FormalOLP.LambdaCalculus.Term	Typed de Bruijn syntax is native; named syntax and the source translation/alpha interface are absent.
lambda-calculus/syntax/de-bruijn.tex	lambda-calculus	unit	defn#2	selected	lambda-calculus	-	0	0	yes	504	The De Bruijn Index	-	2	defn#2	77	80	83	504	defined_only	manual_definition_match	FormalOLP/LambdaCalculus/DeBruijn.lean	FormalOLP.LambdaCalculus.Term	Typed de Bruijn syntax is native; named syntax and the source translation/alpha interface are absent.
lambda-calculus/syntax/de-bruijn.tex	lambda-calculus	unit	defn#3	selected	lambda-calculus	-	0	0	yes	504	The De Bruijn Index	-	3	defn#3	77	80	83	504	defined_only	manual_definition_match	FormalOLP/LambdaCalculus/DeBruijn.lean	FormalOLP.LambdaCalculus.Term	Typed de Bruijn syntax is native; named syntax and the source translation/alpha interface are absent.
lambda-calculus/syntax/de-bruijn.tex	lambda-calculus	unit	prop#4	selected	lambda-calculus	-	0	0	yes	504	The De Bruijn Index	-	4	prop#4	77	80	83	504	defined_only	manual_definition_match	FormalOLP/LambdaCalculus/DeBruijn.lean	FormalOLP.LambdaCalculus.Term	Typed de Bruijn syntax is native; named syntax and the source translation/alpha interface are absent.
lambda-calculus/syntax/eta.tex	lambda-calculus	section	section	selected	lambda-calculus	-	0	0	yes	471	-conversion	defn[$\eta$-contraction, $\eredone$]#defn:beredone; defn[$\beta\eta$-reduction, $\bered$]#defn:bered; defn; defn[Extensionality]; thm	-	section	1	88	88	471	missing	none	-	-	No active declaration covers this Church–Rosser, definability, or remaining syntax section.
lambda-calculus/syntax/eta.tex	lambda-calculus	unit	defn#defn:beredone	selected	lambda-calculus	-	0	0	yes	471	-conversion	optional=$\eta$-contraction, $\eredone$; label=defn:beredone	defn:beredone	defn#defn:beredone	65	67	88	471	missing	none	-	-	No active declaration covers this Church–Rosser, definability, or remaining syntax section.
lambda-calculus/syntax/eta.tex	lambda-calculus	unit	defn#defn:bered	selected	lambda-calculus	-	0	0	yes	471	-conversion	optional=$\beta\eta$-reduction, $\bered$; label=defn:bered	defn:bered	defn#defn:bered	65	67	88	471	missing	none	-	-	No active declaration covers this Church–Rosser, definability, or remaining syntax section.
lambda-calculus/syntax/eta.tex	lambda-calculus	unit	defn#3	selected	lambda-calculus	-	0	0	yes	471	-conversion	-	3	defn#3	65	67	88	471	missing	none	-	-	No active declaration covers this Church–Rosser, definability, or remaining syntax section.
lambda-calculus/syntax/eta.tex	lambda-calculus	unit	defn#4	selected	lambda-calculus	-	0	0	yes	471	-conversion	optional=Extensionality	4	defn#4	65	67	88	471	missing	none	-	-	No active declaration covers this Church–Rosser, definability, or remaining syntax section.
lambda-calculus/syntax/eta.tex	lambda-calculus	unit	thm#5	selected	lambda-calculus	-	0	0	yes	471	-conversion	-	5	thm#5	65	67	88	471	missing	none	-	-	No active declaration covers this Church–Rosser, definability, or remaining syntax section.
lambda-calculus/syntax/free-variables.tex	lambda-calculus	section	section	selected	lambda-calculus	-	0	0	yes	819	Free Variables	defn[Scope]; defn[Free and bound occurrence]; ex; defn[Free variables of a term]#def:fv; prob; defn[Closed term, combinator]; lem#lem:fv; prob	-	section	1	117	117	819	missing	none	-	-	No active declaration covers this Church–Rosser, definability, or remaining syntax section.
lambda-calculus/syntax/free-variables.tex	lambda-calculus	unit	defn#1	selected	lambda-calculus	-	0	0	yes	819	Free Variables	optional=Scope	1	defn#1	112	114	117	819	missing	none	-	-	No active declaration covers this Church–Rosser, definability, or remaining syntax section.
lambda-calculus/syntax/free-variables.tex	lambda-calculus	unit	defn#2	selected	lambda-calculus	-	0	0	yes	819	Free Variables	optional=Free and bound occurrence	2	defn#2	112	114	117	819	missing	none	-	-	No active declaration covers this Church–Rosser, definability, or remaining syntax section.
lambda-calculus/syntax/free-variables.tex	lambda-calculus	unit	ex#3	selected	lambda-calculus	-	0	0	yes	819	Free Variables	-	3	ex#3	112	114	117	819	missing	none	-	-	No active declaration covers this Church–Rosser, definability, or remaining syntax section.
lambda-calculus/syntax/free-variables.tex	lambda-calculus	unit	defn#def:fv	selected	lambda-calculus	-	0	0	yes	819	Free Variables	optional=Free variables of a term; label=def:fv	def:fv	defn#def:fv	112	114	117	819	missing	none	-	-	No active declaration covers this Church–Rosser, definability, or remaining syntax section.
lambda-calculus/syntax/free-variables.tex	lambda-calculus	unit	prob#5	selected	lambda-calculus	-	0	0	yes	819	Free Variables	-	5	prob#5	112	114	117	819	missing	none	-	-	No active declaration covers this Church–Rosser, definability, or remaining syntax section.
lambda-calculus/syntax/free-variables.tex	lambda-calculus	unit	defn#6	selected	lambda-calculus	-	0	0	yes	819	Free Variables	optional=Closed term, combinator	6	defn#6	112	114	117	819	missing	none	-	-	No active declaration covers this Church–Rosser, definability, or remaining syntax section.
lambda-calculus/syntax/free-variables.tex	lambda-calculus	unit	lem#lem:fv	selected	lambda-calculus	-	0	0	yes	819	Free Variables	; label=lem:fv	lem:fv	lem#lem:fv	112	114	117	819	missing	none	-	-	No active declaration covers this Church–Rosser, definability, or remaining syntax section.
lambda-calculus/syntax/free-variables.tex	lambda-calculus	unit	prob#8	selected	lambda-calculus	-	0	0	yes	819	Free Variables	-	8	prob#8	112	114	117	819	missing	none	-	-	No active declaration covers this Church–Rosser, definability, or remaining syntax section.
lambda-calculus/syntax/substitution.tex	lambda-calculus	section	section	selected	lambda-calculus	-	0	0	yes	1070	Substitution	defn[Substitution]#defn:substitution; prob; thm#thm:notinfv; prob; thm#thm:infv; prob; thm#thm:clr; prob; thm#thm:inv; prob	-	section	1	180	180	1070	proved_weaker	manual_fragment_match	FormalOLP/LambdaCalculus/DeBruijn.lean	FormalOLP.LambdaCalculus.Term.liftSubstitution; FormalOLP.LambdaCalculus.Term.subst; FormalOLP.LambdaCalculus.Term.subst_composition	Capture avoidance and composition are proved for the typed de Bruijn representation; source named-term presentation is not translated.
lambda-calculus/syntax/substitution.tex	lambda-calculus	unit	defn#defn:substitution	selected	lambda-calculus	-	0	0	yes	1070	Substitution	optional=Substitution; label=defn:substitution	defn:substitution	defn#defn:substitution	175	177	180	1070	defined_only	manual_definition_match	FormalOLP/LambdaCalculus/DeBruijn.lean	FormalOLP.LambdaCalculus.Term.liftSubstitution; FormalOLP.LambdaCalculus.Term.subst; FormalOLP.LambdaCalculus.Term.subst_composition	Capture avoidance and composition are proved for the typed de Bruijn representation; source named-term presentation is not translated.
lambda-calculus/syntax/substitution.tex	lambda-calculus	unit	prob#2	selected	lambda-calculus	-	0	0	yes	1070	Substitution	-	2	prob#2	175	177	180	1070	defined_only	manual_definition_match	FormalOLP/LambdaCalculus/DeBruijn.lean	FormalOLP.LambdaCalculus.Term.liftSubstitution; FormalOLP.LambdaCalculus.Term.subst; FormalOLP.LambdaCalculus.Term.subst_composition	Capture avoidance and composition are proved for the typed de Bruijn representation; source named-term presentation is not translated.
lambda-calculus/syntax/substitution.tex	lambda-calculus	unit	thm#thm:notinfv	selected	lambda-calculus	-	0	0	yes	1070	Substitution	; label=thm:notinfv	thm:notinfv	thm#thm:notinfv	175	177	180	1070	defined_only	manual_definition_match	FormalOLP/LambdaCalculus/DeBruijn.lean	FormalOLP.LambdaCalculus.Term.liftSubstitution; FormalOLP.LambdaCalculus.Term.subst; FormalOLP.LambdaCalculus.Term.subst_composition	Capture avoidance and composition are proved for the typed de Bruijn representation; source named-term presentation is not translated.
lambda-calculus/syntax/substitution.tex	lambda-calculus	unit	prob#4	selected	lambda-calculus	-	0	0	yes	1070	Substitution	-	4	prob#4	175	177	180	1070	defined_only	manual_definition_match	FormalOLP/LambdaCalculus/DeBruijn.lean	FormalOLP.LambdaCalculus.Term.liftSubstitution; FormalOLP.LambdaCalculus.Term.subst; FormalOLP.LambdaCalculus.Term.subst_composition	Capture avoidance and composition are proved for the typed de Bruijn representation; source named-term presentation is not translated.
lambda-calculus/syntax/substitution.tex	lambda-calculus	unit	thm#thm:infv	selected	lambda-calculus	-	0	0	yes	1070	Substitution	; label=thm:infv	thm:infv	thm#thm:infv	175	177	180	1070	defined_only	manual_definition_match	FormalOLP/LambdaCalculus/DeBruijn.lean	FormalOLP.LambdaCalculus.Term.liftSubstitution; FormalOLP.LambdaCalculus.Term.subst; FormalOLP.LambdaCalculus.Term.subst_composition	Capture avoidance and composition are proved for the typed de Bruijn representation; source named-term presentation is not translated.
lambda-calculus/syntax/substitution.tex	lambda-calculus	unit	prob#6	selected	lambda-calculus	-	0	0	yes	1070	Substitution	-	6	prob#6	175	177	180	1070	defined_only	manual_definition_match	FormalOLP/LambdaCalculus/DeBruijn.lean	FormalOLP.LambdaCalculus.Term.liftSubstitution; FormalOLP.LambdaCalculus.Term.subst; FormalOLP.LambdaCalculus.Term.subst_composition	Capture avoidance and composition are proved for the typed de Bruijn representation; source named-term presentation is not translated.
lambda-calculus/syntax/substitution.tex	lambda-calculus	unit	thm#thm:clr	selected	lambda-calculus	-	0	0	yes	1070	Substitution	; label=thm:clr	thm:clr	thm#thm:clr	175	177	180	1070	defined_only	manual_definition_match	FormalOLP/LambdaCalculus/DeBruijn.lean	FormalOLP.LambdaCalculus.Term.liftSubstitution; FormalOLP.LambdaCalculus.Term.subst; FormalOLP.LambdaCalculus.Term.subst_composition	Capture avoidance and composition are proved for the typed de Bruijn representation; source named-term presentation is not translated.
lambda-calculus/syntax/substitution.tex	lambda-calculus	unit	prob#8	selected	lambda-calculus	-	0	0	yes	1070	Substitution	-	8	prob#8	175	177	180	1070	defined_only	manual_definition_match	FormalOLP/LambdaCalculus/DeBruijn.lean	FormalOLP.LambdaCalculus.Term.liftSubstitution; FormalOLP.LambdaCalculus.Term.subst; FormalOLP.LambdaCalculus.Term.subst_composition	Capture avoidance and composition are proved for the typed de Bruijn representation; source named-term presentation is not translated.
lambda-calculus/syntax/substitution.tex	lambda-calculus	unit	thm#thm:inv	selected	lambda-calculus	-	0	0	yes	1070	Substitution	; label=thm:inv	thm:inv	thm#thm:inv	175	177	180	1070	defined_only	manual_definition_match	FormalOLP/LambdaCalculus/DeBruijn.lean	FormalOLP.LambdaCalculus.Term.liftSubstitution; FormalOLP.LambdaCalculus.Term.subst; FormalOLP.LambdaCalculus.Term.subst_composition	Capture avoidance and composition are proved for the typed de Bruijn representation; source named-term presentation is not translated.
lambda-calculus/syntax/substitution.tex	lambda-calculus	unit	prob#10	selected	lambda-calculus	-	0	0	yes	1070	Substitution	-	10	prob#10	175	177	180	1070	defined_only	manual_definition_match	FormalOLP/LambdaCalculus/DeBruijn.lean	FormalOLP.LambdaCalculus.Term.liftSubstitution; FormalOLP.LambdaCalculus.Term.subst; FormalOLP.LambdaCalculus.Term.subst_composition	Capture avoidance and composition are proved for the typed de Bruijn representation; source named-term presentation is not translated.
lambda-calculus/syntax/syntax.tex	lambda-calculus	chapter	section	selected	lambda-calculus	-	0	0	yes	45	syntax	-	-	section	1	33	33	45	structural_container	aggregator	-	-	Part/chapter container with imports or section assembly; substantive child sections are audited separately.
lambda-calculus/syntax/term-revisited.tex	lambda-calculus	section	section	selected	lambda-calculus	-	0	0	yes	613	Terms as -Equivalence Classes	defn; defn#def:fv; defn#def:sub	-	section	1	93	93	613	missing	none	-	-	No active declaration covers this Church–Rosser, definability, or remaining syntax section.
lambda-calculus/syntax/term-revisited.tex	lambda-calculus	unit	defn#1	selected	lambda-calculus	-	0	0	yes	613	Terms as -Equivalence Classes	-	1	defn#1	49	53	93	613	missing	none	-	-	No active declaration covers this Church–Rosser, definability, or remaining syntax section.
lambda-calculus/syntax/term-revisited.tex	lambda-calculus	unit	defn#def:fv	selected	lambda-calculus	-	0	0	yes	613	Terms as -Equivalence Classes	; label=def:fv	def:fv	defn#def:fv	49	53	93	613	missing	none	-	-	No active declaration covers this Church–Rosser, definability, or remaining syntax section.
lambda-calculus/syntax/term-revisited.tex	lambda-calculus	unit	defn#def:sub	selected	lambda-calculus	-	0	0	yes	613	Terms as -Equivalence Classes	; label=def:sub	def:sub	defn#def:sub	49	53	93	613	missing	none	-	-	No active declaration covers this Church–Rosser, definability, or remaining syntax section.
lambda-calculus/syntax/terms.tex	lambda-calculus	section	section	selected	lambda-calculus	-	0	0	yes	327	Terms	defn[Terms]#defn:term; prob	-	section	1	53	53	327	missing	none	-	-	No active declaration covers this Church–Rosser, definability, or remaining syntax section.
lambda-calculus/syntax/terms.tex	lambda-calculus	unit	defn#defn:term	selected	lambda-calculus	-	0	0	yes	327	Terms	optional=Terms; label=defn:term	defn:term	defn#defn:term	47	50	53	327	missing	none	-	-	No active declaration covers this Church–Rosser, definability, or remaining syntax section.
lambda-calculus/syntax/terms.tex	lambda-calculus	unit	prob#2	selected	lambda-calculus	-	0	0	yes	327	Terms	-	2	prob#2	47	50	53	327	missing	none	-	-	No active declaration covers this Church–Rosser, definability, or remaining syntax section.
lambda-calculus/syntax/unique-readability.tex	lambda-calculus	section	section	selected	lambda-calculus	-	0	0	yes	643	Unique Readability	lem#lem:term-start; lem#lem:app-start; lem#lem:initial; prob; prop[Unique Readability]#prop:unq; prop	-	section	1	99	99	643	missing	none	-	-	No active declaration covers this Church–Rosser, definability, or remaining syntax section.
lambda-calculus/syntax/unique-readability.tex	lambda-calculus	unit	lem#lem:term-start	selected	lambda-calculus	-	0	0	yes	643	Unique Readability	; label=lem:term-start	lem:term-start	lem#lem:term-start	87	96	99	643	missing	none	-	-	No active declaration covers this Church–Rosser, definability, or remaining syntax section.
lambda-calculus/syntax/unique-readability.tex	lambda-calculus	unit	lem#lem:app-start	selected	lambda-calculus	-	0	0	yes	643	Unique Readability	; label=lem:app-start	lem:app-start	lem#lem:app-start	87	96	99	643	missing	none	-	-	No active declaration covers this Church–Rosser, definability, or remaining syntax section.
lambda-calculus/syntax/unique-readability.tex	lambda-calculus	unit	lem#lem:initial	selected	lambda-calculus	-	0	0	yes	643	Unique Readability	; label=lem:initial	lem:initial	lem#lem:initial	87	96	99	643	missing	none	-	-	No active declaration covers this Church–Rosser, definability, or remaining syntax section.
lambda-calculus/syntax/unique-readability.tex	lambda-calculus	unit	prob#4	selected	lambda-calculus	-	0	0	yes	643	Unique Readability	-	4	prob#4	87	96	99	643	missing	none	-	-	No active declaration covers this Church–Rosser, definability, or remaining syntax section.
lambda-calculus/syntax/unique-readability.tex	lambda-calculus	unit	prop#prop:unq	selected	lambda-calculus	-	0	0	yes	643	Unique Readability	optional=Unique Readability; label=prop:unq	prop:unq	prop#prop:unq	87	96	99	643	missing	none	-	-	No active declaration covers this Church–Rosser, definability, or remaining syntax section.
lambda-calculus/syntax/unique-readability.tex	lambda-calculus	unit	prop#6	selected	lambda-calculus	-	0	0	yes	643	Unique Readability	-	6	prop#6	87	96	99	643	missing	none	-	-	No active declaration covers this Church–Rosser, definability, or remaining syntax section.
methods/induction/induction-on-N.tex	methods	section	section	selected	methods	-	0	0	yes	1134	Induction on~	thm; prop	-	section	1	137	137	1134	proved_weaker	manual_fragment_match	FormalOLP/Methods/Induction.lean	FormalOLP.Methods.weak_induction	The general zero/successor principle is present; the dice and summation developments are not formalized.
methods/induction/induction-on-N.tex	methods	unit	thm#1	selected	methods	-	0	0	yes	1134	Induction on~	-	1	thm#1	108	110	137	1134	missing	none	-	-	The source claim is an example/application, not the native generic induction theorem.
methods/induction/induction-on-N.tex	methods	unit	prop#2	selected	methods	-	0	0	yes	1134	Induction on~	-	2	prop#2	108	110	137	1134	missing	none	-	-	The source claim is an example/application, not the native generic induction theorem.
methods/induction/induction.tex	methods	section	section	selected	methods	-	0	0	yes	36	induction	-	-	section	1	25	25	36	structural_container	aggregator	-	-	Chapter container with imports only.
methods/induction/inductive-definitions.tex	methods	section	section	selected	methods	-	0	0	yes	1204	Inductive Definitions	defn[Nice terms]; prop; prob	-	section	1	155	155	1204	missing	none	-	-	Structural/inductive-definition material has no native declaration target.
methods/induction/inductive-definitions.tex	methods	unit	defn#1	selected	methods	-	0	0	yes	1204	Inductive Definitions	optional=Nice terms	1	defn#1	140	152	155	1204	missing	none	-	-	Structural/inductive-definition material has no native declaration target.
methods/induction/inductive-definitions.tex	methods	unit	prop#2	selected	methods	-	0	0	yes	1204	Inductive Definitions	-	2	prop#2	140	152	155	1204	missing	none	-	-	Structural/inductive-definition material has no native declaration target.
methods/induction/inductive-definitions.tex	methods	unit	prob#3	selected	methods	-	0	0	yes	1204	Inductive Definitions	-	3	prob#3	140	152	155	1204	missing	none	-	-	Structural/inductive-definition material has no native declaration target.
methods/induction/introduction.tex	methods	section	section	selected	methods	-	0	0	yes	359	Introduction	-	-	section	1	52	52	359	proved_weaker	manual_fragment_match	FormalOLP/Methods/Induction.lean	FormalOLP.Methods.weak_induction; FormalOLP.Methods.strong_induction	The natural-number principles are native; the source structural-induction discussion has no corresponding native theorem.
methods/induction/relations.tex	methods	section	section	selected	methods	-	0	0	yes	1273	Relations and Functions	defn; defn; prop; defn#defn:depth; prob; prob	-	section	1	182	182	1273	proved_weaker	manual_fragment_match	FormalOLP/Methods/Induction.lean	FormalOLP.Methods.wellFounded_induction; FormalOLP.Methods.measure_induction	Well-founded and measure induction are present; the source unique-readability, subterm, and depth developments are absent.
methods/induction/relations.tex	methods	unit	defn#1	selected	methods	-	0	0	yes	1273	Relations and Functions	-	1	defn#1	175	179	182	1273	missing	none	-	-	The source unit concerns inductive term relations/functions not present in the native API.
methods/induction/relations.tex	methods	unit	defn#2	selected	methods	-	0	0	yes	1273	Relations and Functions	-	2	defn#2	175	179	182	1273	missing	none	-	-	The source unit concerns inductive term relations/functions not present in the native API.
methods/induction/relations.tex	methods	unit	prop#3	selected	methods	-	0	0	yes	1273	Relations and Functions	-	3	prop#3	175	179	182	1273	missing	none	-	-	The source unit concerns inductive term relations/functions not present in the native API.
methods/induction/relations.tex	methods	unit	defn#defn:depth	selected	methods	-	0	0	yes	1273	Relations and Functions	; label=defn:depth	defn:depth	defn#defn:depth	175	179	182	1273	missing	none	-	-	The source unit concerns inductive term relations/functions not present in the native API.
methods/induction/relations.tex	methods	unit	prob#5	selected	methods	-	0	0	yes	1273	Relations and Functions	-	5	prob#5	175	179	182	1273	missing	none	-	-	The source unit concerns inductive term relations/functions not present in the native API.
methods/induction/relations.tex	methods	unit	prob#6	selected	methods	-	0	0	yes	1273	Relations and Functions	-	6	prob#6	175	179	182	1273	missing	none	-	-	The source unit concerns inductive term relations/functions not present in the native API.
methods/induction/strong-induction.tex	methods	section	section	selected	methods	-	0	0	yes	465	Strong Induction	-	-	section	1	52	52	465	proved_equivalent	manual_statement_match	FormalOLP/Methods/Induction.lean	FormalOLP.Methods.strong_induction	The general strong-induction principle is proved; source applications/examples remain absent.
methods/induction/structural-induction.tex	methods	section	section	selected	methods	-	0	0	yes	751	Structural Induction	prop; prob; prop#prop:initial	-	section	1	108	108	751	missing	none	-	-	Structural/inductive-definition material has no native declaration target.
methods/induction/structural-induction.tex	methods	unit	prop#1	selected	methods	-	0	0	yes	751	Structural Induction	-	1	prop#1	75	78	108	751	missing	none	-	-	Structural/inductive-definition material has no native declaration target.
methods/induction/structural-induction.tex	methods	unit	prob#2	selected	methods	-	0	0	yes	751	Structural Induction	-	2	prob#2	75	78	108	751	missing	none	-	-	Structural/inductive-definition material has no native declaration target.
methods/induction/structural-induction.tex	methods	unit	prop#prop:initial	selected	methods	-	0	0	yes	751	Structural Induction	; label=prop:initial	prop:initial	prop#prop:initial	75	78	108	751	missing	none	-	-	Structural/inductive-definition material has no native declaration target.
methods/methods.tex	methods	part	section	selected	methods	-	0	0	yes	77	methods	-	-	section	1	25	25	77	structural_container	aggregator	-	-	Part/chapter container with imports or section assembly; substantive child sections are audited separately.
methods/proofs/cant-do-it.tex	methods	section	section	selected	methods	-	0	0	yes	540	I Can't Do It!{	-	-	section	1	65	65	540	missing	none	-	-	Proof method/example is not formalized in the active Lean API.
methods/proofs/example-1.tex	methods	section	section	selected	methods	-	0	0	yes	1576	An Example	prop	-	section	1	178	178	1576	missing	none	-	-	Proof method/example is not formalized in the active Lean API.
methods/proofs/example-1.tex	methods	unit	prop#1	selected	methods	-	0	0	yes	1576	An Example	-	1	prop#1	17	20	178	1576	missing	none	-	-	Proof method/example is not formalized in the active Lean API.
methods/proofs/example-2.tex	methods	section	section	selected	methods	-	0	0	yes	861	Another Example	prop	-	section	1	105	105	861	missing	none	-	-	Proof method/example is not formalized in the active Lean API.
methods/proofs/example-2.tex	methods	unit	prop#1	selected	methods	-	0	0	yes	861	Another Example	-	1	prop#1	13	15	105	861	missing	none	-	-	Proof method/example is not formalized in the active Lean API.
methods/proofs/inference-patterns.tex	methods	section	section	selected	methods	-	0	0	yes	3125	Inference Patterns	prop; prop; prop; prop	-	section	1	354	354	3125	missing	none	-	-	Proof method/example is not formalized in the active Lean API.
methods/proofs/inference-patterns.tex	methods	unit	prop#1	selected	methods	-	0	0	yes	3125	Inference Patterns	-	1	prop#1	294	296	354	3125	missing	none	-	-	Proof method/example is not formalized in the active Lean API.
methods/proofs/inference-patterns.tex	methods	unit	prop#2	selected	methods	-	0	0	yes	3125	Inference Patterns	-	2	prop#2	294	296	354	3125	missing	none	-	-	Proof method/example is not formalized in the active Lean API.
methods/proofs/inference-patterns.tex	methods	unit	prop#3	selected	methods	-	0	0	yes	3125	Inference Patterns	-	3	prop#3	294	296	354	3125	missing	none	-	-	Proof method/example is not formalized in the active Lean API.
methods/proofs/inference-patterns.tex	methods	unit	prop#4	selected	methods	-	0	0	yes	3125	Inference Patterns	-	4	prop#4	294	296	354	3125	missing	none	-	-	Proof method/example is not formalized in the active Lean API.
methods/proofs/introduction.tex	methods	section	section	selected	methods	-	0	0	yes	622	Introduction	-	-	section	1	71	71	622	non_formal_exposition	documentation_scope	-	-	Proof-method exposition/resources have no formal declaration target.
methods/proofs/proof-by-contradiction.tex	methods	section	section	selected	methods	-	0	0	yes	1750	Proof by Contradiction	prop; prop; prob; prop; prop	-	section	1	221	221	1750	missing	none	-	-	Proof method/example is not formalized in the active Lean API.
methods/proofs/proof-by-contradiction.tex	methods	unit	prop#1	selected	methods	-	0	0	yes	1750	Proof by Contradiction	-	1	prop#1	178	180	221	1750	missing	none	-	-	Proof method/example is not formalized in the active Lean API.
methods/proofs/proof-by-contradiction.tex	methods	unit	prop#2	selected	methods	-	0	0	yes	1750	Proof by Contradiction	-	2	prop#2	178	180	221	1750	missing	none	-	-	Proof method/example is not formalized in the active Lean API.
methods/proofs/proof-by-contradiction.tex	methods	unit	prob#3	selected	methods	-	0	0	yes	1750	Proof by Contradiction	-	3	prob#3	178	180	221	1750	missing	none	-	-	Proof method/example is not formalized in the active Lean API.
methods/proofs/proof-by-contradiction.tex	methods	unit	prop#4	selected	methods	-	0	0	yes	1750	Proof by Contradiction	-	4	prop#4	178	180	221	1750	missing	none	-	-	Proof method/example is not formalized in the active Lean API.
methods/proofs/proof-by-contradiction.tex	methods	unit	prop#5	selected	methods	-	0	0	yes	1750	Proof by Contradiction	-	5	prop#5	178	180	221	1750	missing	none	-	-	Proof method/example is not formalized in the active Lean API.
methods/proofs/proofs.tex	methods	section	section	selected	methods	-	0	0	yes	49	proofs	-	-	section	1	33	33	49	missing	none	-	-	Proof method/example is not formalized in the active Lean API.
methods/proofs/reading-proofs.tex	methods	section	section	selected	methods	-	0	0	yes	988	Reading Proofs	prop[Absorption]; prob	-	section	1	112	112	988	proved_weaker	manual_fragment_match	FormalOLP/SetsFunctionsRelations.lean;FormalOLP/SetsFunctionsRelations/Functions.lean	FormalOLP.SetsFunctionsRelations.intersection_union_absorption	The absorption proposition is native, but the section also contains proof-reading instruction and an unformalized exercise.
methods/proofs/reading-proofs.tex	methods	unit	prop#1	selected	methods	-	0	0	yes	988	Reading Proofs	optional=Absorption	1	prop#1	99	109	112	988	proved_equivalent	manual_statement_match	FormalOLP/SetsFunctionsRelations.lean;FormalOLP/SetsFunctionsRelations/Functions.lean	FormalOLP.SetsFunctionsRelations.intersection_union_absorption	The labelled Absorption proposition has the same statement and unrestricted set hypotheses as the native theorem.
methods/proofs/reading-proofs.tex	methods	unit	prob#2	selected	methods	-	0	0	yes	988	Reading Proofs	-	2	prob#2	99	109	112	988	missing	none	-	-	The source unit is instructional prose or an exercise beyond the native absorption theorem.
methods/proofs/resources.tex	methods	section	section	selected	methods	-	0	0	yes	229	resources	-	-	section	1	46	46	229	non_formal_exposition	documentation_scope	-	-	Proof-method exposition/resources have no formal declaration target.
methods/proofs/starting-proofs.tex	methods	section	section	selected	methods	-	0	0	yes	253	Starting a Proof	-	-	section	1	37	37	253	missing	none	-	-	Proof method/example is not formalized in the active Lean API.
methods/proofs/using-definitions.tex	methods	section	section	selected	methods	-	0	0	yes	977	Using Definitions	prop; defn; prop; prob	-	section	1	110	110	977	missing	none	-	-	Proof method/example is not formalized in the active Lean API.
methods/proofs/using-definitions.tex	methods	unit	prop#1	selected	methods	-	0	0	yes	977	Using Definitions	-	1	prop#1	103	107	110	977	missing	none	-	-	Proof method/example is not formalized in the active Lean API.
methods/proofs/using-definitions.tex	methods	unit	defn#2	selected	methods	-	0	0	yes	977	Using Definitions	-	2	defn#2	103	107	110	977	missing	none	-	-	Proof method/example is not formalized in the active Lean API.
methods/proofs/using-definitions.tex	methods	unit	prop#3	selected	methods	-	0	0	yes	977	Using Definitions	-	3	prop#3	103	107	110	977	missing	none	-	-	Proof method/example is not formalized in the active Lean API.
methods/proofs/using-definitions.tex	methods	unit	prob#4	selected	methods	-	0	0	yes	977	Using Definitions	-	4	prob#4	103	107	110	977	missing	none	-	-	Proof method/example is not formalized in the active Lean API.
reference/fraktur-alphabet/fraktur-alphabet.tex	reference	chapter	section	selected	reference	-	0	0	yes	189	fraktur-alphabet	-	-	section	1	41	41	189	non_formal_exposition	documentation_scope	-	-	Notation-reference material; no mathematical Lean theorem target is claimed.
reference/greek-alphabet/greek-alphabet.tex	reference	chapter	section	selected	reference	-	0	0	yes	105	greek-alphabet	-	-	section	1	39	39	105	non_formal_exposition	documentation_scope	-	-	Notation-reference material; no mathematical Lean theorem target is claimed.
reference/reference.tex	reference	part	section	selected	reference	-	0	0	yes	48	reference	-	-	section	1	21	21	48	structural_container	aggregator	-	-	Part/chapter container with imports or section assembly; substantive child sections are audited separately.
set-theory/card-arithmetic/card-arithmetic.tex	set-theory	chapter	section	selected	set-theory	-	0	0	yes	33	card-arithmetic	-	-	section	1	18	18	33	structural_container	aggregator	-	-	Part/chapter container with imports or section assembly; substantive child sections are audited separately.
set-theory/card-arithmetic/ch.tex	set-theory	section	section	selected	set-theory	-	0	0	yes	996	The Continuum Hypothesis	defn; prop; prop; defish; defish	-	section	1	150	150	996	missing	none	-	-	No active declaration covers this ordinal, replacement, cardinal, choice, or cumulative-hierarchy result.
set-theory/card-arithmetic/ch.tex	set-theory	unit	defn#1	selected	set-theory	-	0	0	yes	996	The Continuum Hypothesis	-	1	defn#1	111	113	150	996	missing	none	-	-	No active declaration covers this ordinal, replacement, cardinal, choice, or cumulative-hierarchy result.
set-theory/card-arithmetic/ch.tex	set-theory	unit	prop#2	selected	set-theory	-	0	0	yes	996	The Continuum Hypothesis	-	2	prop#2	111	113	150	996	missing	none	-	-	No active declaration covers this ordinal, replacement, cardinal, choice, or cumulative-hierarchy result.
set-theory/card-arithmetic/ch.tex	set-theory	unit	prop#3	selected	set-theory	-	0	0	yes	996	The Continuum Hypothesis	-	3	prop#3	111	113	150	996	missing	none	-	-	No active declaration covers this ordinal, replacement, cardinal, choice, or cumulative-hierarchy result.
set-theory/card-arithmetic/ch.tex	set-theory	unit	defish#4	selected	set-theory	-	0	0	yes	996	The Continuum Hypothesis	-	4	defish#4	111	113	150	996	missing	none	-	-	No active declaration covers this ordinal, replacement, cardinal, choice, or cumulative-hierarchy result.
set-theory/card-arithmetic/ch.tex	set-theory	unit	defish#5	selected	set-theory	-	0	0	yes	996	The Continuum Hypothesis	-	5	defish#5	111	113	150	996	missing	none	-	-	No active declaration covers this ordinal, replacement, cardinal, choice, or cumulative-hierarchy result.
set-theory/card-arithmetic/expotough.tex	set-theory	section	section	selected	set-theory	-	0	0	yes	615	expotough	prop#simplecardexpo; prop#cardexpo2reduct; prop; prop	-	section	1	104	104	615	missing	none	-	-	No active declaration covers this ordinal, replacement, cardinal, choice, or cumulative-hierarchy result.
set-theory/card-arithmetic/expotough.tex	set-theory	unit	prop#simplecardexpo	selected	set-theory	-	0	0	yes	615	expotough	; label=simplecardexpo	simplecardexpo	prop#simplecardexpo	89	93	104	615	missing	none	-	-	No active declaration covers this ordinal, replacement, cardinal, choice, or cumulative-hierarchy result.
set-theory/card-arithmetic/expotough.tex	set-theory	unit	prop#cardexpo2reduct	selected	set-theory	-	0	0	yes	615	expotough	; label=cardexpo2reduct	cardexpo2reduct	prop#cardexpo2reduct	89	93	104	615	missing	none	-	-	No active declaration covers this ordinal, replacement, cardinal, choice, or cumulative-hierarchy result.
set-theory/card-arithmetic/expotough.tex	set-theory	unit	prop#3	selected	set-theory	-	0	0	yes	615	expotough	-	3	prop#3	89	93	104	615	missing	none	-	-	No active declaration covers this ordinal, replacement, cardinal, choice, or cumulative-hierarchy result.
set-theory/card-arithmetic/expotough.tex	set-theory	unit	prop#4	selected	set-theory	-	0	0	yes	615	expotough	-	4	prop#4	89	93	104	615	missing	none	-	-	No active declaration covers this ordinal, replacement, cardinal, choice, or cumulative-hierarchy result.
set-theory/card-arithmetic/fix.tex	set-theory	section	section	selected	set-theory	-	0	0	yes	1102	-Fixed Points	prop#alephfixed; prop#bethfixed; prop#stagesize; cor	-	section	1	164	164	1102	missing	none	-	-	No active declaration covers this ordinal, replacement, cardinal, choice, or cumulative-hierarchy result.
set-theory/card-arithmetic/fix.tex	set-theory	unit	prop#alephfixed	selected	set-theory	-	0	0	yes	1102	-Fixed Points	; label=alephfixed	alephfixed	prop#alephfixed	125	127	164	1102	missing	none	-	-	No active declaration covers this ordinal, replacement, cardinal, choice, or cumulative-hierarchy result.
set-theory/card-arithmetic/fix.tex	set-theory	unit	prop#bethfixed	selected	set-theory	-	0	0	yes	1102	-Fixed Points	; label=bethfixed	bethfixed	prop#bethfixed	125	127	164	1102	missing	none	-	-	No active declaration covers this ordinal, replacement, cardinal, choice, or cumulative-hierarchy result.
set-theory/card-arithmetic/fix.tex	set-theory	unit	prop#stagesize	selected	set-theory	-	0	0	yes	1102	-Fixed Points	; label=stagesize	stagesize	prop#stagesize	125	127	164	1102	missing	none	-	-	No active declaration covers this ordinal, replacement, cardinal, choice, or cumulative-hierarchy result.
set-theory/card-arithmetic/fix.tex	set-theory	unit	cor#4	selected	set-theory	-	0	0	yes	1102	-Fixed Points	-	4	cor#4	125	127	164	1102	missing	none	-	-	No active declaration covers this ordinal, replacement, cardinal, choice, or cumulative-hierarchy result.
set-theory/card-arithmetic/opps.tex	set-theory	section	section	selected	set-theory	-	0	0	yes	855	Defining the Basic Operations	defn; prob; prop#cardplustimescommute; prob; prop; lem#lem:SizePowerset2Exp; cor#cantorcor; thm#continuumis2aleph0; prob	-	section	1	151	151	855	missing	none	-	-	No active declaration covers this ordinal, replacement, cardinal, choice, or cumulative-hierarchy result.
set-theory/card-arithmetic/opps.tex	set-theory	unit	defn#1	selected	set-theory	-	0	0	yes	855	Defining the Basic Operations	-	1	defn#1	144	149	151	855	missing	none	-	-	No active declaration covers this ordinal, replacement, cardinal, choice, or cumulative-hierarchy result.
set-theory/card-arithmetic/opps.tex	set-theory	unit	prob#2	selected	set-theory	-	0	0	yes	855	Defining the Basic Operations	-	2	prob#2	144	149	151	855	missing	none	-	-	No active declaration covers this ordinal, replacement, cardinal, choice, or cumulative-hierarchy result.
set-theory/card-arithmetic/opps.tex	set-theory	unit	prop#cardplustimescommute	selected	set-theory	-	0	0	yes	855	Defining the Basic Operations	; label=cardplustimescommute	cardplustimescommute	prop#cardplustimescommute	144	149	151	855	missing	none	-	-	No active declaration covers this ordinal, replacement, cardinal, choice, or cumulative-hierarchy result.
set-theory/card-arithmetic/opps.tex	set-theory	unit	prob#4	selected	set-theory	-	0	0	yes	855	Defining the Basic Operations	-	4	prob#4	144	149	151	855	missing	none	-	-	No active declaration covers this ordinal, replacement, cardinal, choice, or cumulative-hierarchy result.
set-theory/card-arithmetic/opps.tex	set-theory	unit	prop#5	selected	set-theory	-	0	0	yes	855	Defining the Basic Operations	-	5	prop#5	144	149	151	855	missing	none	-	-	No active declaration covers this ordinal, replacement, cardinal, choice, or cumulative-hierarchy result.
set-theory/card-arithmetic/opps.tex	set-theory	unit	lem#lem:SizePowerset2Exp	selected	set-theory	-	0	0	yes	855	Defining the Basic Operations	; label=lem:SizePowerset2Exp	lem:SizePowerset2Exp	lem#lem:SizePowerset2Exp	144	149	151	855	missing	none	-	-	No active declaration covers this ordinal, replacement, cardinal, choice, or cumulative-hierarchy result.
set-theory/card-arithmetic/opps.tex	set-theory	unit	cor#cantorcor	selected	set-theory	-	0	0	yes	855	Defining the Basic Operations	; label=cantorcor	cantorcor	cor#cantorcor	144	149	151	855	missing	none	-	-	No active declaration covers this ordinal, replacement, cardinal, choice, or cumulative-hierarchy result.
set-theory/card-arithmetic/opps.tex	set-theory	unit	thm#continuumis2aleph0	selected	set-theory	-	0	0	yes	855	Defining the Basic Operations	; label=continuumis2aleph0	continuumis2aleph0	thm#continuumis2aleph0	144	149	151	855	missing	none	-	-	No active declaration covers this ordinal, replacement, cardinal, choice, or cumulative-hierarchy result.
set-theory/card-arithmetic/opps.tex	set-theory	unit	prob#9	selected	set-theory	-	0	0	yes	855	Defining the Basic Operations	-	9	prob#9	144	149	151	855	missing	none	-	-	No active declaration covers this ordinal, replacement, cardinal, choice, or cumulative-hierarchy result.
set-theory/card-arithmetic/simp.tex	set-theory	section	section	selected	set-theory	-	0	0	yes	804	Simplifying Addition and Multiplication	defn; lem; prop#simplecardproduct; lem#alphatimesalpha; thm#cardplustimesmax; prop#kappaunionkappasize	-	section	1	137	137	804	missing	none	-	-	No active declaration covers this ordinal, replacement, cardinal, choice, or cumulative-hierarchy result.
set-theory/card-arithmetic/simp.tex	set-theory	unit	defn#1	selected	set-theory	-	0	0	yes	804	Simplifying Addition and Multiplication	-	1	defn#1	120	125	137	804	missing	none	-	-	No active declaration covers this ordinal, replacement, cardinal, choice, or cumulative-hierarchy result.
set-theory/card-arithmetic/simp.tex	set-theory	unit	lem#2	selected	set-theory	-	0	0	yes	804	Simplifying Addition and Multiplication	-	2	lem#2	120	125	137	804	missing	none	-	-	No active declaration covers this ordinal, replacement, cardinal, choice, or cumulative-hierarchy result.
set-theory/card-arithmetic/simp.tex	set-theory	unit	prop#simplecardproduct	selected	set-theory	-	0	0	yes	804	Simplifying Addition and Multiplication	; label=simplecardproduct	simplecardproduct	prop#simplecardproduct	120	125	137	804	missing	none	-	-	No active declaration covers this ordinal, replacement, cardinal, choice, or cumulative-hierarchy result.
set-theory/card-arithmetic/simp.tex	set-theory	unit	lem#alphatimesalpha	selected	set-theory	-	0	0	yes	804	Simplifying Addition and Multiplication	; label=alphatimesalpha	alphatimesalpha	lem#alphatimesalpha	120	125	137	804	missing	none	-	-	No active declaration covers this ordinal, replacement, cardinal, choice, or cumulative-hierarchy result.
set-theory/card-arithmetic/simp.tex	set-theory	unit	thm#cardplustimesmax	selected	set-theory	-	0	0	yes	804	Simplifying Addition and Multiplication	; label=cardplustimesmax	cardplustimesmax	thm#cardplustimesmax	120	125	137	804	missing	none	-	-	No active declaration covers this ordinal, replacement, cardinal, choice, or cumulative-hierarchy result.
set-theory/card-arithmetic/simp.tex	set-theory	unit	prop#kappaunionkappasize	selected	set-theory	-	0	0	yes	804	Simplifying Addition and Multiplication	; label=kappaunionkappasize	kappaunionkappasize	prop#kappaunionkappasize	120	125	137	804	missing	none	-	-	No active declaration covers this ordinal, replacement, cardinal, choice, or cumulative-hierarchy result.
set-theory/cardinals/cardinals.tex	set-theory	chapter	section	selected	set-theory	-	0	0	yes	30	cardinals	-	-	section	1	18	18	30	structural_container	aggregator	-	-	Part/chapter container with imports or section assembly; substantive child sections are audited separately.
set-theory/cardinals/cardsasords.tex	set-theory	section	section	selected	set-theory	-	0	0	yes	929	Cardinals as Ordinals	defn#defcardinalasordinal; axiom[Well-Ordering]; lem#lem:CardinalsExist; lem#lem:CardinalsBehaveRight	-	section	1	128	128	929	missing	none	-	-	No active declaration covers this ordinal, replacement, cardinal, choice, or cumulative-hierarchy result.
set-theory/cardinals/cardsasords.tex	set-theory	unit	defn#defcardinalasordinal	selected	set-theory	-	0	0	yes	929	Cardinals as Ordinals	; label=defcardinalasordinal	defcardinalasordinal	defn#defcardinalasordinal	77	84	128	929	missing	none	-	-	No active declaration covers this ordinal, replacement, cardinal, choice, or cumulative-hierarchy result.
set-theory/cardinals/cardsasords.tex	set-theory	unit	axiom#2	selected	set-theory	-	0	0	yes	929	Cardinals as Ordinals	optional=Well-Ordering	2	axiom#2	77	84	128	929	missing	none	-	-	No active declaration covers this ordinal, replacement, cardinal, choice, or cumulative-hierarchy result.
set-theory/cardinals/cardsasords.tex	set-theory	unit	lem#lem:CardinalsExist	selected	set-theory	-	0	0	yes	929	Cardinals as Ordinals	; label=lem:CardinalsExist	lem:CardinalsExist	lem#lem:CardinalsExist	77	84	128	929	missing	none	-	-	No active declaration covers this ordinal, replacement, cardinal, choice, or cumulative-hierarchy result.
set-theory/cardinals/cardsasords.tex	set-theory	unit	lem#lem:CardinalsBehaveRight	selected	set-theory	-	0	0	yes	929	Cardinals as Ordinals	; label=lem:CardinalsBehaveRight	lem:CardinalsBehaveRight	lem#lem:CardinalsBehaveRight	77	84	128	929	missing	none	-	-	No active declaration covers this ordinal, replacement, cardinal, choice, or cumulative-hierarchy result.
set-theory/cardinals/classing.tex	set-theory	section	section	selected	set-theory	-	0	0	yes	1032	Finite, {S	prop#finitecardisoequal; cor#naturalsarecardinals; thm#generalinfinitycharacter; defn#defnfinite; cor#omegaisacardinal; cor; prop; cor; prop#unioncardinalscardinal; thm#lem:NoLargestCardinal; thm	-	section	1	186	186	1032	missing	none	-	-	No active declaration covers this ordinal, replacement, cardinal, choice, or cumulative-hierarchy result.
set-theory/cardinals/classing.tex	set-theory	unit	prop#finitecardisoequal	selected	set-theory	-	0	0	yes	1032	Finite, {S	; label=finitecardisoequal	finitecardisoequal	prop#finitecardisoequal	171	173	186	1032	missing	none	-	-	No active declaration covers this ordinal, replacement, cardinal, choice, or cumulative-hierarchy result.
set-theory/cardinals/classing.tex	set-theory	unit	cor#naturalsarecardinals	selected	set-theory	-	0	0	yes	1032	Finite, {S	; label=naturalsarecardinals	naturalsarecardinals	cor#naturalsarecardinals	171	173	186	1032	missing	none	-	-	No active declaration covers this ordinal, replacement, cardinal, choice, or cumulative-hierarchy result.
set-theory/cardinals/classing.tex	set-theory	unit	thm#generalinfinitycharacter	selected	set-theory	-	0	0	yes	1032	Finite, {S	; label=generalinfinitycharacter	generalinfinitycharacter	thm#generalinfinitycharacter	171	173	186	1032	missing	none	-	-	No active declaration covers this ordinal, replacement, cardinal, choice, or cumulative-hierarchy result.
set-theory/cardinals/classing.tex	set-theory	unit	defn#defnfinite	selected	set-theory	-	0	0	yes	1032	Finite, {S	; label=defnfinite	defnfinite	defn#defnfinite	171	173	186	1032	missing	none	-	-	No active declaration covers this ordinal, replacement, cardinal, choice, or cumulative-hierarchy result.
set-theory/cardinals/classing.tex	set-theory	unit	cor#omegaisacardinal	selected	set-theory	-	0	0	yes	1032	Finite, {S	; label=omegaisacardinal	omegaisacardinal	cor#omegaisacardinal	171	173	186	1032	missing	none	-	-	No active declaration covers this ordinal, replacement, cardinal, choice, or cumulative-hierarchy result.
set-theory/cardinals/classing.tex	set-theory	unit	cor#6	selected	set-theory	-	0	0	yes	1032	Finite, {S	-	6	cor#6	171	173	186	1032	missing	none	-	-	No active declaration covers this ordinal, replacement, cardinal, choice, or cumulative-hierarchy result.
set-theory/cardinals/classing.tex	set-theory	unit	prop#7	selected	set-theory	-	0	0	yes	1032	Finite, {S	-	7	prop#7	171	173	186	1032	missing	none	-	-	No active declaration covers this ordinal, replacement, cardinal, choice, or cumulative-hierarchy result.
set-theory/cardinals/classing.tex	set-theory	unit	cor#8	selected	set-theory	-	0	0	yes	1032	Finite, {S	-	8	cor#8	171	173	186	1032	missing	none	-	-	No active declaration covers this ordinal, replacement, cardinal, choice, or cumulative-hierarchy result.
set-theory/cardinals/classing.tex	set-theory	unit	prop#unioncardinalscardinal	selected	set-theory	-	0	0	yes	1032	Finite, {S	; label=unioncardinalscardinal	unioncardinalscardinal	prop#unioncardinalscardinal	171	173	186	1032	missing	none	-	-	No active declaration covers this ordinal, replacement, cardinal, choice, or cumulative-hierarchy result.
set-theory/cardinals/classing.tex	set-theory	unit	thm#lem:NoLargestCardinal	selected	set-theory	-	0	0	yes	1032	Finite, {S	; label=lem:NoLargestCardinal	lem:NoLargestCardinal	thm#lem:NoLargestCardinal	171	173	186	1032	missing	none	-	-	No active declaration covers this ordinal, replacement, cardinal, choice, or cumulative-hierarchy result.
set-theory/cardinals/classing.tex	set-theory	unit	thm#11	selected	set-theory	-	0	0	yes	1032	Finite, {S	-	11	thm#11	171	173	186	1032	missing	none	-	-	No active declaration covers this ordinal, replacement, cardinal, choice, or cumulative-hierarchy result.
set-theory/cardinals/cp.tex	set-theory	section	section	selected	set-theory	-	0	0	yes	308	Cantor's Principle	-	-	section	1	44	44	308	missing	none	-	-	No active declaration covers this ordinal, replacement, cardinal, choice, or cumulative-hierarchy result.
set-theory/cardinals/hp.tex	set-theory	section	section	selected	set-theory	-	0	0	yes	833	Appendix: Hume's Principle	-	-	section	1	99	99	833	missing	none	-	-	No active declaration covers this ordinal, replacement, cardinal, choice, or cumulative-hierarchy result.
set-theory/cardinals/milestone.tex	set-theory	section	section	selected	set-theory	-	0	0	yes	152	: A Milestone	defn	-	section	1	27	27	152	defined_only	manual_definition_match	FormalOLP/SetTheory/Basic.lean	FormalOLP.SetTheory.Language; FormalOLP.SetTheory.ModelExtensionality	The source lists the ZF/ZFC milestones; the native module records only the membership language and a few model axioms, without asserting the list.
set-theory/cardinals/milestone.tex	set-theory	unit	defn#1	selected	set-theory	-	0	0	yes	152	: A Milestone	-	1	defn#1	12	17	27	152	defined_only	manual_definition_match	FormalOLP/SetTheory/Basic.lean	FormalOLP.SetTheory.Language; FormalOLP.SetTheory.ModelExtensionality	The source lists the ZF/ZFC milestones; the native module records only the membership language and a few model axioms, without asserting the list.
set-theory/choice/banach.tex	set-theory	section	section	selected	set-theory	-	0	0	yes	617	The Banach--Tarski Paradox	thm[Banach--Tarski Paradox (in $\ZFC$)]	-	section	1	82	82	617	missing	none	-	-	No active declaration covers this ordinal, replacement, cardinal, choice, or cumulative-hierarchy result.
set-theory/choice/banach.tex	set-theory	unit	thm#1	selected	set-theory	-	0	0	yes	617	The Banach--Tarski Paradox	optional=Banach--Tarski Paradox (in $\ZFC$)	1	thm#1	19	23	82	617	missing	none	-	-	No active declaration covers this ordinal, replacement, cardinal, choice, or cumulative-hierarchy result.
set-theory/choice/choice.tex	set-theory	chapter	section	selected	set-theory	-	0	0	yes	36	choice	-	-	section	1	21	21	36	structural_container	aggregator	-	-	Part/chapter container with imports or section assembly; substantive child sections are audited separately.
set-theory/choice/countablechoice.tex	set-theory	section	section	selected	set-theory	-	0	0	yes	1155	Countable Choice	lem[in $\Zminus$]; defish; ex; thm[in $\Zminus + \text{Countable Choice}$]; ex; thm[in $\Zminus + \text{Countable Choice}$]	-	section	1	162	162	1155	missing	none	-	-	No active declaration covers this ordinal, replacement, cardinal, choice, or cumulative-hierarchy result.
set-theory/choice/countablechoice.tex	set-theory	unit	lem#1	selected	set-theory	-	0	0	yes	1155	Countable Choice	optional=in $\Zminus$	1	lem#1	96	99	162	1155	missing	none	-	-	No active declaration covers this ordinal, replacement, cardinal, choice, or cumulative-hierarchy result.
set-theory/choice/countablechoice.tex	set-theory	unit	defish#2	selected	set-theory	-	0	0	yes	1155	Countable Choice	-	2	defish#2	96	99	162	1155	missing	none	-	-	No active declaration covers this ordinal, replacement, cardinal, choice, or cumulative-hierarchy result.
set-theory/choice/countablechoice.tex	set-theory	unit	ex#3	selected	set-theory	-	0	0	yes	1155	Countable Choice	-	3	ex#3	96	99	162	1155	missing	none	-	-	No active declaration covers this ordinal, replacement, cardinal, choice, or cumulative-hierarchy result.
set-theory/choice/countablechoice.tex	set-theory	unit	thm#4	selected	set-theory	-	0	0	yes	1155	Countable Choice	optional=in $\Zminus + \text{Countable Choice}$	4	thm#4	96	99	162	1155	missing	none	-	-	No active declaration covers this ordinal, replacement, cardinal, choice, or cumulative-hierarchy result.
set-theory/choice/countablechoice.tex	set-theory	unit	ex#5	selected	set-theory	-	0	0	yes	1155	Countable Choice	-	5	ex#5	96	99	162	1155	missing	none	-	-	No active declaration covers this ordinal, replacement, cardinal, choice, or cumulative-hierarchy result.
set-theory/choice/countablechoice.tex	set-theory	unit	thm#6	selected	set-theory	-	0	0	yes	1155	Countable Choice	optional=in $\Zminus + \text{Countable Choice}$	6	thm#6	96	99	162	1155	missing	none	-	-	No active declaration covers this ordinal, replacement, cardinal, choice, or cumulative-hierarchy result.
set-theory/choice/hartogs.tex	set-theory	section	section	selected	set-theory	-	0	0	yes	562	Comparability and Hartogs' Lemma	lem[\emph{in $\ZF$}]#HartogsLemma; thm[\emph{in $\ZF$}]#equivwo	-	section	1	86	86	562	missing	none	-	-	No active declaration covers this ordinal, replacement, cardinal, choice, or cumulative-hierarchy result.
set-theory/choice/hartogs.tex	set-theory	unit	lem#HartogsLemma	selected	set-theory	-	0	0	yes	562	Comparability and Hartogs' Lemma	optional=\emph{in $\ZF$}; label=HartogsLemma	HartogsLemma	lem#HartogsLemma	49	56	86	562	missing	none	-	-	No active declaration covers this ordinal, replacement, cardinal, choice, or cumulative-hierarchy result.
set-theory/choice/hartogs.tex	set-theory	unit	thm#equivwo	selected	set-theory	-	0	0	yes	562	Comparability and Hartogs' Lemma	optional=\emph{in $\ZF$}; label=equivwo	equivwo	thm#equivwo	49	56	86	562	missing	none	-	-	No active declaration covers this ordinal, replacement, cardinal, choice, or cumulative-hierarchy result.
set-theory/choice/introduction.tex	set-theory	section	section	selected	set-theory	-	0	0	yes	86	Introduction	-	-	section	1	17	17	86	non_formal_exposition	documentation_scope	-	-	Introductory exposition without a formal declaration target.
set-theory/choice/justifications.tex	set-theory	section	section	selected	set-theory	-	0	0	yes	451	Intrinsic Considerations about Choice	thm[in $\ZF$]#choiceset; prob	-	section	1	64	64	451	missing	none	-	-	No active declaration covers this ordinal, replacement, cardinal, choice, or cumulative-hierarchy result.
set-theory/choice/justifications.tex	set-theory	unit	thm#choiceset	selected	set-theory	-	0	0	yes	451	Intrinsic Considerations about Choice	optional=in $\ZF$; label=choiceset	choiceset	thm#choiceset	38	41	64	451	missing	none	-	-	No active declaration covers this ordinal, replacement, cardinal, choice, or cumulative-hierarchy result.
set-theory/choice/justifications.tex	set-theory	unit	prob#2	selected	set-theory	-	0	0	yes	451	Intrinsic Considerations about Choice	-	2	prob#2	38	41	64	451	missing	none	-	-	No active declaration covers this ordinal, replacement, cardinal, choice, or cumulative-hierarchy result.
set-theory/choice/tarskiscott.tex	set-theory	section	section	selected	set-theory	-	0	0	yes	531	The Tarski--Scott Trick	defn[Tarski--Scott]; defn	-	section	1	74	74	531	missing	none	-	-	No active declaration covers this ordinal, replacement, cardinal, choice, or cumulative-hierarchy result.
set-theory/choice/tarskiscott.tex	set-theory	unit	defn#1	selected	set-theory	-	0	0	yes	531	The Tarski--Scott Trick	optional=Tarski--Scott	1	defn#1	53	56	74	531	missing	none	-	-	No active declaration covers this ordinal, replacement, cardinal, choice, or cumulative-hierarchy result.
set-theory/choice/tarskiscott.tex	set-theory	unit	defn#2	selected	set-theory	-	0	0	yes	531	The Tarski--Scott Trick	-	2	defn#2	53	56	74	531	missing	none	-	-	No active declaration covers this ordinal, replacement, cardinal, choice, or cumulative-hierarchy result.
set-theory/choice/vitali.tex	set-theory	section	section	selected	set-theory	-	0	0	yes	2004	Appendix: Vitali's Paradox	thm[Vitali's Paradox (in $\ZFC$)]#vitaliparadox; lem#rotationsgroupabelian; lem#disjointgroup; lem; lem#vitalicover; lem#vitalinooverlap; lem#pseudobanachtarski; thm[Hausdorff's Paradox (in $\ZFC$)]; cor[Vitali]	-	section	1	271	271	2004	missing	none	-	-	No active declaration covers this ordinal, replacement, cardinal, choice, or cumulative-hierarchy result.
set-theory/choice/vitali.tex	set-theory	unit	thm#vitaliparadox	selected	set-theory	-	0	0	yes	2004	Appendix: Vitali's Paradox	optional=Vitali's Paradox (in $\ZFC$); label=vitaliparadox	vitaliparadox	thm#vitaliparadox	247	252	271	2004	missing	none	-	-	No active declaration covers this ordinal, replacement, cardinal, choice, or cumulative-hierarchy result.
set-theory/choice/vitali.tex	set-theory	unit	lem#rotationsgroupabelian	selected	set-theory	-	0	0	yes	2004	Appendix: Vitali's Paradox	; label=rotationsgroupabelian	rotationsgroupabelian	lem#rotationsgroupabelian	247	252	271	2004	missing	none	-	-	No active declaration covers this ordinal, replacement, cardinal, choice, or cumulative-hierarchy result.
set-theory/choice/vitali.tex	set-theory	unit	lem#disjointgroup	selected	set-theory	-	0	0	yes	2004	Appendix: Vitali's Paradox	; label=disjointgroup	disjointgroup	lem#disjointgroup	247	252	271	2004	missing	none	-	-	No active declaration covers this ordinal, replacement, cardinal, choice, or cumulative-hierarchy result.
set-theory/choice/vitali.tex	set-theory	unit	lem#4	selected	set-theory	-	0	0	yes	2004	Appendix: Vitali's Paradox	-	4	lem#4	247	252	271	2004	missing	none	-	-	No active declaration covers this ordinal, replacement, cardinal, choice, or cumulative-hierarchy result.
set-theory/choice/vitali.tex	set-theory	unit	lem#vitalicover	selected	set-theory	-	0	0	yes	2004	Appendix: Vitali's Paradox	; label=vitalicover	vitalicover	lem#vitalicover	247	252	271	2004	missing	none	-	-	No active declaration covers this ordinal, replacement, cardinal, choice, or cumulative-hierarchy result.
set-theory/choice/vitali.tex	set-theory	unit	lem#vitalinooverlap	selected	set-theory	-	0	0	yes	2004	Appendix: Vitali's Paradox	; label=vitalinooverlap	vitalinooverlap	lem#vitalinooverlap	247	252	271	2004	missing	none	-	-	No active declaration covers this ordinal, replacement, cardinal, choice, or cumulative-hierarchy result.
set-theory/choice/vitali.tex	set-theory	unit	lem#pseudobanachtarski	selected	set-theory	-	0	0	yes	2004	Appendix: Vitali's Paradox	; label=pseudobanachtarski	pseudobanachtarski	lem#pseudobanachtarski	247	252	271	2004	missing	none	-	-	No active declaration covers this ordinal, replacement, cardinal, choice, or cumulative-hierarchy result.
set-theory/choice/vitali.tex	set-theory	unit	thm#8	selected	set-theory	-	0	0	yes	2004	Appendix: Vitali's Paradox	optional=Hausdorff's Paradox (in $\ZFC$)	8	thm#8	247	252	271	2004	missing	none	-	-	No active declaration covers this ordinal, replacement, cardinal, choice, or cumulative-hierarchy result.
set-theory/choice/vitali.tex	set-theory	unit	cor#9	selected	set-theory	-	0	0	yes	2004	Appendix: Vitali's Paradox	optional=Vitali	9	cor#9	247	252	271	2004	missing	none	-	-	No active declaration covers this ordinal, replacement, cardinal, choice, or cumulative-hierarchy result.
set-theory/choice/wellorderingproblem.tex	set-theory	section	section	selected	set-theory	-	0	0	yes	589	The Well-Ordering Problem	defn; axiom[Choice]; thm[in $\ZF$]#thmwochoice	-	section	1	81	81	589	missing	none	-	-	No active declaration covers this ordinal, replacement, cardinal, choice, or cumulative-hierarchy result.
set-theory/choice/wellorderingproblem.tex	set-theory	unit	defn#1	selected	set-theory	-	0	0	yes	589	The Well-Ordering Problem	-	1	defn#1	38	40	81	589	missing	none	-	-	No active declaration covers this ordinal, replacement, cardinal, choice, or cumulative-hierarchy result.
set-theory/choice/wellorderingproblem.tex	set-theory	unit	axiom#2	selected	set-theory	-	0	0	yes	589	The Well-Ordering Problem	optional=Choice	2	axiom#2	38	40	81	589	missing	none	-	-	No active declaration covers this ordinal, replacement, cardinal, choice, or cumulative-hierarchy result.
set-theory/choice/wellorderingproblem.tex	set-theory	unit	thm#thmwochoice	selected	set-theory	-	0	0	yes	589	The Well-Ordering Problem	optional=in $\ZF$; label=thmwochoice	thmwochoice	thm#thmwochoice	38	40	81	589	missing	none	-	-	No active declaration covers this ordinal, replacement, cardinal, choice, or cumulative-hierarchy result.
set-theory/ord-arithmetic/addition.tex	set-theory	section	section	selected	set-theory	-	0	0	yes	1315	Ordinal Addition	defn#defdissum; defn; defn#defordplus; lem#ordsumlessiswo; prop; lem#ordadditionrecursion; lem#ordinaladditionisnice; prob; prop#ordsumnotcommute	-	section	1	206	206	1315	missing	none	-	-	No active declaration covers this ordinal, replacement, cardinal, choice, or cumulative-hierarchy result.
set-theory/ord-arithmetic/addition.tex	set-theory	unit	defn#defdissum	selected	set-theory	-	0	0	yes	1315	Ordinal Addition	; label=defdissum	defdissum	defn#defdissum	184	187	206	1315	missing	none	-	-	No active declaration covers this ordinal, replacement, cardinal, choice, or cumulative-hierarchy result.
set-theory/ord-arithmetic/addition.tex	set-theory	unit	defn#2	selected	set-theory	-	0	0	yes	1315	Ordinal Addition	-	2	defn#2	184	187	206	1315	missing	none	-	-	No active declaration covers this ordinal, replacement, cardinal, choice, or cumulative-hierarchy result.
set-theory/ord-arithmetic/addition.tex	set-theory	unit	defn#defordplus	selected	set-theory	-	0	0	yes	1315	Ordinal Addition	; label=defordplus	defordplus	defn#defordplus	184	187	206	1315	missing	none	-	-	No active declaration covers this ordinal, replacement, cardinal, choice, or cumulative-hierarchy result.
set-theory/ord-arithmetic/addition.tex	set-theory	unit	lem#ordsumlessiswo	selected	set-theory	-	0	0	yes	1315	Ordinal Addition	; label=ordsumlessiswo	ordsumlessiswo	lem#ordsumlessiswo	184	187	206	1315	missing	none	-	-	No active declaration covers this ordinal, replacement, cardinal, choice, or cumulative-hierarchy result.
set-theory/ord-arithmetic/addition.tex	set-theory	unit	prop#5	selected	set-theory	-	0	0	yes	1315	Ordinal Addition	-	5	prop#5	184	187	206	1315	missing	none	-	-	No active declaration covers this ordinal, replacement, cardinal, choice, or cumulative-hierarchy result.
set-theory/ord-arithmetic/addition.tex	set-theory	unit	lem#ordadditionrecursion	selected	set-theory	-	0	0	yes	1315	Ordinal Addition	; label=ordadditionrecursion	ordadditionrecursion	lem#ordadditionrecursion	184	187	206	1315	missing	none	-	-	No active declaration covers this ordinal, replacement, cardinal, choice, or cumulative-hierarchy result.
set-theory/ord-arithmetic/addition.tex	set-theory	unit	lem#ordinaladditionisnice	selected	set-theory	-	0	0	yes	1315	Ordinal Addition	; label=ordinaladditionisnice	ordinaladditionisnice	lem#ordinaladditionisnice	184	187	206	1315	missing	none	-	-	No active declaration covers this ordinal, replacement, cardinal, choice, or cumulative-hierarchy result.
set-theory/ord-arithmetic/addition.tex	set-theory	unit	prob#8	selected	set-theory	-	0	0	yes	1315	Ordinal Addition	-	8	prob#8	184	187	206	1315	missing	none	-	-	No active declaration covers this ordinal, replacement, cardinal, choice, or cumulative-hierarchy result.
set-theory/ord-arithmetic/addition.tex	set-theory	unit	prop#ordsumnotcommute	selected	set-theory	-	0	0	yes	1315	Ordinal Addition	; label=ordsumnotcommute	ordsumnotcommute	prop#ordsumnotcommute	184	187	206	1315	missing	none	-	-	No active declaration covers this ordinal, replacement, cardinal, choice, or cumulative-hierarchy result.
set-theory/ord-arithmetic/exponentiation.tex	set-theory	section	section	selected	set-theory	-	0	0	yes	395	Ordinal Exponentiation	defn#ordexporecursion; prob	-	section	1	59	59	395	missing	none	-	-	No active declaration covers this ordinal, replacement, cardinal, choice, or cumulative-hierarchy result.
set-theory/ord-arithmetic/exponentiation.tex	set-theory	unit	defn#ordexporecursion	selected	set-theory	-	0	0	yes	395	Ordinal Exponentiation	; label=ordexporecursion	ordexporecursion	defn#ordexporecursion	52	57	59	395	missing	none	-	-	No active declaration covers this ordinal, replacement, cardinal, choice, or cumulative-hierarchy result.
set-theory/ord-arithmetic/exponentiation.tex	set-theory	unit	prob#2	selected	set-theory	-	0	0	yes	395	Ordinal Exponentiation	-	2	prob#2	52	57	59	395	missing	none	-	-	No active declaration covers this ordinal, replacement, cardinal, choice, or cumulative-hierarchy result.
set-theory/ord-arithmetic/introduction.tex	set-theory	section	section	selected	set-theory	-	0	0	yes	141	Introduction	-	-	section	1	22	22	141	missing	none	-	-	No active declaration covers this ordinal, replacement, cardinal, choice, or cumulative-hierarchy result.
set-theory/ord-arithmetic/multiplication.tex	set-theory	section	section	selected	set-theory	-	0	0	yes	570	Ordinal Multiplication	defn; lem#ordtimeslessiswo; lem#ordtimesrecursion; lem#ordinalmultiplicationisnice; prop; prob	-	section	1	111	111	570	missing	none	-	-	No active declaration covers this ordinal, replacement, cardinal, choice, or cumulative-hierarchy result.
set-theory/ord-arithmetic/multiplication.tex	set-theory	unit	defn#1	selected	set-theory	-	0	0	yes	570	Ordinal Multiplication	-	1	defn#1	103	109	111	570	missing	none	-	-	No active declaration covers this ordinal, replacement, cardinal, choice, or cumulative-hierarchy result.
set-theory/ord-arithmetic/multiplication.tex	set-theory	unit	lem#ordtimeslessiswo	selected	set-theory	-	0	0	yes	570	Ordinal Multiplication	; label=ordtimeslessiswo	ordtimeslessiswo	lem#ordtimeslessiswo	103	109	111	570	missing	none	-	-	No active declaration covers this ordinal, replacement, cardinal, choice, or cumulative-hierarchy result.
set-theory/ord-arithmetic/multiplication.tex	set-theory	unit	lem#ordtimesrecursion	selected	set-theory	-	0	0	yes	570	Ordinal Multiplication	; label=ordtimesrecursion	ordtimesrecursion	lem#ordtimesrecursion	103	109	111	570	missing	none	-	-	No active declaration covers this ordinal, replacement, cardinal, choice, or cumulative-hierarchy result.
set-theory/ord-arithmetic/multiplication.tex	set-theory	unit	lem#ordinalmultiplicationisnice	selected	set-theory	-	0	0	yes	570	Ordinal Multiplication	; label=ordinalmultiplicationisnice	ordinalmultiplicationisnice	lem#ordinalmultiplicationisnice	103	109	111	570	missing	none	-	-	No active declaration covers this ordinal, replacement, cardinal, choice, or cumulative-hierarchy result.
set-theory/ord-arithmetic/multiplication.tex	set-theory	unit	prop#5	selected	set-theory	-	0	0	yes	570	Ordinal Multiplication	-	5	prop#5	103	109	111	570	missing	none	-	-	No active declaration covers this ordinal, replacement, cardinal, choice, or cumulative-hierarchy result.
set-theory/ord-arithmetic/multiplication.tex	set-theory	unit	prob#6	selected	set-theory	-	0	0	yes	570	Ordinal Multiplication	-	6	prob#6	103	109	111	570	missing	none	-	-	No active declaration covers this ordinal, replacement, cardinal, choice, or cumulative-hierarchy result.
set-theory/ord-arithmetic/ord-arithmetic.tex	set-theory	chapter	section	selected	set-theory	-	0	0	yes	34	ord-arithmetic	-	-	section	1	18	18	34	structural_container	aggregator	-	-	Part/chapter container with imports or section assembly; substantive child sections are audited separately.
set-theory/ord-arithmetic/using-addition.tex	set-theory	section	section	selected	set-theory	-	0	0	yes	674	Using Ordinal Addition	lem#rankcomputation; prob; lem#ordinfinitycharacter	-	section	1	116	116	674	missing	none	-	-	No active declaration covers this ordinal, replacement, cardinal, choice, or cumulative-hierarchy result.
set-theory/ord-arithmetic/using-addition.tex	set-theory	unit	lem#rankcomputation	selected	set-theory	-	0	0	yes	674	Using Ordinal Addition	; label=rankcomputation	rankcomputation	lem#rankcomputation	68	80	116	674	missing	none	-	-	No active declaration covers this ordinal, replacement, cardinal, choice, or cumulative-hierarchy result.
set-theory/ord-arithmetic/using-addition.tex	set-theory	unit	prob#2	selected	set-theory	-	0	0	yes	674	Using Ordinal Addition	-	2	prob#2	68	80	116	674	missing	none	-	-	No active declaration covers this ordinal, replacement, cardinal, choice, or cumulative-hierarchy result.
set-theory/ord-arithmetic/using-addition.tex	set-theory	unit	lem#ordinfinitycharacter	selected	set-theory	-	0	0	yes	674	Using Ordinal Addition	; label=ordinfinitycharacter	ordinfinitycharacter	lem#ordinfinitycharacter	68	80	116	674	missing	none	-	-	No active declaration covers this ordinal, replacement, cardinal, choice, or cumulative-hierarchy result.
set-theory/ordinals/basic.tex	set-theory	section	section	selected	set-theory	-	0	0	yes	1238	Basic Properties of the Ordinals	lem#ordmemberord; cor#ordissetofsmallerord; thm[Transfinite Induction]#ordinductionschema; thm[Trichotomy]#ordtrichotomy; cor#ordordered; prob; cor#corordtransitiveord; thm[Burali-Forti Paradox]#buraliforti; prop; prop#ordinalsaresubsets; prop#ordisoidentity; prob#probunionordinalsordinal	-	section	1	211	211	1238	missing	none	-	-	No active declaration covers this ordinal, replacement, cardinal, choice, or cumulative-hierarchy result.
set-theory/ordinals/basic.tex	set-theory	unit	lem#ordmemberord	selected	set-theory	-	0	0	yes	1238	Basic Properties of the Ordinals	; label=ordmemberord	ordmemberord	lem#ordmemberord	207	209	211	1238	missing	none	-	-	No active declaration covers this ordinal, replacement, cardinal, choice, or cumulative-hierarchy result.
set-theory/ordinals/basic.tex	set-theory	unit	cor#ordissetofsmallerord	selected	set-theory	-	0	0	yes	1238	Basic Properties of the Ordinals	; label=ordissetofsmallerord	ordissetofsmallerord	cor#ordissetofsmallerord	207	209	211	1238	missing	none	-	-	No active declaration covers this ordinal, replacement, cardinal, choice, or cumulative-hierarchy result.
set-theory/ordinals/basic.tex	set-theory	unit	thm#ordinductionschema	selected	set-theory	-	0	0	yes	1238	Basic Properties of the Ordinals	optional=Transfinite Induction; label=ordinductionschema	ordinductionschema	thm#ordinductionschema	207	209	211	1238	missing	none	-	-	No active declaration covers this ordinal, replacement, cardinal, choice, or cumulative-hierarchy result.
set-theory/ordinals/basic.tex	set-theory	unit	thm#ordtrichotomy	selected	set-theory	-	0	0	yes	1238	Basic Properties of the Ordinals	optional=Trichotomy; label=ordtrichotomy	ordtrichotomy	thm#ordtrichotomy	207	209	211	1238	missing	none	-	-	No active declaration covers this ordinal, replacement, cardinal, choice, or cumulative-hierarchy result.
set-theory/ordinals/basic.tex	set-theory	unit	cor#ordordered	selected	set-theory	-	0	0	yes	1238	Basic Properties of the Ordinals	; label=ordordered	ordordered	cor#ordordered	207	209	211	1238	missing	none	-	-	No active declaration covers this ordinal, replacement, cardinal, choice, or cumulative-hierarchy result.
set-theory/ordinals/basic.tex	set-theory	unit	prob#6	selected	set-theory	-	0	0	yes	1238	Basic Properties of the Ordinals	-	6	prob#6	207	209	211	1238	missing	none	-	-	No active declaration covers this ordinal, replacement, cardinal, choice, or cumulative-hierarchy result.
set-theory/ordinals/basic.tex	set-theory	unit	cor#corordtransitiveord	selected	set-theory	-	0	0	yes	1238	Basic Properties of the Ordinals	; label=corordtransitiveord	corordtransitiveord	cor#corordtransitiveord	207	209	211	1238	missing	none	-	-	No active declaration covers this ordinal, replacement, cardinal, choice, or cumulative-hierarchy result.
set-theory/ordinals/basic.tex	set-theory	unit	thm#buraliforti	selected	set-theory	-	0	0	yes	1238	Basic Properties of the Ordinals	optional=Burali-Forti Paradox; label=buraliforti	buraliforti	thm#buraliforti	207	209	211	1238	missing	none	-	-	No active declaration covers this ordinal, replacement, cardinal, choice, or cumulative-hierarchy result.
set-theory/ordinals/basic.tex	set-theory	unit	prop#9	selected	set-theory	-	0	0	yes	1238	Basic Properties of the Ordinals	-	9	prop#9	207	209	211	1238	missing	none	-	-	No active declaration covers this ordinal, replacement, cardinal, choice, or cumulative-hierarchy result.
set-theory/ordinals/basic.tex	set-theory	unit	prop#ordinalsaresubsets	selected	set-theory	-	0	0	yes	1238	Basic Properties of the Ordinals	; label=ordinalsaresubsets	ordinalsaresubsets	prop#ordinalsaresubsets	207	209	211	1238	missing	none	-	-	No active declaration covers this ordinal, replacement, cardinal, choice, or cumulative-hierarchy result.
set-theory/ordinals/basic.tex	set-theory	unit	prop#ordisoidentity	selected	set-theory	-	0	0	yes	1238	Basic Properties of the Ordinals	; label=ordisoidentity	ordisoidentity	prop#ordisoidentity	207	209	211	1238	missing	none	-	-	No active declaration covers this ordinal, replacement, cardinal, choice, or cumulative-hierarchy result.
set-theory/ordinals/basic.tex	set-theory	unit	prob#probunionordinalsordinal	selected	set-theory	-	0	0	yes	1238	Basic Properties of the Ordinals	; label=probunionordinalsordinal	probunionordinalsordinal	prob#probunionordinalsordinal	207	209	211	1238	missing	none	-	-	No active declaration covers this ordinal, replacement, cardinal, choice, or cumulative-hierarchy result.
set-theory/ordinals/idea.tex	set-theory	section	section	selected	set-theory	-	0	0	yes	391	The General Idea of an Ordinal	-	-	section	1	67	67	391	missing	none	-	-	No active declaration covers this ordinal, replacement, cardinal, choice, or cumulative-hierarchy result.
set-theory/ordinals/introduction.tex	set-theory	section	section	selected	set-theory	-	0	0	yes	172	Introduction	-	-	section	1	29	29	172	non_formal_exposition	documentation_scope	-	-	Introductory exposition without a formal declaration target.
set-theory/ordinals/iso.tex	set-theory	section	section	selected	set-theory	-	0	0	yes	1119	Order-Isomorphisms	defn; lem#isoscompose; prob; cor#ordisoisequiv; prop#ordisounique; defn; lem#wellordnotinitial; lem#wellordinitialsegment; lem#lemordsegments; thm#thm:woalwayscomparable	-	section	1	165	165	1119	missing	none	-	-	No active declaration covers this ordinal, replacement, cardinal, choice, or cumulative-hierarchy result.
set-theory/ordinals/iso.tex	set-theory	unit	defn#1	selected	set-theory	-	0	0	yes	1119	Order-Isomorphisms	-	1	defn#1	138	141	165	1119	missing	none	-	-	No active declaration covers this ordinal, replacement, cardinal, choice, or cumulative-hierarchy result.
set-theory/ordinals/iso.tex	set-theory	unit	lem#isoscompose	selected	set-theory	-	0	0	yes	1119	Order-Isomorphisms	; label=isoscompose	isoscompose	lem#isoscompose	138	141	165	1119	missing	none	-	-	No active declaration covers this ordinal, replacement, cardinal, choice, or cumulative-hierarchy result.
set-theory/ordinals/iso.tex	set-theory	unit	prob#3	selected	set-theory	-	0	0	yes	1119	Order-Isomorphisms	-	3	prob#3	138	141	165	1119	missing	none	-	-	No active declaration covers this ordinal, replacement, cardinal, choice, or cumulative-hierarchy result.
set-theory/ordinals/iso.tex	set-theory	unit	cor#ordisoisequiv	selected	set-theory	-	0	0	yes	1119	Order-Isomorphisms	; label=ordisoisequiv	ordisoisequiv	cor#ordisoisequiv	138	141	165	1119	missing	none	-	-	No active declaration covers this ordinal, replacement, cardinal, choice, or cumulative-hierarchy result.
set-theory/ordinals/iso.tex	set-theory	unit	prop#ordisounique	selected	set-theory	-	0	0	yes	1119	Order-Isomorphisms	; label=ordisounique	ordisounique	prop#ordisounique	138	141	165	1119	missing	none	-	-	No active declaration covers this ordinal, replacement, cardinal, choice, or cumulative-hierarchy result.
set-theory/ordinals/iso.tex	set-theory	unit	defn#6	selected	set-theory	-	0	0	yes	1119	Order-Isomorphisms	-	6	defn#6	138	141	165	1119	missing	none	-	-	No active declaration covers this ordinal, replacement, cardinal, choice, or cumulative-hierarchy result.
set-theory/ordinals/iso.tex	set-theory	unit	lem#wellordnotinitial	selected	set-theory	-	0	0	yes	1119	Order-Isomorphisms	; label=wellordnotinitial	wellordnotinitial	lem#wellordnotinitial	138	141	165	1119	missing	none	-	-	No active declaration covers this ordinal, replacement, cardinal, choice, or cumulative-hierarchy result.
set-theory/ordinals/iso.tex	set-theory	unit	lem#wellordinitialsegment	selected	set-theory	-	0	0	yes	1119	Order-Isomorphisms	; label=wellordinitialsegment	wellordinitialsegment	lem#wellordinitialsegment	138	141	165	1119	missing	none	-	-	No active declaration covers this ordinal, replacement, cardinal, choice, or cumulative-hierarchy result.
set-theory/ordinals/iso.tex	set-theory	unit	lem#lemordsegments	selected	set-theory	-	0	0	yes	1119	Order-Isomorphisms	; label=lemordsegments	lemordsegments	lem#lemordsegments	138	141	165	1119	missing	none	-	-	No active declaration covers this ordinal, replacement, cardinal, choice, or cumulative-hierarchy result.
set-theory/ordinals/iso.tex	set-theory	unit	thm#thm:woalwayscomparable	selected	set-theory	-	0	0	yes	1119	Order-Isomorphisms	; label=thm:woalwayscomparable	thm:woalwayscomparable	thm#thm:woalwayscomparable	138	141	165	1119	missing	none	-	-	No active declaration covers this ordinal, replacement, cardinal, choice, or cumulative-hierarchy result.
set-theory/ordinals/milestone.tex	set-theory	section	section	selected	set-theory	-	0	0	yes	141	: a milestone	defn	-	section	1	26	26	141	missing	none	-	-	No active declaration covers this ordinal, replacement, cardinal, choice, or cumulative-hierarchy result.
set-theory/ordinals/milestone.tex	set-theory	unit	defn#1	selected	set-theory	-	0	0	yes	141	: a milestone	-	1	defn#1	13	18	26	141	missing	none	-	-	No active declaration covers this ordinal, replacement, cardinal, choice, or cumulative-hierarchy result.
set-theory/ordinals/opps.tex	set-theory	section	section	selected	set-theory	-	0	0	yes	570	Successor and Limit Ordinals	defn; prop; thm[Simple Transfinite Induction]#simpletransrecursion; defn#defsupstrict; prop	-	section	1	101	101	570	missing	none	-	-	No active declaration covers this ordinal, replacement, cardinal, choice, or cumulative-hierarchy result.
set-theory/ordinals/opps.tex	set-theory	unit	defn#1	selected	set-theory	-	0	0	yes	570	Successor and Limit Ordinals	-	1	defn#1	78	81	101	570	missing	none	-	-	No active declaration covers this ordinal, replacement, cardinal, choice, or cumulative-hierarchy result.
set-theory/ordinals/opps.tex	set-theory	unit	prop#2	selected	set-theory	-	0	0	yes	570	Successor and Limit Ordinals	-	2	prop#2	78	81	101	570	missing	none	-	-	No active declaration covers this ordinal, replacement, cardinal, choice, or cumulative-hierarchy result.
set-theory/ordinals/opps.tex	set-theory	unit	thm#simpletransrecursion	selected	set-theory	-	0	0	yes	570	Successor and Limit Ordinals	optional=Simple Transfinite Induction; label=simpletransrecursion	simpletransrecursion	thm#simpletransrecursion	78	81	101	570	missing	none	-	-	No active declaration covers this ordinal, replacement, cardinal, choice, or cumulative-hierarchy result.
set-theory/ordinals/opps.tex	set-theory	unit	defn#defsupstrict	selected	set-theory	-	0	0	yes	570	Successor and Limit Ordinals	; label=defsupstrict	defsupstrict	defn#defsupstrict	78	81	101	570	missing	none	-	-	No active declaration covers this ordinal, replacement, cardinal, choice, or cumulative-hierarchy result.
set-theory/ordinals/opps.tex	set-theory	unit	prop#5	selected	set-theory	-	0	0	yes	570	Successor and Limit Ordinals	-	5	prop#5	78	81	101	570	missing	none	-	-	No active declaration covers this ordinal, replacement, cardinal, choice, or cumulative-hierarchy result.
set-theory/ordinals/ordinals.tex	set-theory	chapter	section	selected	set-theory	-	0	0	yes	37	ordinals	-	-	section	1	22	22	37	structural_container	aggregator	-	-	Part/chapter container with imports or section assembly; substantive child sections are audited separately.
set-theory/ordinals/ordtype.tex	set-theory	section	section	selected	set-theory	-	0	0	yes	488	Ordinals as Order-Types	thm#thmOrdinalRepresentation; defn; cor#ordtypesworklikeyouwant	-	section	1	79	79	488	missing	none	-	-	No active declaration covers this ordinal, replacement, cardinal, choice, or cumulative-hierarchy result.
set-theory/ordinals/ordtype.tex	set-theory	unit	thm#thmOrdinalRepresentation	selected	set-theory	-	0	0	yes	488	Ordinals as Order-Types	; label=thmOrdinalRepresentation	thmOrdinalRepresentation	thm#thmOrdinalRepresentation	56	62	79	488	missing	none	-	-	No active declaration covers this ordinal, replacement, cardinal, choice, or cumulative-hierarchy result.
set-theory/ordinals/ordtype.tex	set-theory	unit	defn#2	selected	set-theory	-	0	0	yes	488	Ordinals as Order-Types	-	2	defn#2	56	62	79	488	missing	none	-	-	No active declaration covers this ordinal, replacement, cardinal, choice, or cumulative-hierarchy result.
set-theory/ordinals/ordtype.tex	set-theory	unit	cor#ordtypesworklikeyouwant	selected	set-theory	-	0	0	yes	488	Ordinals as Order-Types	; label=ordtypesworklikeyouwant	ordtypesworklikeyouwant	cor#ordtypesworklikeyouwant	56	62	79	488	missing	none	-	-	No active declaration covers this ordinal, replacement, cardinal, choice, or cumulative-hierarchy result.
set-theory/ordinals/replacement.tex	set-theory	section	section	selected	set-theory	-	0	0	yes	598	Replacement	axiom[Scheme of Replacement]; defish; cor	-	section	1	74	74	598	missing	none	-	-	No active declaration covers this ordinal, replacement, cardinal, choice, or cumulative-hierarchy result.
set-theory/ordinals/replacement.tex	set-theory	unit	axiom#1	selected	set-theory	-	0	0	yes	598	Replacement	optional=Scheme of Replacement	1	axiom#1	43	48	74	598	missing	none	-	-	No active declaration covers this ordinal, replacement, cardinal, choice, or cumulative-hierarchy result.
set-theory/ordinals/replacement.tex	set-theory	unit	defish#2	selected	set-theory	-	0	0	yes	598	Replacement	-	2	defish#2	43	48	74	598	missing	none	-	-	No active declaration covers this ordinal, replacement, cardinal, choice, or cumulative-hierarchy result.
set-theory/ordinals/replacement.tex	set-theory	unit	cor#3	selected	set-theory	-	0	0	yes	598	Replacement	-	3	cor#3	43	48	74	598	missing	none	-	-	No active declaration covers this ordinal, replacement, cardinal, choice, or cumulative-hierarchy result.
set-theory/ordinals/vn.tex	set-theory	section	section	selected	set-theory	-	0	0	yes	426	vn	defn	-	section	1	61	61	426	missing	none	-	-	No active declaration covers this ordinal, replacement, cardinal, choice, or cumulative-hierarchy result.
set-theory/ordinals/vn.tex	set-theory	unit	defn#1	selected	set-theory	-	0	0	yes	426	vn	-	1	defn#1	26	30	61	426	missing	none	-	-	No active declaration covers this ordinal, replacement, cardinal, choice, or cumulative-hierarchy result.
set-theory/ordinals/wo.tex	set-theory	section	section	selected	set-theory	-	0	0	yes	407	Well-Orderings	defn; prob; prop#wo:strictorder; prop#propwoinduction	-	section	1	65	65	407	missing	none	-	-	No active declaration covers this ordinal, replacement, cardinal, choice, or cumulative-hierarchy result.
set-theory/ordinals/wo.tex	set-theory	unit	defn#1	selected	set-theory	-	0	0	yes	407	Well-Orderings	-	1	defn#1	47	53	65	407	missing	none	-	-	No active declaration covers this ordinal, replacement, cardinal, choice, or cumulative-hierarchy result.
set-theory/ordinals/wo.tex	set-theory	unit	prob#2	selected	set-theory	-	0	0	yes	407	Well-Orderings	-	2	prob#2	47	53	65	407	missing	none	-	-	No active declaration covers this ordinal, replacement, cardinal, choice, or cumulative-hierarchy result.
set-theory/ordinals/wo.tex	set-theory	unit	prop#wo:strictorder	selected	set-theory	-	0	0	yes	407	Well-Orderings	; label=wo:strictorder	wo:strictorder	prop#wo:strictorder	47	53	65	407	missing	none	-	-	No active declaration covers this ordinal, replacement, cardinal, choice, or cumulative-hierarchy result.
set-theory/ordinals/wo.tex	set-theory	unit	prop#propwoinduction	selected	set-theory	-	0	0	yes	407	Well-Orderings	; label=propwoinduction	propwoinduction	prop#propwoinduction	47	53	65	407	missing	none	-	-	No active declaration covers this ordinal, replacement, cardinal, choice, or cumulative-hierarchy result.
set-theory/replacement/absinf.tex	set-theory	section	section	selected	set-theory	-	0	0	yes	935	Replacement and ``Absolute Infinity''	prob	-	section	1	109	109	935	missing	none	-	-	No active declaration covers this ordinal, replacement, cardinal, choice, or cumulative-hierarchy result.
set-theory/replacement/absinf.tex	set-theory	unit	prob#1	selected	set-theory	-	0	0	yes	935	Replacement and ``Absolute Infinity''	-	1	prob#1	90	92	109	935	missing	none	-	-	No active declaration covers this ordinal, replacement, cardinal, choice, or cumulative-hierarchy result.
set-theory/replacement/extrinsic.tex	set-theory	section	section	selected	set-theory	-	0	0	yes	920	extrinsic	-	-	section	1	93	93	920	missing	none	-	-	No active declaration covers this ordinal, replacement, cardinal, choice, or cumulative-hierarchy result.
set-theory/replacement/finiteaxiomatizability.tex	set-theory	section	section	selected	set-theory	-	0	0	yes	801	Appendix: Finite axiomatizability	thm#zfnotfinitely; prop#finiteextensionofZ; prob; prob; prob	-	section	1	73	73	801	missing	none	-	-	No active declaration covers this ordinal, replacement, cardinal, choice, or cumulative-hierarchy result.
set-theory/replacement/finiteaxiomatizability.tex	set-theory	unit	thm#zfnotfinitely	selected	set-theory	-	0	0	yes	801	Appendix: Finite axiomatizability	; label=zfnotfinitely	zfnotfinitely	thm#zfnotfinitely	55	57	73	801	missing	none	-	-	No active declaration covers this ordinal, replacement, cardinal, choice, or cumulative-hierarchy result.
set-theory/replacement/finiteaxiomatizability.tex	set-theory	unit	prop#finiteextensionofZ	selected	set-theory	-	0	0	yes	801	Appendix: Finite axiomatizability	; label=finiteextensionofZ	finiteextensionofZ	prop#finiteextensionofZ	55	57	73	801	missing	none	-	-	No active declaration covers this ordinal, replacement, cardinal, choice, or cumulative-hierarchy result.
set-theory/replacement/finiteaxiomatizability.tex	set-theory	unit	prob#3	selected	set-theory	-	0	0	yes	801	Appendix: Finite axiomatizability	-	3	prob#3	55	57	73	801	missing	none	-	-	No active declaration covers this ordinal, replacement, cardinal, choice, or cumulative-hierarchy result.
set-theory/replacement/finiteaxiomatizability.tex	set-theory	unit	prob#4	selected	set-theory	-	0	0	yes	801	Appendix: Finite axiomatizability	-	4	prob#4	55	57	73	801	missing	none	-	-	No active declaration covers this ordinal, replacement, cardinal, choice, or cumulative-hierarchy result.
set-theory/replacement/finiteaxiomatizability.tex	set-theory	unit	prob#5	selected	set-theory	-	0	0	yes	801	Appendix: Finite axiomatizability	-	5	prob#5	55	57	73	801	missing	none	-	-	No active declaration covers this ordinal, replacement, cardinal, choice, or cumulative-hierarchy result.
set-theory/replacement/introduction.tex	set-theory	section	section	selected	set-theory	-	0	0	yes	181	Introduction	-	-	section	1	18	18	181	missing	none	-	-	No active declaration covers this ordinal, replacement, cardinal, choice, or cumulative-hierarchy result.
set-theory/replacement/limofsize.tex	set-theory	section	section	selected	set-theory	-	0	0	yes	521	Limitation-of-size	-	-	section	1	64	64	521	missing	none	-	-	No active declaration covers this ordinal, replacement, cardinal, choice, or cumulative-hierarchy result.
set-theory/replacement/ref.tex	set-theory	section	section	selected	set-theory	-	0	0	yes	306	Replacement and Reflection	thm[Reflection Schema]#reflectionschema	-	section	1	40	40	306	missing	none	-	-	No active declaration covers this ordinal, replacement, cardinal, choice, or cumulative-hierarchy result.
set-theory/replacement/ref.tex	set-theory	unit	thm#reflectionschema	selected	set-theory	-	0	0	yes	306	Replacement and Reflection	optional=Reflection Schema; label=reflectionschema	reflectionschema	thm#reflectionschema	11	17	40	306	missing	none	-	-	No active declaration covers this ordinal, replacement, cardinal, choice, or cumulative-hierarchy result.
set-theory/replacement/refproofs.tex	set-theory	section	section	selected	set-theory	-	0	0	yes	1350	Appendix: Results surrounding Replacement	lem#lemreflection; defish; lem[in $\Z + \text{Weak-Reflection}$.]#lem:reflect; thm[in $\Z$ + Weak-Reflection]	-	section	1	178	178	1350	missing	none	-	-	No active declaration covers this ordinal, replacement, cardinal, choice, or cumulative-hierarchy result.
set-theory/replacement/refproofs.tex	set-theory	unit	lem#lemreflection	selected	set-theory	-	0	0	yes	1350	Appendix: Results surrounding Replacement	; label=lemreflection	lemreflection	lem#lemreflection	145	148	178	1350	missing	none	-	-	No active declaration covers this ordinal, replacement, cardinal, choice, or cumulative-hierarchy result.
set-theory/replacement/refproofs.tex	set-theory	unit	defish#2	selected	set-theory	-	0	0	yes	1350	Appendix: Results surrounding Replacement	-	2	defish#2	145	148	178	1350	missing	none	-	-	No active declaration covers this ordinal, replacement, cardinal, choice, or cumulative-hierarchy result.
set-theory/replacement/refproofs.tex	set-theory	unit	lem#lem:reflect	selected	set-theory	-	0	0	yes	1350	Appendix: Results surrounding Replacement	optional=in $\Z + \text{Weak-Reflection}$.; label=lem:reflect	lem:reflect	lem#lem:reflect	145	148	178	1350	missing	none	-	-	No active declaration covers this ordinal, replacement, cardinal, choice, or cumulative-hierarchy result.
set-theory/replacement/refproofs.tex	set-theory	unit	thm#4	selected	set-theory	-	0	0	yes	1350	Appendix: Results surrounding Replacement	optional=in $\Z$ + Weak-Reflection	4	thm#4	145	148	178	1350	missing	none	-	-	No active declaration covers this ordinal, replacement, cardinal, choice, or cumulative-hierarchy result.
set-theory/replacement/replacement.tex	set-theory	chapter	section	selected	set-theory	-	0	0	yes	36	replacement	-	-	section	1	21	21	36	structural_container	aggregator	-	-	Part/chapter container with imports or section assembly; substantive child sections are audited separately.
set-theory/replacement/strength.tex	set-theory	section	section	selected	set-theory	-	0	0	yes	435	The Strength of Replacement	defn#formularelativization	-	section	1	53	53	435	missing	none	-	-	No active declaration covers this ordinal, replacement, cardinal, choice, or cumulative-hierarchy result.
set-theory/replacement/strength.tex	set-theory	unit	defn#formularelativization	selected	set-theory	-	0	0	yes	435	The Strength of Replacement	; label=formularelativization	formularelativization	defn#formularelativization	14	17	53	435	missing	none	-	-	No active declaration covers this ordinal, replacement, cardinal, choice, or cumulative-hierarchy result.
set-theory/set-theory.tex	set-theory	part	section	selected	set-theory	-	0	0	yes	48	set-theory	-	-	section	1	19	19	48	structural_container	aggregator	-	-	Part/chapter container with imports or section assembly; substantive child sections are audited separately.
set-theory/spine/foundation.tex	set-theory	section	section	selected	set-theory	-	0	0	yes	685	Foundation	defish; axiom[Foundation]; defn; prop#subsetoftrcl; lem#lem:TransitiveWellFounded; thm#zfentailsregularity	-	section	1	105	105	685	missing	none	-	-	No active declaration covers this ordinal, replacement, cardinal, choice, or cumulative-hierarchy result.
set-theory/spine/foundation.tex	set-theory	unit	defish#1	selected	set-theory	-	0	0	yes	685	Foundation	-	1	defish#1	88	90	105	685	missing	none	-	-	No active declaration covers this ordinal, replacement, cardinal, choice, or cumulative-hierarchy result.
set-theory/spine/foundation.tex	set-theory	unit	axiom#2	selected	set-theory	-	0	0	yes	685	Foundation	optional=Foundation	2	axiom#2	88	90	105	685	missing	none	-	-	No active declaration covers this ordinal, replacement, cardinal, choice, or cumulative-hierarchy result.
set-theory/spine/foundation.tex	set-theory	unit	defn#3	selected	set-theory	-	0	0	yes	685	Foundation	-	3	defn#3	88	90	105	685	missing	none	-	-	No active declaration covers this ordinal, replacement, cardinal, choice, or cumulative-hierarchy result.
set-theory/spine/foundation.tex	set-theory	unit	prop#subsetoftrcl	selected	set-theory	-	0	0	yes	685	Foundation	; label=subsetoftrcl	subsetoftrcl	prop#subsetoftrcl	88	90	105	685	missing	none	-	-	No active declaration covers this ordinal, replacement, cardinal, choice, or cumulative-hierarchy result.
set-theory/spine/foundation.tex	set-theory	unit	lem#lem:TransitiveWellFounded	selected	set-theory	-	0	0	yes	685	Foundation	; label=lem:TransitiveWellFounded	lem:TransitiveWellFounded	lem#lem:TransitiveWellFounded	88	90	105	685	missing	none	-	-	No active declaration covers this ordinal, replacement, cardinal, choice, or cumulative-hierarchy result.
set-theory/spine/foundation.tex	set-theory	unit	thm#zfentailsregularity	selected	set-theory	-	0	0	yes	685	Foundation	; label=zfentailsregularity	zfentailsregularity	thm#zfentailsregularity	88	90	105	685	missing	none	-	-	No active declaration covers this ordinal, replacement, cardinal, choice, or cumulative-hierarchy result.
set-theory/spine/idea.tex	set-theory	section	section	selected	set-theory	-	0	0	yes	263	Defining the Stages as the V_s	defn#defValphas	-	section	1	43	43	263	missing	none	-	-	No active declaration covers this ordinal, replacement, cardinal, choice, or cumulative-hierarchy result.
set-theory/spine/idea.tex	set-theory	unit	defn#defValphas	selected	set-theory	-	0	0	yes	263	Defining the Stages as the V_s	; label=defValphas	defValphas	defn#defValphas	16	24	43	263	missing	none	-	-	No active declaration covers this ordinal, replacement, cardinal, choice, or cumulative-hierarchy result.
set-theory/spine/rank.tex	set-theory	section	section	selected	set-theory	-	0	0	yes	772	Rank	defn#defnsetrank; prop#ranksexist; prob; prop#valphalowerrank; prob; prop#rankmemberslower; thm[$\in$-Induction Scheme]; prop#ranksupstrict; cor#ordsetrankalpha; prop[working in $\ZFminus + \text{Regularity}$]#zfminusregularityfoundation	-	section	1	128	128	772	missing	none	-	-	No active declaration covers this ordinal, replacement, cardinal, choice, or cumulative-hierarchy result.
set-theory/spine/rank.tex	set-theory	unit	defn#defnsetrank	selected	set-theory	-	0	0	yes	772	Rank	; label=defnsetrank	defnsetrank	defn#defnsetrank	119	120	128	772	missing	none	-	-	No active declaration covers this ordinal, replacement, cardinal, choice, or cumulative-hierarchy result.
set-theory/spine/rank.tex	set-theory	unit	prop#ranksexist	selected	set-theory	-	0	0	yes	772	Rank	; label=ranksexist	ranksexist	prop#ranksexist	119	120	128	772	missing	none	-	-	No active declaration covers this ordinal, replacement, cardinal, choice, or cumulative-hierarchy result.
set-theory/spine/rank.tex	set-theory	unit	prob#3	selected	set-theory	-	0	0	yes	772	Rank	-	3	prob#3	119	120	128	772	missing	none	-	-	No active declaration covers this ordinal, replacement, cardinal, choice, or cumulative-hierarchy result.
set-theory/spine/rank.tex	set-theory	unit	prop#valphalowerrank	selected	set-theory	-	0	0	yes	772	Rank	; label=valphalowerrank	valphalowerrank	prop#valphalowerrank	119	120	128	772	missing	none	-	-	No active declaration covers this ordinal, replacement, cardinal, choice, or cumulative-hierarchy result.
set-theory/spine/rank.tex	set-theory	unit	prob#5	selected	set-theory	-	0	0	yes	772	Rank	-	5	prob#5	119	120	128	772	missing	none	-	-	No active declaration covers this ordinal, replacement, cardinal, choice, or cumulative-hierarchy result.
set-theory/spine/rank.tex	set-theory	unit	prop#rankmemberslower	selected	set-theory	-	0	0	yes	772	Rank	; label=rankmemberslower	rankmemberslower	prop#rankmemberslower	119	120	128	772	missing	none	-	-	No active declaration covers this ordinal, replacement, cardinal, choice, or cumulative-hierarchy result.
set-theory/spine/rank.tex	set-theory	unit	thm#7	selected	set-theory	-	0	0	yes	772	Rank	optional=$\in$-Induction Scheme	7	thm#7	119	120	128	772	missing	none	-	-	No active declaration covers this ordinal, replacement, cardinal, choice, or cumulative-hierarchy result.
set-theory/spine/rank.tex	set-theory	unit	prop#ranksupstrict	selected	set-theory	-	0	0	yes	772	Rank	; label=ranksupstrict	ranksupstrict	prop#ranksupstrict	119	120	128	772	missing	none	-	-	No active declaration covers this ordinal, replacement, cardinal, choice, or cumulative-hierarchy result.
set-theory/spine/rank.tex	set-theory	unit	cor#ordsetrankalpha	selected	set-theory	-	0	0	yes	772	Rank	; label=ordsetrankalpha	ordsetrankalpha	cor#ordsetrankalpha	119	120	128	772	missing	none	-	-	No active declaration covers this ordinal, replacement, cardinal, choice, or cumulative-hierarchy result.
set-theory/spine/rank.tex	set-theory	unit	prop#zfminusregularityfoundation	selected	set-theory	-	0	0	yes	772	Rank	optional=working in $\ZFminus + \text{Regularity}$; label=zfminusregularityfoundation	zfminusregularityfoundation	prop#zfminusregularityfoundation	119	120	128	772	missing	none	-	-	No active declaration covers this ordinal, replacement, cardinal, choice, or cumulative-hierarchy result.
set-theory/spine/recursion.tex	set-theory	section	section	selected	set-theory	-	0	0	yes	873	The Transfinite Recursion Theorem(s)	defn; lem[Bounded Recursion]#transrecursionfun; thm[General Recursion]#transrecursionschema; thm[Simple Recursion]#simplerecursionschema	-	section	1	132	132	873	missing	none	-	-	No active declaration covers this ordinal, replacement, cardinal, choice, or cumulative-hierarchy result.
set-theory/spine/recursion.tex	set-theory	unit	defn#1	selected	set-theory	-	0	0	yes	873	The Transfinite Recursion Theorem(s)	-	1	defn#1	88	98	132	873	missing	none	-	-	No active declaration covers this ordinal, replacement, cardinal, choice, or cumulative-hierarchy result.
set-theory/spine/recursion.tex	set-theory	unit	lem#transrecursionfun	selected	set-theory	-	0	0	yes	873	The Transfinite Recursion Theorem(s)	optional=Bounded Recursion; label=transrecursionfun	transrecursionfun	lem#transrecursionfun	88	98	132	873	missing	none	-	-	No active declaration covers this ordinal, replacement, cardinal, choice, or cumulative-hierarchy result.
set-theory/spine/recursion.tex	set-theory	unit	thm#transrecursionschema	selected	set-theory	-	0	0	yes	873	The Transfinite Recursion Theorem(s)	optional=General Recursion; label=transrecursionschema	transrecursionschema	thm#transrecursionschema	88	98	132	873	missing	none	-	-	No active declaration covers this ordinal, replacement, cardinal, choice, or cumulative-hierarchy result.
set-theory/spine/recursion.tex	set-theory	unit	thm#simplerecursionschema	selected	set-theory	-	0	0	yes	873	The Transfinite Recursion Theorem(s)	optional=Simple Recursion; label=simplerecursionschema	simplerecursionschema	thm#simplerecursionschema	88	98	132	873	missing	none	-	-	No active declaration covers this ordinal, replacement, cardinal, choice, or cumulative-hierarchy result.
set-theory/spine/spine.tex	set-theory	chapter	section	selected	set-theory	-	0	0	yes	34	spine	-	-	section	1	19	19	34	structural_container	aggregator	-	-	Part/chapter container with imports or section assembly; substantive child sections are audited separately.
set-theory/spine/stagesbasics.tex	set-theory	section	section	selected	set-theory	-	0	0	yes	705	Basic Properties of Stages	defn; lem#Valphabasicprops; lem#Valphanotref; cor	-	section	1	95	95	705	missing	none	-	-	No active declaration covers this ordinal, replacement, cardinal, choice, or cumulative-hierarchy result.
set-theory/spine/stagesbasics.tex	set-theory	unit	defn#1	selected	set-theory	-	0	0	yes	705	Basic Properties of Stages	-	1	defn#1	71	73	95	705	missing	none	-	-	No active declaration covers this ordinal, replacement, cardinal, choice, or cumulative-hierarchy result.
set-theory/spine/stagesbasics.tex	set-theory	unit	lem#Valphabasicprops	selected	set-theory	-	0	0	yes	705	Basic Properties of Stages	; label=Valphabasicprops	Valphabasicprops	lem#Valphabasicprops	71	73	95	705	missing	none	-	-	No active declaration covers this ordinal, replacement, cardinal, choice, or cumulative-hierarchy result.
set-theory/spine/stagesbasics.tex	set-theory	unit	lem#Valphanotref	selected	set-theory	-	0	0	yes	705	Basic Properties of Stages	; label=Valphanotref	Valphanotref	lem#Valphanotref	71	73	95	705	missing	none	-	-	No active declaration covers this ordinal, replacement, cardinal, choice, or cumulative-hierarchy result.
set-theory/spine/stagesbasics.tex	set-theory	unit	cor#4	selected	set-theory	-	0	0	yes	705	Basic Properties of Stages	-	4	cor#4	71	73	95	705	missing	none	-	-	No active declaration covers this ordinal, replacement, cardinal, choice, or cumulative-hierarchy result.
set-theory/spine/zf.tex	set-theory	section	section	selected	set-theory	-	0	0	yes	296	and : A Milestone	defn	-	section	1	46	46	296	missing	none	-	-	No active declaration covers this ordinal, replacement, cardinal, choice, or cumulative-hierarchy result.
set-theory/spine/zf.tex	set-theory	unit	defn#1	selected	set-theory	-	0	0	yes	296	and : A Milestone	-	1	defn#1	13	20	46	296	missing	none	-	-	No active declaration covers this ordinal, replacement, cardinal, choice, or cumulative-hierarchy result.
set-theory/story/cumulative-approach.tex	set-theory	section	section	selected	set-theory	-	0	0	yes	866	The Cumulative-Iterative Approach	-	-	section	1	90	90	866	missing	none	-	-	No active declaration covers this ordinal, replacement, cardinal, choice, or cumulative-hierarchy result.
set-theory/story/extensionality.tex	set-theory	section	section	selected	set-theory	-	0	0	yes	198	Extensionality	axiom[Extensionality]	-	section	1	36	36	198	proved_weaker	manual_fragment_match	FormalOLP/SetTheory/Basic.lean	FormalOLP.SetTheory.Extensionality; FormalOLP.SetTheory.ModelExtensionality.emptyset_unique; FormalOLP.SetTheory.ModelExtensionality.pair_unique; FormalOLP.SetTheory.ModelExtensionality.singleton_unique	Membership-language model fragment covers extensionality and pair/empty-set uniqueness; it is not a ZF/ZFC development.
set-theory/story/extensionality.tex	set-theory	unit	axiom#1	selected	set-theory	-	0	0	yes	198	Extensionality	optional=Extensionality	1	axiom#1	11	18	36	198	proved_weaker	manual_fragment_match	FormalOLP/SetTheory/Basic.lean	FormalOLP.SetTheory.Extensionality; FormalOLP.SetTheory.ModelExtensionality.emptyset_unique; FormalOLP.SetTheory.ModelExtensionality.pair_unique; FormalOLP.SetTheory.ModelExtensionality.singleton_unique	Membership-language model fragment covers extensionality and pair/empty-set uniqueness; it is not a ZF/ZFC development.
set-theory/story/grundgesetze.tex	set-theory	section	section	selected	set-theory	-	0	0	yes	455	Appendix: Frege's Basic Law V	lem[in \emph{Grundgesetze}]#lem:Fregeextensions; lem[in \emph{Grundgesetze}.]	-	section	1	62	62	455	missing	none	-	-	No active declaration covers this ordinal, replacement, cardinal, choice, or cumulative-hierarchy result.
set-theory/story/grundgesetze.tex	set-theory	unit	lem#lem:Fregeextensions	selected	set-theory	-	0	0	yes	455	Appendix: Frege's Basic Law V	optional=in \emph{Grundgesetze}; label=lem:Fregeextensions	lem:Fregeextensions	lem#lem:Fregeextensions	49	51	62	455	missing	none	-	-	No active declaration covers this ordinal, replacement, cardinal, choice, or cumulative-hierarchy result.
set-theory/story/grundgesetze.tex	set-theory	unit	lem#2	selected	set-theory	-	0	0	yes	455	Appendix: Frege's Basic Law V	optional=in \emph{Grundgesetze}.	2	lem#2	49	51	62	455	missing	none	-	-	No active declaration covers this ordinal, replacement, cardinal, choice, or cumulative-hierarchy result.
set-theory/story/predicativity.tex	set-theory	section	section	selected	set-theory	-	0	0	yes	857	Predicative and Impredicative	defish	-	section	1	108	108	857	missing	none	-	-	No active declaration covers this ordinal, replacement, cardinal, choice, or cumulative-hierarchy result.
set-theory/story/predicativity.tex	set-theory	unit	defish#1	selected	set-theory	-	0	0	yes	857	Predicative and Impredicative	-	1	defish#1	43	45	108	857	missing	none	-	-	No active declaration covers this ordinal, replacement, cardinal, choice, or cumulative-hierarchy result.
set-theory/story/russells-paradox-again.tex	set-theory	section	section	selected	set-theory	-	0	0	yes	527	Russell's Paradox (again)	defish; thm[Russell's Paradox]	-	section	1	64	64	527	missing	none	-	-	No active declaration covers this ordinal, replacement, cardinal, choice, or cumulative-hierarchy result.
set-theory/story/russells-paradox-again.tex	set-theory	unit	defish#1	selected	set-theory	-	0	0	yes	527	Russell's Paradox (again)	-	1	defish#1	19	21	64	527	missing	none	-	-	No active declaration covers this ordinal, replacement, cardinal, choice, or cumulative-hierarchy result.
set-theory/story/russells-paradox-again.tex	set-theory	unit	thm#2	selected	set-theory	-	0	0	yes	527	Russell's Paradox (again)	optional=Russell's Paradox	2	thm#2	19	21	64	527	missing	none	-	-	No active declaration covers this ordinal, replacement, cardinal, choice, or cumulative-hierarchy result.
set-theory/story/story.tex	set-theory	chapter	section	selected	set-theory	-	0	0	yes	34	story	-	-	section	1	18	18	34	structural_container	aggregator	-	-	Part/chapter container with imports or section assembly; substantive child sections are audited separately.
set-theory/story/urelements.tex	set-theory	section	section	selected	set-theory	-	0	0	yes	633	Urelements or Not?	-	-	section	1	82	82	633	missing	none	-	-	No active declaration covers this ordinal, replacement, cardinal, choice, or cumulative-hierarchy result.
set-theory/z/arbintersections.tex	set-theory	section	section	selected	set-theory	-	0	0	yes	490	Appendix: Closure, Comprehension, and Intersection	-	-	section	1	63	63	490	missing	none	-	-	No active declaration covers this ordinal, replacement, cardinal, choice, or cumulative-hierarchy result.
set-theory/z/infinity-again.tex	set-theory	section	section	selected	set-theory	-	0	0	yes	1054	Infinity	axiom[Infinity]; defn#defnomega; prop#naturalnumbersarentinfinite	-	section	1	137	137	1054	missing	none	-	-	No active declaration covers this ordinal, replacement, cardinal, choice, or cumulative-hierarchy result.
set-theory/z/infinity-again.tex	set-theory	unit	axiom#1	selected	set-theory	-	0	0	yes	1054	Infinity	optional=Infinity	1	axiom#1	70	72	137	1054	missing	none	-	-	No active declaration covers this ordinal, replacement, cardinal, choice, or cumulative-hierarchy result.
set-theory/z/infinity-again.tex	set-theory	unit	defn#defnomega	selected	set-theory	-	0	0	yes	1054	Infinity	; label=defnomega	defnomega	defn#defnomega	70	72	137	1054	missing	none	-	-	No active declaration covers this ordinal, replacement, cardinal, choice, or cumulative-hierarchy result.
set-theory/z/infinity-again.tex	set-theory	unit	prop#naturalnumbersarentinfinite	selected	set-theory	-	0	0	yes	1054	Infinity	; label=naturalnumbersarentinfinite	naturalnumbersarentinfinite	prop#naturalnumbersarentinfinite	70	72	137	1054	missing	none	-	-	No active declaration covers this ordinal, replacement, cardinal, choice, or cumulative-hierarchy result.
set-theory/z/milestone.tex	set-theory	section	section	selected	set-theory	-	0	0	yes	199	^-: a Milestone	defn	-	section	1	32	32	199	missing	none	-	-	No active declaration covers this ordinal, replacement, cardinal, choice, or cumulative-hierarchy result.
set-theory/z/milestone.tex	set-theory	unit	defn#1	selected	set-theory	-	0	0	yes	199	^-: a Milestone	-	1	defn#1	12	14	32	199	missing	none	-	-	No active declaration covers this ordinal, replacement, cardinal, choice, or cumulative-hierarchy result.
set-theory/z/nat.tex	set-theory	section	section	selected	set-theory	-	0	0	yes	426	Selecting our Natural Numbers	defish	-	section	1	57	57	426	missing	none	-	-	No active declaration covers this ordinal, replacement, cardinal, choice, or cumulative-hierarchy result.
set-theory/z/nat.tex	set-theory	unit	defish#1	selected	set-theory	-	0	0	yes	426	Selecting our Natural Numbers	-	1	defish#1	23	27	57	426	missing	none	-	-	No active declaration covers this ordinal, replacement, cardinal, choice, or cumulative-hierarchy result.
set-theory/z/pairs.tex	set-theory	section	section	selected	set-theory	-	0	0	yes	418	Pairs	axiom[Pairs]; prop#prop:pairsconsequences; prob; prob	-	section	1	67	67	418	proved_weaker	manual_fragment_match	FormalOLP/SetTheory/Basic.lean	FormalOLP.SetTheory.Extensionality; FormalOLP.SetTheory.ModelExtensionality.emptyset_unique; FormalOLP.SetTheory.ModelExtensionality.pair_unique; FormalOLP.SetTheory.ModelExtensionality.singleton_unique	Membership-language model fragment covers extensionality and pair/empty-set uniqueness; it is not a ZF/ZFC development.
set-theory/z/pairs.tex	set-theory	unit	axiom#1	selected	set-theory	-	0	0	yes	418	Pairs	optional=Pairs	1	axiom#1	56	59	67	418	proved_weaker	manual_fragment_match	FormalOLP/SetTheory/Basic.lean	FormalOLP.SetTheory.Extensionality; FormalOLP.SetTheory.ModelExtensionality.emptyset_unique; FormalOLP.SetTheory.ModelExtensionality.pair_unique; FormalOLP.SetTheory.ModelExtensionality.singleton_unique	Membership-language model fragment covers extensionality and pair/empty-set uniqueness; it is not a ZF/ZFC development.
set-theory/z/pairs.tex	set-theory	unit	prop#prop:pairsconsequences	selected	set-theory	-	0	0	yes	418	Pairs	; label=prop:pairsconsequences	prop:pairsconsequences	prop#prop:pairsconsequences	56	59	67	418	proved_weaker	manual_fragment_match	FormalOLP/SetTheory/Basic.lean	FormalOLP.SetTheory.Extensionality; FormalOLP.SetTheory.ModelExtensionality.emptyset_unique; FormalOLP.SetTheory.ModelExtensionality.pair_unique; FormalOLP.SetTheory.ModelExtensionality.singleton_unique	Membership-language model fragment covers extensionality and pair/empty-set uniqueness; it is not a ZF/ZFC development.
set-theory/z/pairs.tex	set-theory	unit	prob#3	selected	set-theory	-	0	0	yes	418	Pairs	-	3	prob#3	56	59	67	418	proved_weaker	manual_fragment_match	FormalOLP/SetTheory/Basic.lean	FormalOLP.SetTheory.Extensionality; FormalOLP.SetTheory.ModelExtensionality.emptyset_unique; FormalOLP.SetTheory.ModelExtensionality.pair_unique; FormalOLP.SetTheory.ModelExtensionality.singleton_unique	Membership-language model fragment covers extensionality and pair/empty-set uniqueness; it is not a ZF/ZFC development.
set-theory/z/pairs.tex	set-theory	unit	prob#4	selected	set-theory	-	0	0	yes	418	Pairs	-	4	prob#4	56	59	67	418	proved_weaker	manual_fragment_match	FormalOLP/SetTheory/Basic.lean	FormalOLP.SetTheory.Extensionality; FormalOLP.SetTheory.ModelExtensionality.emptyset_unique; FormalOLP.SetTheory.ModelExtensionality.pair_unique; FormalOLP.SetTheory.ModelExtensionality.singleton_unique	Membership-language model fragment covers extensionality and pair/empty-set uniqueness; it is not a ZF/ZFC development.
set-theory/z/powerset.tex	set-theory	section	section	selected	set-theory	-	0	0	yes	385	Powersets	axiom[Powersets]; prop; prob; prob	-	section	1	63	63	385	missing	none	-	-	No active declaration covers this ordinal, replacement, cardinal, choice, or cumulative-hierarchy result.
set-theory/z/powerset.tex	set-theory	unit	axiom#1	selected	set-theory	-	0	0	yes	385	Powersets	optional=Powersets	1	axiom#1	56	60	63	385	missing	none	-	-	No active declaration covers this ordinal, replacement, cardinal, choice, or cumulative-hierarchy result.
set-theory/z/powerset.tex	set-theory	unit	prop#2	selected	set-theory	-	0	0	yes	385	Powersets	-	2	prop#2	56	60	63	385	missing	none	-	-	No active declaration covers this ordinal, replacement, cardinal, choice, or cumulative-hierarchy result.
set-theory/z/powerset.tex	set-theory	unit	prob#3	selected	set-theory	-	0	0	yes	385	Powersets	-	3	prob#3	56	60	63	385	missing	none	-	-	No active declaration covers this ordinal, replacement, cardinal, choice, or cumulative-hierarchy result.
set-theory/z/powerset.tex	set-theory	unit	prob#4	selected	set-theory	-	0	0	yes	385	Powersets	-	4	prob#4	56	60	63	385	missing	none	-	-	No active declaration covers this ordinal, replacement, cardinal, choice, or cumulative-hierarchy result.
set-theory/z/separation.tex	set-theory	section	section	selected	set-theory	-	0	0	yes	720	Separation	axiom[Scheme of Separation]; defish; thm#thm:NoUniversalSet; prop#prop:emptyexists; prop; prop#prop:intersectionsexist	-	section	1	110	110	720	missing	none	-	-	No active declaration covers this ordinal, replacement, cardinal, choice, or cumulative-hierarchy result.
set-theory/z/separation.tex	set-theory	unit	axiom#1	selected	set-theory	-	0	0	yes	720	Separation	optional=Scheme of Separation	1	axiom#1	95	97	110	720	missing	none	-	-	No active declaration covers this ordinal, replacement, cardinal, choice, or cumulative-hierarchy result.
set-theory/z/separation.tex	set-theory	unit	defish#2	selected	set-theory	-	0	0	yes	720	Separation	-	2	defish#2	95	97	110	720	missing	none	-	-	No active declaration covers this ordinal, replacement, cardinal, choice, or cumulative-hierarchy result.
set-theory/z/separation.tex	set-theory	unit	thm#thm:NoUniversalSet	selected	set-theory	-	0	0	yes	720	Separation	; label=thm:NoUniversalSet	thm:NoUniversalSet	thm#thm:NoUniversalSet	95	97	110	720	missing	none	-	-	No active declaration covers this ordinal, replacement, cardinal, choice, or cumulative-hierarchy result.
set-theory/z/separation.tex	set-theory	unit	prop#prop:emptyexists	selected	set-theory	-	0	0	yes	720	Separation	; label=prop:emptyexists	prop:emptyexists	prop#prop:emptyexists	95	97	110	720	missing	none	-	-	No active declaration covers this ordinal, replacement, cardinal, choice, or cumulative-hierarchy result.
set-theory/z/separation.tex	set-theory	unit	prop#5	selected	set-theory	-	0	0	yes	720	Separation	-	5	prop#5	95	97	110	720	missing	none	-	-	No active declaration covers this ordinal, replacement, cardinal, choice, or cumulative-hierarchy result.
set-theory/z/separation.tex	set-theory	unit	prop#prop:intersectionsexist	selected	set-theory	-	0	0	yes	720	Separation	; label=prop:intersectionsexist	prop:intersectionsexist	prop#prop:intersectionsexist	95	97	110	720	missing	none	-	-	No active declaration covers this ordinal, replacement, cardinal, choice, or cumulative-hierarchy result.
set-theory/z/story.tex	set-theory	section	section	selected	set-theory	-	0	0	yes	256	The Story in More Detail	-	-	section	1	33	33	256	missing	none	-	-	No active declaration covers this ordinal, replacement, cardinal, choice, or cumulative-hierarchy result.
set-theory/z/union.tex	set-theory	section	section	selected	set-theory	-	0	0	yes	155	Union	axiom[Union]	-	section	1	27	27	155	missing	none	-	-	No active declaration covers this ordinal, replacement, cardinal, choice, or cumulative-hierarchy result.
set-theory/z/union.tex	set-theory	unit	axiom#1	selected	set-theory	-	0	0	yes	155	Union	optional=Union	1	axiom#1	12	17	27	155	missing	none	-	-	No active declaration covers this ordinal, replacement, cardinal, choice, or cumulative-hierarchy result.
set-theory/z/z.tex	set-theory	chapter	section	selected	set-theory	-	0	0	yes	41	z	-	-	section	1	22	22	41	structural_container	aggregator	-	-	Part/chapter container with imports or section assembly; substantive child sections are audited separately.
sets-functions-relations/arithmetization/arithmetization.tex	sets-functions-relations	section	section	selected	sets-functions-relations	-	0	0	yes	68	arithmetization	-	-	section	1	27	27	68	missing	none	-	-	No active declaration covers this sets, relation, cardinality, infinity, or arithmetization result.
sets-functions-relations/arithmetization/cauchy.tex	sets-functions-relations	section	section	selected	sets-functions-relations	-	0	0	yes	1858	Appendix: the Reals as Cauchy Sequences	defn#def:CauchySequence; prob; thm#thm:cauchyorderedfield; prob; thm	-	section	1	231	231	1858	missing	none	-	-	No active declaration covers this sets, relation, cardinality, infinity, or arithmetization result.
sets-functions-relations/arithmetization/cauchy.tex	sets-functions-relations	unit	defn#def:CauchySequence	selected	sets-functions-relations	-	0	0	yes	1858	Appendix: the Reals as Cauchy Sequences	; label=def:CauchySequence	def:CauchySequence	defn#def:CauchySequence	176	179	231	1858	missing	none	-	-	No active declaration covers this sets, relation, cardinality, infinity, or arithmetization result.
sets-functions-relations/arithmetization/cauchy.tex	sets-functions-relations	unit	prob#2	selected	sets-functions-relations	-	0	0	yes	1858	Appendix: the Reals as Cauchy Sequences	-	2	prob#2	176	179	231	1858	missing	none	-	-	No active declaration covers this sets, relation, cardinality, infinity, or arithmetization result.
sets-functions-relations/arithmetization/cauchy.tex	sets-functions-relations	unit	thm#thm:cauchyorderedfield	selected	sets-functions-relations	-	0	0	yes	1858	Appendix: the Reals as Cauchy Sequences	; label=thm:cauchyorderedfield	thm:cauchyorderedfield	thm#thm:cauchyorderedfield	176	179	231	1858	missing	none	-	-	No active declaration covers this sets, relation, cardinality, infinity, or arithmetization result.
sets-functions-relations/arithmetization/cauchy.tex	sets-functions-relations	unit	prob#4	selected	sets-functions-relations	-	0	0	yes	1858	Appendix: the Reals as Cauchy Sequences	-	4	prob#4	176	179	231	1858	missing	none	-	-	No active declaration covers this sets, relation, cardinality, infinity, or arithmetization result.
sets-functions-relations/arithmetization/cauchy.tex	sets-functions-relations	unit	thm#5	selected	sets-functions-relations	-	0	0	yes	1858	Appendix: the Reals as Cauchy Sequences	-	5	thm#5	176	179	231	1858	missing	none	-	-	No active declaration covers this sets, relation, cardinality, infinity, or arithmetization result.
sets-functions-relations/arithmetization/checking-details.tex	sets-functions-relations	section	section	selected	sets-functions-relations	-	0	0	yes	1436	Ordered Rings and Fields	defn; prob; defn; prob; defn#orderedfield; prob; prob	-	section	1	206	206	1436	missing	none	-	-	No active declaration covers this sets, relation, cardinality, infinity, or arithmetization result.
sets-functions-relations/arithmetization/checking-details.tex	sets-functions-relations	unit	defn#1	selected	sets-functions-relations	-	0	0	yes	1436	Ordered Rings and Fields	-	1	defn#1	175	177	206	1436	missing	none	-	-	No active declaration covers this sets, relation, cardinality, infinity, or arithmetization result.
sets-functions-relations/arithmetization/checking-details.tex	sets-functions-relations	unit	prob#2	selected	sets-functions-relations	-	0	0	yes	1436	Ordered Rings and Fields	-	2	prob#2	175	177	206	1436	missing	none	-	-	No active declaration covers this sets, relation, cardinality, infinity, or arithmetization result.
sets-functions-relations/arithmetization/checking-details.tex	sets-functions-relations	unit	defn#3	selected	sets-functions-relations	-	0	0	yes	1436	Ordered Rings and Fields	-	3	defn#3	175	177	206	1436	missing	none	-	-	No active declaration covers this sets, relation, cardinality, infinity, or arithmetization result.
sets-functions-relations/arithmetization/checking-details.tex	sets-functions-relations	unit	prob#4	selected	sets-functions-relations	-	0	0	yes	1436	Ordered Rings and Fields	-	4	prob#4	175	177	206	1436	missing	none	-	-	No active declaration covers this sets, relation, cardinality, infinity, or arithmetization result.
sets-functions-relations/arithmetization/checking-details.tex	sets-functions-relations	unit	defn#orderedfield	selected	sets-functions-relations	-	0	0	yes	1436	Ordered Rings and Fields	; label=orderedfield	orderedfield	defn#orderedfield	175	177	206	1436	missing	none	-	-	No active declaration covers this sets, relation, cardinality, infinity, or arithmetization result.
sets-functions-relations/arithmetization/checking-details.tex	sets-functions-relations	unit	prob#6	selected	sets-functions-relations	-	0	0	yes	1436	Ordered Rings and Fields	-	6	prob#6	175	177	206	1436	missing	none	-	-	No active declaration covers this sets, relation, cardinality, infinity, or arithmetization result.
sets-functions-relations/arithmetization/checking-details.tex	sets-functions-relations	unit	prob#7	selected	sets-functions-relations	-	0	0	yes	1436	Ordered Rings and Fields	-	7	prob#7	175	177	206	1436	missing	none	-	-	No active declaration covers this sets, relation, cardinality, infinity, or arithmetization result.
sets-functions-relations/arithmetization/cuts.tex	sets-functions-relations	section	section	selected	sets-functions-relations	-	0	0	yes	988	From to	defn[Cut]; thm#realcompleteness	-	section	1	113	113	988	missing	none	-	-	No active declaration covers this sets, relation, cardinality, infinity, or arithmetization result.
sets-functions-relations/arithmetization/cuts.tex	sets-functions-relations	unit	defn#1	selected	sets-functions-relations	-	0	0	yes	988	From to	optional=Cut	1	defn#1	54	56	113	988	missing	none	-	-	No active declaration covers this sets, relation, cardinality, infinity, or arithmetization result.
sets-functions-relations/arithmetization/cuts.tex	sets-functions-relations	unit	thm#realcompleteness	selected	sets-functions-relations	-	0	0	yes	988	From to	; label=realcompleteness	realcompleteness	thm#realcompleteness	54	56	113	988	missing	none	-	-	No active declaration covers this sets, relation, cardinality, infinity, or arithmetization result.
sets-functions-relations/arithmetization/integers.tex	sets-functions-relations	section	section	selected	sets-functions-relations	-	0	0	yes	940	From to	prop; defn; prob	-	section	1	89	89	940	missing	none	-	-	No active declaration covers this sets, relation, cardinality, infinity, or arithmetization result.
sets-functions-relations/arithmetization/integers.tex	sets-functions-relations	unit	prop#1	selected	sets-functions-relations	-	0	0	yes	940	From to	-	1	prop#1	85	87	89	940	missing	none	-	-	No active declaration covers this sets, relation, cardinality, infinity, or arithmetization result.
sets-functions-relations/arithmetization/integers.tex	sets-functions-relations	unit	defn#2	selected	sets-functions-relations	-	0	0	yes	940	From to	-	2	defn#2	85	87	89	940	missing	none	-	-	No active declaration covers this sets, relation, cardinality, infinity, or arithmetization result.
sets-functions-relations/arithmetization/integers.tex	sets-functions-relations	unit	prob#3	selected	sets-functions-relations	-	0	0	yes	940	From to	-	3	prob#3	85	87	89	940	missing	none	-	-	No active declaration covers this sets, relation, cardinality, infinity, or arithmetization result.
sets-functions-relations/arithmetization/rationals.tex	sets-functions-relations	section	section	selected	sets-functions-relations	-	0	0	yes	542	From to	prob; defn; prob	-	section	1	76	76	542	missing	none	-	-	No active declaration covers this sets, relation, cardinality, infinity, or arithmetization result.
sets-functions-relations/arithmetization/rationals.tex	sets-functions-relations	unit	prob#1	selected	sets-functions-relations	-	0	0	yes	542	From to	-	1	prob#1	69	73	76	542	missing	none	-	-	No active declaration covers this sets, relation, cardinality, infinity, or arithmetization result.
sets-functions-relations/arithmetization/rationals.tex	sets-functions-relations	unit	defn#2	selected	sets-functions-relations	-	0	0	yes	542	From to	-	2	defn#2	69	73	76	542	missing	none	-	-	No active declaration covers this sets, relation, cardinality, infinity, or arithmetization result.
sets-functions-relations/arithmetization/rationals.tex	sets-functions-relations	unit	prob#3	selected	sets-functions-relations	-	0	0	yes	542	From to	-	3	prob#3	69	73	76	542	missing	none	-	-	No active declaration covers this sets, relation, cardinality, infinity, or arithmetization result.
sets-functions-relations/arithmetization/reals.tex	sets-functions-relations	section	section	selected	sets-functions-relations	-	0	0	yes	794	The Real Line	thm#root2irrational	-	section	1	84	84	794	missing	none	-	-	No active declaration covers this sets, relation, cardinality, infinity, or arithmetization result.
sets-functions-relations/arithmetization/reals.tex	sets-functions-relations	unit	thm#root2irrational	selected	sets-functions-relations	-	0	0	yes	794	The Real Line	; label=root2irrational	root2irrational	thm#root2irrational	25	27	84	794	missing	none	-	-	No active declaration covers this sets, relation, cardinality, infinity, or arithmetization result.
sets-functions-relations/arithmetization/reflections.tex	sets-functions-relations	section	section	selected	sets-functions-relations	-	0	0	yes	844	Some Philosophical Reflections	-	-	section	1	109	109	844	missing	none	-	-	No active declaration covers this sets, relation, cardinality, infinity, or arithmetization result.
sets-functions-relations/functions/composition.tex	sets-functions-relations	section	section	selected	sets-functions-relations	-	0	0	yes	456	Composition of Functions	defn[Composition]; ex; prob; prob; prob	-	section	1	68	68	456	proved_weaker	manual_fragment_match	FormalOLP/SetsFunctionsRelations.lean;FormalOLP/SetsFunctionsRelations/Functions.lean	FormalOLP.SetsFunctionsRelations.composition_mapsTo; FormalOLP.SetsFunctionsRelations.composition_injOn; FormalOLP.SetsFunctionsRelations.composition_surjOn; FormalOLP.SetsFunctionsRelations.composition_bijOn	Composition preservation lemmas are proved with Mathlib Set.MapsTo/Set.BijOn; source graph and full function-object development are absent.
sets-functions-relations/functions/composition.tex	sets-functions-relations	unit	defn#1	selected	sets-functions-relations	-	0	0	yes	456	Composition of Functions	optional=Composition	1	defn#1	62	65	68	456	proved_weaker	manual_fragment_match	FormalOLP/SetsFunctionsRelations.lean;FormalOLP/SetsFunctionsRelations/Functions.lean	FormalOLP.SetsFunctionsRelations.composition_mapsTo; FormalOLP.SetsFunctionsRelations.composition_injOn; FormalOLP.SetsFunctionsRelations.composition_surjOn; FormalOLP.SetsFunctionsRelations.composition_bijOn	Composition preservation lemmas are proved with Mathlib Set.MapsTo/Set.BijOn; source graph and full function-object development are absent.
sets-functions-relations/functions/composition.tex	sets-functions-relations	unit	ex#2	selected	sets-functions-relations	-	0	0	yes	456	Composition of Functions	-	2	ex#2	62	65	68	456	proved_weaker	manual_fragment_match	FormalOLP/SetsFunctionsRelations.lean;FormalOLP/SetsFunctionsRelations/Functions.lean	FormalOLP.SetsFunctionsRelations.composition_mapsTo; FormalOLP.SetsFunctionsRelations.composition_injOn; FormalOLP.SetsFunctionsRelations.composition_surjOn; FormalOLP.SetsFunctionsRelations.composition_bijOn	Composition preservation lemmas are proved with Mathlib Set.MapsTo/Set.BijOn; source graph and full function-object development are absent.
sets-functions-relations/functions/composition.tex	sets-functions-relations	unit	prob#3	selected	sets-functions-relations	-	0	0	yes	456	Composition of Functions	-	3	prob#3	62	65	68	456	proved_weaker	manual_fragment_match	FormalOLP/SetsFunctionsRelations.lean;FormalOLP/SetsFunctionsRelations/Functions.lean	FormalOLP.SetsFunctionsRelations.composition_mapsTo; FormalOLP.SetsFunctionsRelations.composition_injOn; FormalOLP.SetsFunctionsRelations.composition_surjOn; FormalOLP.SetsFunctionsRelations.composition_bijOn	Composition preservation lemmas are proved with Mathlib Set.MapsTo/Set.BijOn; source graph and full function-object development are absent.
sets-functions-relations/functions/composition.tex	sets-functions-relations	unit	prob#4	selected	sets-functions-relations	-	0	0	yes	456	Composition of Functions	-	4	prob#4	62	65	68	456	proved_weaker	manual_fragment_match	FormalOLP/SetsFunctionsRelations.lean;FormalOLP/SetsFunctionsRelations/Functions.lean	FormalOLP.SetsFunctionsRelations.composition_mapsTo; FormalOLP.SetsFunctionsRelations.composition_injOn; FormalOLP.SetsFunctionsRelations.composition_surjOn; FormalOLP.SetsFunctionsRelations.composition_bijOn	Composition preservation lemmas are proved with Mathlib Set.MapsTo/Set.BijOn; source graph and full function-object development are absent.
sets-functions-relations/functions/composition.tex	sets-functions-relations	unit	prob#5	selected	sets-functions-relations	-	0	0	yes	456	Composition of Functions	-	5	prob#5	62	65	68	456	proved_weaker	manual_fragment_match	FormalOLP/SetsFunctionsRelations.lean;FormalOLP/SetsFunctionsRelations/Functions.lean	FormalOLP.SetsFunctionsRelations.composition_mapsTo; FormalOLP.SetsFunctionsRelations.composition_injOn; FormalOLP.SetsFunctionsRelations.composition_surjOn; FormalOLP.SetsFunctionsRelations.composition_bijOn	Composition preservation lemmas are proved with Mathlib Set.MapsTo/Set.BijOn; source graph and full function-object development are absent.
sets-functions-relations/functions/function-basics.tex	sets-functions-relations	section	section	selected	sets-functions-relations	-	0	0	yes	950	Basics	defn[Function]; ex; ex; ex; ex; ex#examplefunext; ex	-	section	1	141	141	950	missing	none	-	-	No active declaration covers this sets, relation, cardinality, infinity, or arithmetization result.
sets-functions-relations/functions/function-basics.tex	sets-functions-relations	unit	defn#1	selected	sets-functions-relations	-	0	0	yes	950	Basics	optional=Function	1	defn#1	123	138	141	950	missing	none	-	-	No active declaration covers this sets, relation, cardinality, infinity, or arithmetization result.
sets-functions-relations/functions/function-basics.tex	sets-functions-relations	unit	ex#2	selected	sets-functions-relations	-	0	0	yes	950	Basics	-	2	ex#2	123	138	141	950	missing	none	-	-	No active declaration covers this sets, relation, cardinality, infinity, or arithmetization result.
sets-functions-relations/functions/function-basics.tex	sets-functions-relations	unit	ex#3	selected	sets-functions-relations	-	0	0	yes	950	Basics	-	3	ex#3	123	138	141	950	missing	none	-	-	No active declaration covers this sets, relation, cardinality, infinity, or arithmetization result.
sets-functions-relations/functions/function-basics.tex	sets-functions-relations	unit	ex#4	selected	sets-functions-relations	-	0	0	yes	950	Basics	-	4	ex#4	123	138	141	950	missing	none	-	-	No active declaration covers this sets, relation, cardinality, infinity, or arithmetization result.
sets-functions-relations/functions/function-basics.tex	sets-functions-relations	unit	ex#5	selected	sets-functions-relations	-	0	0	yes	950	Basics	-	5	ex#5	123	138	141	950	missing	none	-	-	No active declaration covers this sets, relation, cardinality, infinity, or arithmetization result.
sets-functions-relations/functions/function-basics.tex	sets-functions-relations	unit	ex#examplefunext	selected	sets-functions-relations	-	0	0	yes	950	Basics	; label=examplefunext	examplefunext	ex#examplefunext	123	138	141	950	missing	none	-	-	No active declaration covers this sets, relation, cardinality, infinity, or arithmetization result.
sets-functions-relations/functions/function-basics.tex	sets-functions-relations	unit	ex#7	selected	sets-functions-relations	-	0	0	yes	950	Basics	-	7	ex#7	123	138	141	950	missing	none	-	-	No active declaration covers this sets, relation, cardinality, infinity, or arithmetization result.
sets-functions-relations/functions/function-kinds.tex	sets-functions-relations	section	section	selected	sets-functions-relations	-	0	0	yes	646	Kinds of Functions	defn[!!^{surjective} function]; defn[!!^{injective} function]; ex; defn[!!^{bijection}]	-	section	1	119	119	646	missing	none	-	-	No active declaration covers this sets, relation, cardinality, infinity, or arithmetization result.
sets-functions-relations/functions/function-kinds.tex	sets-functions-relations	unit	defn#1	selected	sets-functions-relations	-	0	0	yes	646	Kinds of Functions	optional=!!^{surjective} function	1	defn#1	112	116	119	646	missing	none	-	-	No active declaration covers this sets, relation, cardinality, infinity, or arithmetization result.
sets-functions-relations/functions/function-kinds.tex	sets-functions-relations	unit	defn#2	selected	sets-functions-relations	-	0	0	yes	646	Kinds of Functions	optional=!!^{injective} function	2	defn#2	112	116	119	646	missing	none	-	-	No active declaration covers this sets, relation, cardinality, infinity, or arithmetization result.
sets-functions-relations/functions/function-kinds.tex	sets-functions-relations	unit	ex#3	selected	sets-functions-relations	-	0	0	yes	646	Kinds of Functions	-	3	ex#3	112	116	119	646	missing	none	-	-	No active declaration covers this sets, relation, cardinality, infinity, or arithmetization result.
sets-functions-relations/functions/function-kinds.tex	sets-functions-relations	unit	defn#4	selected	sets-functions-relations	-	0	0	yes	646	Kinds of Functions	optional=!!^{bijection}	4	defn#4	112	116	119	646	missing	none	-	-	No active declaration covers this sets, relation, cardinality, infinity, or arithmetization result.
sets-functions-relations/functions/functions-relations.tex	sets-functions-relations	section	section	selected	sets-functions-relations	-	0	0	yes	672	Functions as Relations	defn[Graph of a function]; prop#prop:graph-function; defn#defn:funimage	-	section	1	104	104	672	missing	none	-	-	No active declaration covers this sets, relation, cardinality, infinity, or arithmetization result.
sets-functions-relations/functions/functions-relations.tex	sets-functions-relations	unit	defn#1	selected	sets-functions-relations	-	0	0	yes	672	Functions as Relations	optional=Graph of a function	1	defn#1	78	90	104	672	missing	none	-	-	No active declaration covers this sets, relation, cardinality, infinity, or arithmetization result.
sets-functions-relations/functions/functions-relations.tex	sets-functions-relations	unit	prop#prop:graph-function	selected	sets-functions-relations	-	0	0	yes	672	Functions as Relations	; label=prop:graph-function	prop:graph-function	prop#prop:graph-function	78	90	104	672	missing	none	-	-	No active declaration covers this sets, relation, cardinality, infinity, or arithmetization result.
sets-functions-relations/functions/functions-relations.tex	sets-functions-relations	unit	defn#defn:funimage	selected	sets-functions-relations	-	0	0	yes	672	Functions as Relations	; label=defn:funimage	defn:funimage	defn#defn:funimage	78	90	104	672	missing	none	-	-	No active declaration covers this sets, relation, cardinality, infinity, or arithmetization result.
sets-functions-relations/functions/functions.tex	sets-functions-relations	chapter	section	selected	sets-functions-relations	-	0	0	yes	40	functions	-	-	section	1	27	27	40	structural_container	aggregator	-	-	Part/chapter container with imports or section assembly; substantive child sections are audited separately.
sets-functions-relations/functions/inverses.tex	sets-functions-relations	section	section	selected	sets-functions-relations	-	0	0	yes	1310	Inverses of Functions	defn; prop; prob; prop; prob; prop#prop:bijection-inverse; prob; prop#prop:left-right; prob; prop#prop:inverse-unique	-	section	1	178	178	1310	proved_weaker	manual_fragment_match	FormalOLP/SetsFunctionsRelations.lean;FormalOLP/SetsFunctionsRelations/Functions.lean	FormalOLP.SetsFunctionsRelations.leftInverse_injOn; FormalOLP.SetsFunctionsRelations.rightInverse_surjOn; FormalOLP.SetsFunctionsRelations.inverse_bijOn	Inverse implications are covered with explicit maps-to hypotheses; the source choice-based existence and inverse uniqueness theorems are not all formalized.
sets-functions-relations/functions/inverses.tex	sets-functions-relations	unit	defn#1	selected	sets-functions-relations	-	0	0	yes	1310	Inverses of Functions	-	1	defn#1	167	169	178	1310	proved_weaker	manual_fragment_match	FormalOLP/SetsFunctionsRelations.lean;FormalOLP/SetsFunctionsRelations/Functions.lean	FormalOLP.SetsFunctionsRelations.leftInverse_injOn; FormalOLP.SetsFunctionsRelations.rightInverse_surjOn; FormalOLP.SetsFunctionsRelations.inverse_bijOn	Inverse implications are covered with explicit maps-to hypotheses; the source choice-based existence and inverse uniqueness theorems are not all formalized.
sets-functions-relations/functions/inverses.tex	sets-functions-relations	unit	prop#2	selected	sets-functions-relations	-	0	0	yes	1310	Inverses of Functions	-	2	prop#2	167	169	178	1310	proved_weaker	manual_fragment_match	FormalOLP/SetsFunctionsRelations.lean;FormalOLP/SetsFunctionsRelations/Functions.lean	FormalOLP.SetsFunctionsRelations.leftInverse_injOn; FormalOLP.SetsFunctionsRelations.rightInverse_surjOn; FormalOLP.SetsFunctionsRelations.inverse_bijOn	Inverse implications are covered with explicit maps-to hypotheses; the source choice-based existence and inverse uniqueness theorems are not all formalized.
sets-functions-relations/functions/inverses.tex	sets-functions-relations	unit	prob#3	selected	sets-functions-relations	-	0	0	yes	1310	Inverses of Functions	-	3	prob#3	167	169	178	1310	proved_weaker	manual_fragment_match	FormalOLP/SetsFunctionsRelations.lean;FormalOLP/SetsFunctionsRelations/Functions.lean	FormalOLP.SetsFunctionsRelations.leftInverse_injOn; FormalOLP.SetsFunctionsRelations.rightInverse_surjOn; FormalOLP.SetsFunctionsRelations.inverse_bijOn	Inverse implications are covered with explicit maps-to hypotheses; the source choice-based existence and inverse uniqueness theorems are not all formalized.
sets-functions-relations/functions/inverses.tex	sets-functions-relations	unit	prop#4	selected	sets-functions-relations	-	0	0	yes	1310	Inverses of Functions	-	4	prop#4	167	169	178	1310	proved_weaker	manual_fragment_match	FormalOLP/SetsFunctionsRelations.lean;FormalOLP/SetsFunctionsRelations/Functions.lean	FormalOLP.SetsFunctionsRelations.leftInverse_injOn; FormalOLP.SetsFunctionsRelations.rightInverse_surjOn; FormalOLP.SetsFunctionsRelations.inverse_bijOn	Inverse implications are covered with explicit maps-to hypotheses; the source choice-based existence and inverse uniqueness theorems are not all formalized.
sets-functions-relations/functions/inverses.tex	sets-functions-relations	unit	prob#5	selected	sets-functions-relations	-	0	0	yes	1310	Inverses of Functions	-	5	prob#5	167	169	178	1310	proved_weaker	manual_fragment_match	FormalOLP/SetsFunctionsRelations.lean;FormalOLP/SetsFunctionsRelations/Functions.lean	FormalOLP.SetsFunctionsRelations.leftInverse_injOn; FormalOLP.SetsFunctionsRelations.rightInverse_surjOn; FormalOLP.SetsFunctionsRelations.inverse_bijOn	Inverse implications are covered with explicit maps-to hypotheses; the source choice-based existence and inverse uniqueness theorems are not all formalized.
sets-functions-relations/functions/inverses.tex	sets-functions-relations	unit	prop#prop:bijection-inverse	selected	sets-functions-relations	-	0	0	yes	1310	Inverses of Functions	; label=prop:bijection-inverse	prop:bijection-inverse	prop#prop:bijection-inverse	167	169	178	1310	proved_weaker	manual_fragment_match	FormalOLP/SetsFunctionsRelations.lean;FormalOLP/SetsFunctionsRelations/Functions.lean	FormalOLP.SetsFunctionsRelations.leftInverse_injOn; FormalOLP.SetsFunctionsRelations.rightInverse_surjOn; FormalOLP.SetsFunctionsRelations.inverse_bijOn	Inverse implications are covered with explicit maps-to hypotheses; the source choice-based existence and inverse uniqueness theorems are not all formalized.
sets-functions-relations/functions/inverses.tex	sets-functions-relations	unit	prob#7	selected	sets-functions-relations	-	0	0	yes	1310	Inverses of Functions	-	7	prob#7	167	169	178	1310	proved_weaker	manual_fragment_match	FormalOLP/SetsFunctionsRelations.lean;FormalOLP/SetsFunctionsRelations/Functions.lean	FormalOLP.SetsFunctionsRelations.leftInverse_injOn; FormalOLP.SetsFunctionsRelations.rightInverse_surjOn; FormalOLP.SetsFunctionsRelations.inverse_bijOn	Inverse implications are covered with explicit maps-to hypotheses; the source choice-based existence and inverse uniqueness theorems are not all formalized.
sets-functions-relations/functions/inverses.tex	sets-functions-relations	unit	prop#prop:left-right	selected	sets-functions-relations	-	0	0	yes	1310	Inverses of Functions	; label=prop:left-right	prop:left-right	prop#prop:left-right	167	169	178	1310	proved_weaker	manual_fragment_match	FormalOLP/SetsFunctionsRelations.lean;FormalOLP/SetsFunctionsRelations/Functions.lean	FormalOLP.SetsFunctionsRelations.leftInverse_injOn; FormalOLP.SetsFunctionsRelations.rightInverse_surjOn; FormalOLP.SetsFunctionsRelations.inverse_bijOn	Inverse implications are covered with explicit maps-to hypotheses; the source choice-based existence and inverse uniqueness theorems are not all formalized.
sets-functions-relations/functions/inverses.tex	sets-functions-relations	unit	prob#9	selected	sets-functions-relations	-	0	0	yes	1310	Inverses of Functions	-	9	prob#9	167	169	178	1310	proved_weaker	manual_fragment_match	FormalOLP/SetsFunctionsRelations.lean;FormalOLP/SetsFunctionsRelations/Functions.lean	FormalOLP.SetsFunctionsRelations.leftInverse_injOn; FormalOLP.SetsFunctionsRelations.rightInverse_surjOn; FormalOLP.SetsFunctionsRelations.inverse_bijOn	Inverse implications are covered with explicit maps-to hypotheses; the source choice-based existence and inverse uniqueness theorems are not all formalized.
sets-functions-relations/functions/inverses.tex	sets-functions-relations	unit	prop#prop:inverse-unique	selected	sets-functions-relations	-	0	0	yes	1310	Inverses of Functions	; label=prop:inverse-unique	prop:inverse-unique	prop#prop:inverse-unique	167	169	178	1310	proved_weaker	manual_fragment_match	FormalOLP/SetsFunctionsRelations.lean;FormalOLP/SetsFunctionsRelations/Functions.lean	FormalOLP.SetsFunctionsRelations.leftInverse_injOn; FormalOLP.SetsFunctionsRelations.rightInverse_surjOn; FormalOLP.SetsFunctionsRelations.inverse_bijOn	Inverse implications are covered with explicit maps-to hypotheses; the source choice-based existence and inverse uniqueness theorems are not all formalized.
sets-functions-relations/functions/isomorphic-functions.tex	sets-functions-relations	section	section	selected	sets-functions-relations	-	0	0	yes	277	Isomorphism	defn[Isomorphism]; ex	-	section	1	43	43	277	missing	none	-	-	No active declaration covers this sets, relation, cardinality, infinity, or arithmetization result.
sets-functions-relations/functions/isomorphic-functions.tex	sets-functions-relations	unit	defn#1	selected	sets-functions-relations	-	0	0	yes	277	Isomorphism	optional=Isomorphism	1	defn#1	35	40	43	277	missing	none	-	-	No active declaration covers this sets, relation, cardinality, infinity, or arithmetization result.
sets-functions-relations/functions/isomorphic-functions.tex	sets-functions-relations	unit	ex#2	selected	sets-functions-relations	-	0	0	yes	277	Isomorphism	-	2	ex#2	35	40	43	277	missing	none	-	-	No active declaration covers this sets, relation, cardinality, infinity, or arithmetization result.
sets-functions-relations/functions/partial-functions.tex	sets-functions-relations	section	section	selected	sets-functions-relations	-	0	0	yes	480	Partial Functions	defn; ex; ex; prob; defn[Graph of a partial function]; prop	-	section	1	76	76	480	missing	none	-	-	No active declaration covers this sets, relation, cardinality, infinity, or arithmetization result.
sets-functions-relations/functions/partial-functions.tex	sets-functions-relations	unit	defn#1	selected	sets-functions-relations	-	0	0	yes	480	Partial Functions	-	1	defn#1	58	65	76	480	missing	none	-	-	No active declaration covers this sets, relation, cardinality, infinity, or arithmetization result.
sets-functions-relations/functions/partial-functions.tex	sets-functions-relations	unit	ex#2	selected	sets-functions-relations	-	0	0	yes	480	Partial Functions	-	2	ex#2	58	65	76	480	missing	none	-	-	No active declaration covers this sets, relation, cardinality, infinity, or arithmetization result.
sets-functions-relations/functions/partial-functions.tex	sets-functions-relations	unit	ex#3	selected	sets-functions-relations	-	0	0	yes	480	Partial Functions	-	3	ex#3	58	65	76	480	missing	none	-	-	No active declaration covers this sets, relation, cardinality, infinity, or arithmetization result.
sets-functions-relations/functions/partial-functions.tex	sets-functions-relations	unit	prob#4	selected	sets-functions-relations	-	0	0	yes	480	Partial Functions	-	4	prob#4	58	65	76	480	missing	none	-	-	No active declaration covers this sets, relation, cardinality, infinity, or arithmetization result.
sets-functions-relations/functions/partial-functions.tex	sets-functions-relations	unit	defn#5	selected	sets-functions-relations	-	0	0	yes	480	Partial Functions	optional=Graph of a partial function	5	defn#5	58	65	76	480	missing	none	-	-	No active declaration covers this sets, relation, cardinality, infinity, or arithmetization result.
sets-functions-relations/functions/partial-functions.tex	sets-functions-relations	unit	prop#6	selected	sets-functions-relations	-	0	0	yes	480	Partial Functions	-	6	prop#6	58	65	76	480	missing	none	-	-	No active declaration covers this sets, relation, cardinality, infinity, or arithmetization result.
sets-functions-relations/inductive-defs-proofs/introduction.tex	sets-functions-relations	section	section	selected	sets-functions-relations	-	0	0	yes	852	Introduction	defn; defn; defn[Induction on $\Nat$]; ex; defn[Induction on !!{formula}s]	-	section	1	136	136	852	missing	none	-	-	No active declaration covers this sets, relation, cardinality, infinity, or arithmetization result.
sets-functions-relations/inductive-defs-proofs/introduction.tex	sets-functions-relations	unit	defn#1	selected	sets-functions-relations	-	0	0	yes	852	Introduction	-	1	defn#1	101	105	136	852	missing	none	-	-	No active declaration covers this sets, relation, cardinality, infinity, or arithmetization result.
sets-functions-relations/inductive-defs-proofs/introduction.tex	sets-functions-relations	unit	defn#2	selected	sets-functions-relations	-	0	0	yes	852	Introduction	-	2	defn#2	101	105	136	852	missing	none	-	-	No active declaration covers this sets, relation, cardinality, infinity, or arithmetization result.
sets-functions-relations/inductive-defs-proofs/introduction.tex	sets-functions-relations	unit	defn#3	selected	sets-functions-relations	-	0	0	yes	852	Introduction	optional=Induction on $\Nat$	3	defn#3	101	105	136	852	missing	none	-	-	No active declaration covers this sets, relation, cardinality, infinity, or arithmetization result.
sets-functions-relations/inductive-defs-proofs/introduction.tex	sets-functions-relations	unit	ex#4	selected	sets-functions-relations	-	0	0	yes	852	Introduction	-	4	ex#4	101	105	136	852	missing	none	-	-	No active declaration covers this sets, relation, cardinality, infinity, or arithmetization result.
sets-functions-relations/inductive-defs-proofs/introduction.tex	sets-functions-relations	unit	defn#5	selected	sets-functions-relations	-	0	0	yes	852	Introduction	optional=Induction on !!{formula}s	5	defn#5	101	105	136	852	missing	none	-	-	No active declaration covers this sets, relation, cardinality, infinity, or arithmetization result.
sets-functions-relations/infinite/card-sb.tex	sets-functions-relations	section	section	selected	sets-functions-relations	-	0	0	yes	729	"Appendix: Proving Schr\""oder-Bernstein"	lem#Closureprops; prop#sbhelper	-	section	1	103	103	729	missing	none	-	-	No active declaration covers this sets, relation, cardinality, infinity, or arithmetization result.
sets-functions-relations/infinite/card-sb.tex	sets-functions-relations	unit	lem#Closureprops	selected	sets-functions-relations	-	0	0	yes	729	"Appendix: Proving Schr\""oder-Bernstein"	; label=Closureprops	Closureprops	lem#Closureprops	51	53	103	729	missing	none	-	-	No active declaration covers this sets, relation, cardinality, infinity, or arithmetization result.
sets-functions-relations/infinite/card-sb.tex	sets-functions-relations	unit	prop#sbhelper	selected	sets-functions-relations	-	0	0	yes	729	"Appendix: Proving Schr\""oder-Bernstein"	; label=sbhelper	sbhelper	prop#sbhelper	51	53	103	729	missing	none	-	-	No active declaration covers this sets, relation, cardinality, infinity, or arithmetization result.
sets-functions-relations/infinite/dedekind-algebra.tex	sets-functions-relations	section	section	selected	sets-functions-relations	-	0	0	yes	804	Dedekind Algebras	defn#Closure; lem#closureproperties; defn#ded:proper; thm#thm:DedekindInfiniteAlgebra	-	section	1	118	118	804	missing	none	-	-	No active declaration covers this sets, relation, cardinality, infinity, or arithmetization result.
sets-functions-relations/infinite/dedekind-algebra.tex	sets-functions-relations	unit	defn#Closure	selected	sets-functions-relations	-	0	0	yes	804	Dedekind Algebras	; label=Closure	Closure	defn#Closure	98	100	118	804	missing	none	-	-	No active declaration covers this sets, relation, cardinality, infinity, or arithmetization result.
sets-functions-relations/infinite/dedekind-algebra.tex	sets-functions-relations	unit	lem#closureproperties	selected	sets-functions-relations	-	0	0	yes	804	Dedekind Algebras	; label=closureproperties	closureproperties	lem#closureproperties	98	100	118	804	missing	none	-	-	No active declaration covers this sets, relation, cardinality, infinity, or arithmetization result.
sets-functions-relations/infinite/dedekind-algebra.tex	sets-functions-relations	unit	defn#ded:proper	selected	sets-functions-relations	-	0	0	yes	804	Dedekind Algebras	; label=ded:proper	ded:proper	defn#ded:proper	98	100	118	804	missing	none	-	-	No active declaration covers this sets, relation, cardinality, infinity, or arithmetization result.
sets-functions-relations/infinite/dedekind-algebra.tex	sets-functions-relations	unit	thm#thm:DedekindInfiniteAlgebra	selected	sets-functions-relations	-	0	0	yes	804	Dedekind Algebras	; label=thm:DedekindInfiniteAlgebra	thm:DedekindInfiniteAlgebra	thm#thm:DedekindInfiniteAlgebra	98	100	118	804	missing	none	-	-	No active declaration covers this sets, relation, cardinality, infinity, or arithmetization result.
sets-functions-relations/infinite/dedekind-induction.tex	sets-functions-relations	section	section	selected	sets-functions-relations	-	0	0	yes	537	dedekind-induction	thm[Arithmetical induction]#thm:dedinfiniteinduction; cor#natinductionschema	-	section	1	83	83	537	missing	none	-	-	No active declaration covers this sets, relation, cardinality, infinity, or arithmetization result.
sets-functions-relations/infinite/dedekind-induction.tex	sets-functions-relations	unit	thm#thm:dedinfiniteinduction	selected	sets-functions-relations	-	0	0	yes	537	dedekind-induction	optional=Arithmetical induction; label=thm:dedinfiniteinduction	thm:dedinfiniteinduction	thm#thm:dedinfiniteinduction	37	44	83	537	missing	none	-	-	No active declaration covers this sets, relation, cardinality, infinity, or arithmetization result.
sets-functions-relations/infinite/dedekind-induction.tex	sets-functions-relations	unit	cor#natinductionschema	selected	sets-functions-relations	-	0	0	yes	537	dedekind-induction	; label=natinductionschema	natinductionschema	cor#natinductionschema	37	44	83	537	missing	none	-	-	No active declaration covers this sets, relation, cardinality, infinity, or arithmetization result.
sets-functions-relations/infinite/dedekinds-proof.tex	sets-functions-relations	section	section	selected	sets-functions-relations	-	0	0	yes	947	dedekinds-proof	-	-	section	1	115	115	947	missing	none	-	-	No active declaration covers this sets, relation, cardinality, infinity, or arithmetization result.
sets-functions-relations/infinite/hilberts-hotel.tex	sets-functions-relations	section	section	selected	sets-functions-relations	-	0	0	yes	410	Hilbert's Hotel	defn#defn:DedekindInfinite	-	section	1	66	66	410	missing	none	-	-	No active declaration covers this sets, relation, cardinality, infinity, or arithmetization result.
sets-functions-relations/infinite/hilberts-hotel.tex	sets-functions-relations	unit	defn#defn:DedekindInfinite	selected	sets-functions-relations	-	0	0	yes	410	Hilbert's Hotel	; label=defn:DedekindInfinite	defn:DedekindInfinite	defn#defn:DedekindInfinite	60	64	66	410	missing	none	-	-	No active declaration covers this sets, relation, cardinality, infinity, or arithmetization result.
sets-functions-relations/infinite/infinite.tex	sets-functions-relations	chapter	section	selected	sets-functions-relations	-	0	0	yes	55	infinite	-	-	section	1	21	21	55	structural_container	aggregator	-	-	Part/chapter container with imports or section assembly; substantive child sections are audited separately.
sets-functions-relations/relations/equivalence-relations.tex	sets-functions-relations	section	section	selected	sets-functions-relations	-	0	0	yes	549	Equivalence Relations	defn[Equivalence relation]; defn#def:equivalenceclass; prop; ex; prob	-	section	1	84	84	549	missing	none	-	-	No active declaration covers this sets, relation, cardinality, infinity, or arithmetization result.
sets-functions-relations/relations/equivalence-relations.tex	sets-functions-relations	unit	defn#1	selected	sets-functions-relations	-	0	0	yes	549	Equivalence Relations	optional=Equivalence relation	1	defn#1	78	81	84	549	missing	none	-	-	No active declaration covers this sets, relation, cardinality, infinity, or arithmetization result.
sets-functions-relations/relations/equivalence-relations.tex	sets-functions-relations	unit	defn#def:equivalenceclass	selected	sets-functions-relations	-	0	0	yes	549	Equivalence Relations	; label=def:equivalenceclass	def:equivalenceclass	defn#def:equivalenceclass	78	81	84	549	missing	none	-	-	No active declaration covers this sets, relation, cardinality, infinity, or arithmetization result.
sets-functions-relations/relations/equivalence-relations.tex	sets-functions-relations	unit	prop#3	selected	sets-functions-relations	-	0	0	yes	549	Equivalence Relations	-	3	prop#3	78	81	84	549	missing	none	-	-	No active declaration covers this sets, relation, cardinality, infinity, or arithmetization result.
sets-functions-relations/relations/equivalence-relations.tex	sets-functions-relations	unit	ex#4	selected	sets-functions-relations	-	0	0	yes	549	Equivalence Relations	-	4	ex#4	78	81	84	549	missing	none	-	-	No active declaration covers this sets, relation, cardinality, infinity, or arithmetization result.
sets-functions-relations/relations/equivalence-relations.tex	sets-functions-relations	unit	prob#5	selected	sets-functions-relations	-	0	0	yes	549	Equivalence Relations	-	5	prob#5	78	81	84	549	missing	none	-	-	No active declaration covers this sets, relation, cardinality, infinity, or arithmetization result.
sets-functions-relations/relations/graphs.tex	sets-functions-relations	section	section	selected	sets-functions-relations	-	0	0	yes	491	Graphs	defn[Directed graph]; ex; prob	-	section	1	78	78	491	missing	none	-	-	No active declaration covers this sets, relation, cardinality, infinity, or arithmetization result.
sets-functions-relations/relations/graphs.tex	sets-functions-relations	unit	defn#1	selected	sets-functions-relations	-	0	0	yes	491	Graphs	optional=Directed graph	1	defn#1	72	75	78	491	missing	none	-	-	No active declaration covers this sets, relation, cardinality, infinity, or arithmetization result.
sets-functions-relations/relations/graphs.tex	sets-functions-relations	unit	ex#2	selected	sets-functions-relations	-	0	0	yes	491	Graphs	-	2	ex#2	72	75	78	491	missing	none	-	-	No active declaration covers this sets, relation, cardinality, infinity, or arithmetization result.
sets-functions-relations/relations/graphs.tex	sets-functions-relations	unit	prob#3	selected	sets-functions-relations	-	0	0	yes	491	Graphs	-	3	prob#3	72	75	78	491	missing	none	-	-	No active declaration covers this sets, relation, cardinality, infinity, or arithmetization result.
sets-functions-relations/relations/operations.tex	sets-functions-relations	section	section	selected	sets-functions-relations	-	0	0	yes	384	Operations on Relations	defn#relationoperations; ex; defn[Transitive closure]; ex; prob	-	section	1	72	72	384	missing	none	-	-	No active declaration covers this sets, relation, cardinality, infinity, or arithmetization result.
sets-functions-relations/relations/operations.tex	sets-functions-relations	unit	defn#relationoperations	selected	sets-functions-relations	-	0	0	yes	384	Operations on Relations	; label=relationoperations	relationoperations	defn#relationoperations	67	69	72	384	missing	none	-	-	No active declaration covers this sets, relation, cardinality, infinity, or arithmetization result.
sets-functions-relations/relations/operations.tex	sets-functions-relations	unit	ex#2	selected	sets-functions-relations	-	0	0	yes	384	Operations on Relations	-	2	ex#2	67	69	72	384	missing	none	-	-	No active declaration covers this sets, relation, cardinality, infinity, or arithmetization result.
sets-functions-relations/relations/operations.tex	sets-functions-relations	unit	defn#3	selected	sets-functions-relations	-	0	0	yes	384	Operations on Relations	optional=Transitive closure	3	defn#3	67	69	72	384	missing	none	-	-	No active declaration covers this sets, relation, cardinality, infinity, or arithmetization result.
sets-functions-relations/relations/operations.tex	sets-functions-relations	unit	ex#4	selected	sets-functions-relations	-	0	0	yes	384	Operations on Relations	-	4	ex#4	67	69	72	384	missing	none	-	-	No active declaration covers this sets, relation, cardinality, infinity, or arithmetization result.
sets-functions-relations/relations/operations.tex	sets-functions-relations	unit	prob#5	selected	sets-functions-relations	-	0	0	yes	384	Operations on Relations	-	5	prob#5	67	69	72	384	missing	none	-	-	No active declaration covers this sets, relation, cardinality, infinity, or arithmetization result.
sets-functions-relations/relations/orders.tex	sets-functions-relations	section	section	selected	sets-functions-relations	-	0	0	yes	1100	Orders	defn[Preorder]; defn[Partial order]; defn[Linear order]#def:linearorder; ex; ex; ex; ex; ex; defn[Strict order]; defn[Strict linear order]#def:strictlinearorder; ex; prop#prop:stricttopartial; prop#prop:partialtostrict; prob; prop#prop:extensionality-strictlinearorders	-	section	1	169	169	1100	missing	none	-	-	No active declaration covers this sets, relation, cardinality, infinity, or arithmetization result.
sets-functions-relations/relations/orders.tex	sets-functions-relations	unit	defn#1	selected	sets-functions-relations	-	0	0	yes	1100	Orders	optional=Preorder	1	defn#1	155	160	169	1100	missing	none	-	-	No active declaration covers this sets, relation, cardinality, infinity, or arithmetization result.
sets-functions-relations/relations/orders.tex	sets-functions-relations	unit	defn#2	selected	sets-functions-relations	-	0	0	yes	1100	Orders	optional=Partial order	2	defn#2	155	160	169	1100	missing	none	-	-	No active declaration covers this sets, relation, cardinality, infinity, or arithmetization result.
sets-functions-relations/relations/orders.tex	sets-functions-relations	unit	defn#def:linearorder	selected	sets-functions-relations	-	0	0	yes	1100	Orders	optional=Linear order; label=def:linearorder	def:linearorder	defn#def:linearorder	155	160	169	1100	missing	none	-	-	No active declaration covers this sets, relation, cardinality, infinity, or arithmetization result.
sets-functions-relations/relations/orders.tex	sets-functions-relations	unit	ex#4	selected	sets-functions-relations	-	0	0	yes	1100	Orders	-	4	ex#4	155	160	169	1100	missing	none	-	-	No active declaration covers this sets, relation, cardinality, infinity, or arithmetization result.
sets-functions-relations/relations/orders.tex	sets-functions-relations	unit	ex#5	selected	sets-functions-relations	-	0	0	yes	1100	Orders	-	5	ex#5	155	160	169	1100	missing	none	-	-	No active declaration covers this sets, relation, cardinality, infinity, or arithmetization result.
sets-functions-relations/relations/orders.tex	sets-functions-relations	unit	ex#6	selected	sets-functions-relations	-	0	0	yes	1100	Orders	-	6	ex#6	155	160	169	1100	missing	none	-	-	No active declaration covers this sets, relation, cardinality, infinity, or arithmetization result.
sets-functions-relations/relations/orders.tex	sets-functions-relations	unit	ex#7	selected	sets-functions-relations	-	0	0	yes	1100	Orders	-	7	ex#7	155	160	169	1100	missing	none	-	-	No active declaration covers this sets, relation, cardinality, infinity, or arithmetization result.
sets-functions-relations/relations/orders.tex	sets-functions-relations	unit	ex#8	selected	sets-functions-relations	-	0	0	yes	1100	Orders	-	8	ex#8	155	160	169	1100	missing	none	-	-	No active declaration covers this sets, relation, cardinality, infinity, or arithmetization result.
sets-functions-relations/relations/orders.tex	sets-functions-relations	unit	defn#9	selected	sets-functions-relations	-	0	0	yes	1100	Orders	optional=Strict order	9	defn#9	155	160	169	1100	missing	none	-	-	No active declaration covers this sets, relation, cardinality, infinity, or arithmetization result.
sets-functions-relations/relations/orders.tex	sets-functions-relations	unit	defn#def:strictlinearorder	selected	sets-functions-relations	-	0	0	yes	1100	Orders	optional=Strict linear order; label=def:strictlinearorder	def:strictlinearorder	defn#def:strictlinearorder	155	160	169	1100	missing	none	-	-	No active declaration covers this sets, relation, cardinality, infinity, or arithmetization result.
sets-functions-relations/relations/orders.tex	sets-functions-relations	unit	ex#11	selected	sets-functions-relations	-	0	0	yes	1100	Orders	-	11	ex#11	155	160	169	1100	missing	none	-	-	No active declaration covers this sets, relation, cardinality, infinity, or arithmetization result.
sets-functions-relations/relations/orders.tex	sets-functions-relations	unit	prop#prop:stricttopartial	selected	sets-functions-relations	-	0	0	yes	1100	Orders	; label=prop:stricttopartial	prop:stricttopartial	prop#prop:stricttopartial	155	160	169	1100	missing	none	-	-	No active declaration covers this sets, relation, cardinality, infinity, or arithmetization result.
sets-functions-relations/relations/orders.tex	sets-functions-relations	unit	prop#prop:partialtostrict	selected	sets-functions-relations	-	0	0	yes	1100	Orders	; label=prop:partialtostrict	prop:partialtostrict	prop#prop:partialtostrict	155	160	169	1100	missing	none	-	-	No active declaration covers this sets, relation, cardinality, infinity, or arithmetization result.
sets-functions-relations/relations/orders.tex	sets-functions-relations	unit	prob#14	selected	sets-functions-relations	-	0	0	yes	1100	Orders	-	14	prob#14	155	160	169	1100	missing	none	-	-	No active declaration covers this sets, relation, cardinality, infinity, or arithmetization result.
sets-functions-relations/relations/orders.tex	sets-functions-relations	unit	prop#prop:extensionality-strictlinearorders	selected	sets-functions-relations	-	0	0	yes	1100	Orders	; label=prop:extensionality-strictlinearorders	prop:extensionality-strictlinearorders	prop#prop:extensionality-strictlinearorders	155	160	169	1100	missing	none	-	-	No active declaration covers this sets, relation, cardinality, infinity, or arithmetization result.
sets-functions-relations/relations/reflections.tex	sets-functions-relations	section	section	selected	sets-functions-relations	-	0	0	yes	681	Philosophical Reflections	-	-	section	1	77	77	681	missing	none	-	-	No active declaration covers this sets, relation, cardinality, infinity, or arithmetization result.
sets-functions-relations/relations/relations-as-sets.tex	sets-functions-relations	section	section	selected	sets-functions-relations	-	0	0	yes	928	Relations as Sets	defn[Binary relation]; ex#relations; prob	-	section	1	126	126	928	missing	none	-	-	No active declaration covers this sets, relation, cardinality, infinity, or arithmetization result.
sets-functions-relations/relations/relations-as-sets.tex	sets-functions-relations	unit	defn#1	selected	sets-functions-relations	-	0	0	yes	928	Relations as Sets	optional=Binary relation	1	defn#1	120	123	126	928	missing	none	-	-	No active declaration covers this sets, relation, cardinality, infinity, or arithmetization result.
sets-functions-relations/relations/relations-as-sets.tex	sets-functions-relations	unit	ex#relations	selected	sets-functions-relations	-	0	0	yes	928	Relations as Sets	; label=relations	relations	ex#relations	120	123	126	928	missing	none	-	-	No active declaration covers this sets, relation, cardinality, infinity, or arithmetization result.
sets-functions-relations/relations/relations-as-sets.tex	sets-functions-relations	unit	prob#3	selected	sets-functions-relations	-	0	0	yes	928	Relations as Sets	-	3	prob#3	120	123	126	928	missing	none	-	-	No active declaration covers this sets, relation, cardinality, infinity, or arithmetization result.
sets-functions-relations/relations/relations-complete.tex	sets-functions-relations	chapter	section	selected	sets-functions-relations	-	0	0	yes	42	relations-complete	-	-	section	1	29	29	42	structural_container	aggregator	-	-	Part/chapter container with imports or section assembly; substantive child sections are audited separately.
sets-functions-relations/relations/relations.tex	sets-functions-relations	chapter	section	selected	sets-functions-relations	-	0	0	yes	39	relations	-	-	section	1	27	27	39	structural_container	aggregator	-	-	Part/chapter container with imports or section assembly; substantive child sections are audited separately.
sets-functions-relations/relations/special-properties.tex	sets-functions-relations	section	section	selected	sets-functions-relations	-	0	0	yes	513	Special Properties of Relations	defn[Reflexivity]; defn[Transitivity]; defn[Symmetry]; defn[Anti-symmetry]; defn[Connectivity]; prob; defn[Irreflexivity]; defn[Asymmetry]	-	section	1	85	85	513	missing	none	-	-	No active declaration covers this sets, relation, cardinality, infinity, or arithmetization result.
sets-functions-relations/relations/special-properties.tex	sets-functions-relations	unit	defn#1	selected	sets-functions-relations	-	0	0	yes	513	Special Properties of Relations	optional=Reflexivity	1	defn#1	74	77	85	513	missing	none	-	-	No active declaration covers this sets, relation, cardinality, infinity, or arithmetization result.
sets-functions-relations/relations/special-properties.tex	sets-functions-relations	unit	defn#2	selected	sets-functions-relations	-	0	0	yes	513	Special Properties of Relations	optional=Transitivity	2	defn#2	74	77	85	513	missing	none	-	-	No active declaration covers this sets, relation, cardinality, infinity, or arithmetization result.
sets-functions-relations/relations/special-properties.tex	sets-functions-relations	unit	defn#3	selected	sets-functions-relations	-	0	0	yes	513	Special Properties of Relations	optional=Symmetry	3	defn#3	74	77	85	513	missing	none	-	-	No active declaration covers this sets, relation, cardinality, infinity, or arithmetization result.
sets-functions-relations/relations/special-properties.tex	sets-functions-relations	unit	defn#4	selected	sets-functions-relations	-	0	0	yes	513	Special Properties of Relations	optional=Anti-symmetry	4	defn#4	74	77	85	513	missing	none	-	-	No active declaration covers this sets, relation, cardinality, infinity, or arithmetization result.
sets-functions-relations/relations/special-properties.tex	sets-functions-relations	unit	defn#5	selected	sets-functions-relations	-	0	0	yes	513	Special Properties of Relations	optional=Connectivity	5	defn#5	74	77	85	513	missing	none	-	-	No active declaration covers this sets, relation, cardinality, infinity, or arithmetization result.
sets-functions-relations/relations/special-properties.tex	sets-functions-relations	unit	prob#6	selected	sets-functions-relations	-	0	0	yes	513	Special Properties of Relations	-	6	prob#6	74	77	85	513	missing	none	-	-	No active declaration covers this sets, relation, cardinality, infinity, or arithmetization result.
sets-functions-relations/relations/special-properties.tex	sets-functions-relations	unit	defn#7	selected	sets-functions-relations	-	0	0	yes	513	Special Properties of Relations	optional=Irreflexivity	7	defn#7	74	77	85	513	missing	none	-	-	No active declaration covers this sets, relation, cardinality, infinity, or arithmetization result.
sets-functions-relations/relations/special-properties.tex	sets-functions-relations	unit	defn#8	selected	sets-functions-relations	-	0	0	yes	513	Special Properties of Relations	optional=Asymmetry	8	defn#8	74	77	85	513	missing	none	-	-	No active declaration covers this sets, relation, cardinality, infinity, or arithmetization result.
sets-functions-relations/relations/trees.tex	sets-functions-relations	section	section	selected	sets-functions-relations	-	0	0	yes	923	Trees	defn[Tree]; defn[Successors]; prop; defn; defn[Branches]; ex; ex; prop[K\H{o}nig's lemma]	-	section	1	131	131	923	missing	none	-	-	No active declaration covers this sets, relation, cardinality, infinity, or arithmetization result.
sets-functions-relations/relations/trees.tex	sets-functions-relations	unit	defn#1	selected	sets-functions-relations	-	0	0	yes	923	Trees	optional=Tree	1	defn#1	121	124	131	923	missing	none	-	-	No active declaration covers this sets, relation, cardinality, infinity, or arithmetization result.
sets-functions-relations/relations/trees.tex	sets-functions-relations	unit	defn#2	selected	sets-functions-relations	-	0	0	yes	923	Trees	optional=Successors	2	defn#2	121	124	131	923	missing	none	-	-	No active declaration covers this sets, relation, cardinality, infinity, or arithmetization result.
sets-functions-relations/relations/trees.tex	sets-functions-relations	unit	prop#3	selected	sets-functions-relations	-	0	0	yes	923	Trees	-	3	prop#3	121	124	131	923	missing	none	-	-	No active declaration covers this sets, relation, cardinality, infinity, or arithmetization result.
sets-functions-relations/relations/trees.tex	sets-functions-relations	unit	defn#4	selected	sets-functions-relations	-	0	0	yes	923	Trees	-	4	defn#4	121	124	131	923	missing	none	-	-	No active declaration covers this sets, relation, cardinality, infinity, or arithmetization result.
sets-functions-relations/relations/trees.tex	sets-functions-relations	unit	defn#5	selected	sets-functions-relations	-	0	0	yes	923	Trees	optional=Branches	5	defn#5	121	124	131	923	missing	none	-	-	No active declaration covers this sets, relation, cardinality, infinity, or arithmetization result.
sets-functions-relations/relations/trees.tex	sets-functions-relations	unit	ex#6	selected	sets-functions-relations	-	0	0	yes	923	Trees	-	6	ex#6	121	124	131	923	missing	none	-	-	No active declaration covers this sets, relation, cardinality, infinity, or arithmetization result.
sets-functions-relations/relations/trees.tex	sets-functions-relations	unit	ex#7	selected	sets-functions-relations	-	0	0	yes	923	Trees	-	7	ex#7	121	124	131	923	missing	none	-	-	No active declaration covers this sets, relation, cardinality, infinity, or arithmetization result.
sets-functions-relations/relations/trees.tex	sets-functions-relations	unit	prop#8	selected	sets-functions-relations	-	0	0	yes	923	Trees	optional=K\H{o}nig's lemma	8	prop#8	121	124	131	923	missing	none	-	-	No active declaration covers this sets, relation, cardinality, infinity, or arithmetization result.
sets-functions-relations/sets/basics.tex	sets-functions-relations	section	section	selected	sets-functions-relations	-	0	0	yes	689	Extensionality	defn[Extensionality]; ex; ex; ex; prob	-	section	1	104	104	689	missing	none	-	-	No active declaration covers this sets, relation, cardinality, infinity, or arithmetization result.
sets-functions-relations/sets/basics.tex	sets-functions-relations	unit	defn#1	selected	sets-functions-relations	-	0	0	yes	689	Extensionality	optional=Extensionality	1	defn#1	98	101	104	689	missing	none	-	-	No active declaration covers this sets, relation, cardinality, infinity, or arithmetization result.
sets-functions-relations/sets/basics.tex	sets-functions-relations	unit	ex#2	selected	sets-functions-relations	-	0	0	yes	689	Extensionality	-	2	ex#2	98	101	104	689	missing	none	-	-	No active declaration covers this sets, relation, cardinality, infinity, or arithmetization result.
sets-functions-relations/sets/basics.tex	sets-functions-relations	unit	ex#3	selected	sets-functions-relations	-	0	0	yes	689	Extensionality	-	3	ex#3	98	101	104	689	missing	none	-	-	No active declaration covers this sets, relation, cardinality, infinity, or arithmetization result.
sets-functions-relations/sets/basics.tex	sets-functions-relations	unit	ex#4	selected	sets-functions-relations	-	0	0	yes	689	Extensionality	-	4	ex#4	98	101	104	689	missing	none	-	-	No active declaration covers this sets, relation, cardinality, infinity, or arithmetization result.
sets-functions-relations/sets/basics.tex	sets-functions-relations	unit	prob#5	selected	sets-functions-relations	-	0	0	yes	689	Extensionality	-	5	prob#5	98	101	104	689	missing	none	-	-	No active declaration covers this sets, relation, cardinality, infinity, or arithmetization result.
sets-functions-relations/sets/important-sets.tex	sets-functions-relations	section	section	selected	sets-functions-relations	-	0	0	yes	434	Some Important Sets	ex; ex[Strings]; ex[Infinite sequences]	-	section	1	70	70	434	missing	none	-	-	No active declaration covers this sets, relation, cardinality, infinity, or arithmetization result.
sets-functions-relations/sets/important-sets.tex	sets-functions-relations	unit	ex#1	selected	sets-functions-relations	-	0	0	yes	434	Some Important Sets	-	1	ex#1	62	67	70	434	missing	none	-	-	No active declaration covers this sets, relation, cardinality, infinity, or arithmetization result.
sets-functions-relations/sets/important-sets.tex	sets-functions-relations	unit	ex#2	selected	sets-functions-relations	-	0	0	yes	434	Some Important Sets	optional=Strings	2	ex#2	62	67	70	434	missing	none	-	-	No active declaration covers this sets, relation, cardinality, infinity, or arithmetization result.
sets-functions-relations/sets/important-sets.tex	sets-functions-relations	unit	ex#3	selected	sets-functions-relations	-	0	0	yes	434	Some Important Sets	optional=Infinite sequences	3	ex#3	62	67	70	434	missing	none	-	-	No active declaration covers this sets, relation, cardinality, infinity, or arithmetization result.
sets-functions-relations/sets/pairs-and-products.tex	sets-functions-relations	section	section	selected	sets-functions-relations	-	0	0	yes	821	Pairs, Tuples, Cartesian Products	defn[Ordered pair]#wienerkuratowski; prob; defn[Cartesian product]; ex; ex; prob; prop#cardnmprod; prob; ex	-	section	1	130	130	821	missing	none	-	-	No active declaration covers this sets, relation, cardinality, infinity, or arithmetization result.
sets-functions-relations/sets/pairs-and-products.tex	sets-functions-relations	unit	defn#wienerkuratowski	selected	sets-functions-relations	-	0	0	yes	821	Pairs, Tuples, Cartesian Products	optional=Ordered pair; label=wienerkuratowski	wienerkuratowski	defn#wienerkuratowski	115	127	130	821	missing	none	-	-	No active declaration covers this sets, relation, cardinality, infinity, or arithmetization result.
sets-functions-relations/sets/pairs-and-products.tex	sets-functions-relations	unit	prob#2	selected	sets-functions-relations	-	0	0	yes	821	Pairs, Tuples, Cartesian Products	-	2	prob#2	115	127	130	821	missing	none	-	-	No active declaration covers this sets, relation, cardinality, infinity, or arithmetization result.
sets-functions-relations/sets/pairs-and-products.tex	sets-functions-relations	unit	defn#3	selected	sets-functions-relations	-	0	0	yes	821	Pairs, Tuples, Cartesian Products	optional=Cartesian product	3	defn#3	115	127	130	821	missing	none	-	-	No active declaration covers this sets, relation, cardinality, infinity, or arithmetization result.
sets-functions-relations/sets/pairs-and-products.tex	sets-functions-relations	unit	ex#4	selected	sets-functions-relations	-	0	0	yes	821	Pairs, Tuples, Cartesian Products	-	4	ex#4	115	127	130	821	missing	none	-	-	No active declaration covers this sets, relation, cardinality, infinity, or arithmetization result.
sets-functions-relations/sets/pairs-and-products.tex	sets-functions-relations	unit	ex#5	selected	sets-functions-relations	-	0	0	yes	821	Pairs, Tuples, Cartesian Products	-	5	ex#5	115	127	130	821	missing	none	-	-	No active declaration covers this sets, relation, cardinality, infinity, or arithmetization result.
sets-functions-relations/sets/pairs-and-products.tex	sets-functions-relations	unit	prob#6	selected	sets-functions-relations	-	0	0	yes	821	Pairs, Tuples, Cartesian Products	-	6	prob#6	115	127	130	821	missing	none	-	-	No active declaration covers this sets, relation, cardinality, infinity, or arithmetization result.
sets-functions-relations/sets/pairs-and-products.tex	sets-functions-relations	unit	prop#cardnmprod	selected	sets-functions-relations	-	0	0	yes	821	Pairs, Tuples, Cartesian Products	; label=cardnmprod	cardnmprod	prop#cardnmprod	115	127	130	821	missing	none	-	-	No active declaration covers this sets, relation, cardinality, infinity, or arithmetization result.
sets-functions-relations/sets/pairs-and-products.tex	sets-functions-relations	unit	prob#8	selected	sets-functions-relations	-	0	0	yes	821	Pairs, Tuples, Cartesian Products	-	8	prob#8	115	127	130	821	missing	none	-	-	No active declaration covers this sets, relation, cardinality, infinity, or arithmetization result.
sets-functions-relations/sets/pairs-and-products.tex	sets-functions-relations	unit	ex#9	selected	sets-functions-relations	-	0	0	yes	821	Pairs, Tuples, Cartesian Products	-	9	ex#9	115	127	130	821	missing	none	-	-	No active declaration covers this sets, relation, cardinality, infinity, or arithmetization result.
sets-functions-relations/sets/proofs-about-sets.tex	sets-functions-relations	section	section	selected	sets-functions-relations	-	0	0	yes	805	Proofs about Sets	prop[Absorption]; prob	-	section	1	103	103	805	missing	none	-	-	No active declaration covers this sets, relation, cardinality, infinity, or arithmetization result.
sets-functions-relations/sets/proofs-about-sets.tex	sets-functions-relations	unit	prop#1	selected	sets-functions-relations	-	0	0	yes	805	Proofs about Sets	optional=Absorption	1	prop#1	96	100	103	805	missing	none	-	-	No active declaration covers this sets, relation, cardinality, infinity, or arithmetization result.
sets-functions-relations/sets/proofs-about-sets.tex	sets-functions-relations	unit	prob#2	selected	sets-functions-relations	-	0	0	yes	805	Proofs about Sets	-	2	prob#2	96	100	103	805	missing	none	-	-	No active declaration covers this sets, relation, cardinality, infinity, or arithmetization result.
sets-functions-relations/sets/russells-paradox.tex	sets-functions-relations	section	section	selected	sets-functions-relations	-	0	0	yes	666	Russell's Paradox	thm[Russell's Paradox]#thm:russells-paradox	-	section	1	90	90	666	missing	none	-	-	No active declaration covers this sets, relation, cardinality, infinity, or arithmetization result.
sets-functions-relations/sets/russells-paradox.tex	sets-functions-relations	unit	thm#thm:russells-paradox	selected	sets-functions-relations	-	0	0	yes	666	Russell's Paradox	optional=Russell's Paradox; label=thm:russells-paradox	thm:russells-paradox	thm#thm:russells-paradox	45	47	90	666	missing	none	-	-	No active declaration covers this sets, relation, cardinality, infinity, or arithmetization result.
sets-functions-relations/sets/sets.tex	sets-functions-relations	chapter	section	selected	sets-functions-relations	-	0	0	yes	39	sets	-	-	section	1	25	25	39	structural_container	aggregator	-	-	Part/chapter container with imports or section assembly; substantive child sections are audited separately.
sets-functions-relations/sets/subsets.tex	sets-functions-relations	section	section	selected	sets-functions-relations	-	0	0	yes	634	Subsets and Power Sets	defn[Subset]; ex; ex; prop; defn#forallxina; defn[Power Set]; ex; prob; prob	-	section	1	104	104	634	missing	none	-	-	No active declaration covers this sets, relation, cardinality, infinity, or arithmetization result.
sets-functions-relations/sets/subsets.tex	sets-functions-relations	unit	defn#1	selected	sets-functions-relations	-	0	0	yes	634	Subsets and Power Sets	optional=Subset	1	defn#1	98	101	104	634	missing	none	-	-	No active declaration covers this sets, relation, cardinality, infinity, or arithmetization result.
sets-functions-relations/sets/subsets.tex	sets-functions-relations	unit	ex#2	selected	sets-functions-relations	-	0	0	yes	634	Subsets and Power Sets	-	2	ex#2	98	101	104	634	missing	none	-	-	No active declaration covers this sets, relation, cardinality, infinity, or arithmetization result.
sets-functions-relations/sets/subsets.tex	sets-functions-relations	unit	ex#3	selected	sets-functions-relations	-	0	0	yes	634	Subsets and Power Sets	-	3	ex#3	98	101	104	634	missing	none	-	-	No active declaration covers this sets, relation, cardinality, infinity, or arithmetization result.
sets-functions-relations/sets/subsets.tex	sets-functions-relations	unit	prop#4	selected	sets-functions-relations	-	0	0	yes	634	Subsets and Power Sets	-	4	prop#4	98	101	104	634	missing	none	-	-	No active declaration covers this sets, relation, cardinality, infinity, or arithmetization result.
sets-functions-relations/sets/subsets.tex	sets-functions-relations	unit	defn#forallxina	selected	sets-functions-relations	-	0	0	yes	634	Subsets and Power Sets	; label=forallxina	forallxina	defn#forallxina	98	101	104	634	missing	none	-	-	No active declaration covers this sets, relation, cardinality, infinity, or arithmetization result.
sets-functions-relations/sets/subsets.tex	sets-functions-relations	unit	defn#6	selected	sets-functions-relations	-	0	0	yes	634	Subsets and Power Sets	optional=Power Set	6	defn#6	98	101	104	634	missing	none	-	-	No active declaration covers this sets, relation, cardinality, infinity, or arithmetization result.
sets-functions-relations/sets/subsets.tex	sets-functions-relations	unit	ex#7	selected	sets-functions-relations	-	0	0	yes	634	Subsets and Power Sets	-	7	ex#7	98	101	104	634	missing	none	-	-	No active declaration covers this sets, relation, cardinality, infinity, or arithmetization result.
sets-functions-relations/sets/subsets.tex	sets-functions-relations	unit	prob#8	selected	sets-functions-relations	-	0	0	yes	634	Subsets and Power Sets	-	8	prob#8	98	101	104	634	missing	none	-	-	No active declaration covers this sets, relation, cardinality, infinity, or arithmetization result.
sets-functions-relations/sets/subsets.tex	sets-functions-relations	unit	prob#9	selected	sets-functions-relations	-	0	0	yes	634	Subsets and Power Sets	-	9	prob#9	98	101	104	634	missing	none	-	-	No active declaration covers this sets, relation, cardinality, infinity, or arithmetization result.
sets-functions-relations/sets/unions-and-intersections.tex	sets-functions-relations	section	section	selected	sets-functions-relations	-	0	0	yes	1076	Unions and Intersections	defn[Union]; ex; prob; defn[Intersection]; ex; prob; defn; defn; ex; prob; defn[Difference]; prob	-	section	1	175	175	1076	proved_weaker	manual_fragment_match	FormalOLP/SetsFunctionsRelations.lean;FormalOLP/SetsFunctionsRelations/Functions.lean	FormalOLP.SetsFunctionsRelations.mem_intersection_union_absorption_iff; FormalOLP.SetsFunctionsRelations.intersection_union_absorption	Only one absorption identity is formalized; union/intersection definitions, indexed operations, and exercises remain outside the native chain.
sets-functions-relations/sets/unions-and-intersections.tex	sets-functions-relations	unit	defn#1	selected	sets-functions-relations	-	0	0	yes	1076	Unions and Intersections	optional=Union	1	defn#1	170	172	175	1076	proved_weaker	manual_fragment_match	FormalOLP/SetsFunctionsRelations.lean;FormalOLP/SetsFunctionsRelations/Functions.lean	FormalOLP.SetsFunctionsRelations.mem_intersection_union_absorption_iff; FormalOLP.SetsFunctionsRelations.intersection_union_absorption	Only one absorption identity is formalized; union/intersection definitions, indexed operations, and exercises remain outside the native chain.
sets-functions-relations/sets/unions-and-intersections.tex	sets-functions-relations	unit	ex#2	selected	sets-functions-relations	-	0	0	yes	1076	Unions and Intersections	-	2	ex#2	170	172	175	1076	proved_weaker	manual_fragment_match	FormalOLP/SetsFunctionsRelations.lean;FormalOLP/SetsFunctionsRelations/Functions.lean	FormalOLP.SetsFunctionsRelations.mem_intersection_union_absorption_iff; FormalOLP.SetsFunctionsRelations.intersection_union_absorption	Only one absorption identity is formalized; union/intersection definitions, indexed operations, and exercises remain outside the native chain.
sets-functions-relations/sets/unions-and-intersections.tex	sets-functions-relations	unit	prob#3	selected	sets-functions-relations	-	0	0	yes	1076	Unions and Intersections	-	3	prob#3	170	172	175	1076	proved_weaker	manual_fragment_match	FormalOLP/SetsFunctionsRelations.lean;FormalOLP/SetsFunctionsRelations/Functions.lean	FormalOLP.SetsFunctionsRelations.mem_intersection_union_absorption_iff; FormalOLP.SetsFunctionsRelations.intersection_union_absorption	Only one absorption identity is formalized; union/intersection definitions, indexed operations, and exercises remain outside the native chain.
sets-functions-relations/sets/unions-and-intersections.tex	sets-functions-relations	unit	defn#4	selected	sets-functions-relations	-	0	0	yes	1076	Unions and Intersections	optional=Intersection	4	defn#4	170	172	175	1076	proved_weaker	manual_fragment_match	FormalOLP/SetsFunctionsRelations.lean;FormalOLP/SetsFunctionsRelations/Functions.lean	FormalOLP.SetsFunctionsRelations.mem_intersection_union_absorption_iff; FormalOLP.SetsFunctionsRelations.intersection_union_absorption	Only one absorption identity is formalized; union/intersection definitions, indexed operations, and exercises remain outside the native chain.
sets-functions-relations/sets/unions-and-intersections.tex	sets-functions-relations	unit	ex#5	selected	sets-functions-relations	-	0	0	yes	1076	Unions and Intersections	-	5	ex#5	170	172	175	1076	proved_weaker	manual_fragment_match	FormalOLP/SetsFunctionsRelations.lean;FormalOLP/SetsFunctionsRelations/Functions.lean	FormalOLP.SetsFunctionsRelations.mem_intersection_union_absorption_iff; FormalOLP.SetsFunctionsRelations.intersection_union_absorption	Only one absorption identity is formalized; union/intersection definitions, indexed operations, and exercises remain outside the native chain.
sets-functions-relations/sets/unions-and-intersections.tex	sets-functions-relations	unit	prob#6	selected	sets-functions-relations	-	0	0	yes	1076	Unions and Intersections	-	6	prob#6	170	172	175	1076	proved_weaker	manual_fragment_match	FormalOLP/SetsFunctionsRelations.lean;FormalOLP/SetsFunctionsRelations/Functions.lean	FormalOLP.SetsFunctionsRelations.mem_intersection_union_absorption_iff; FormalOLP.SetsFunctionsRelations.intersection_union_absorption	Only one absorption identity is formalized; union/intersection definitions, indexed operations, and exercises remain outside the native chain.
sets-functions-relations/sets/unions-and-intersections.tex	sets-functions-relations	unit	defn#7	selected	sets-functions-relations	-	0	0	yes	1076	Unions and Intersections	-	7	defn#7	170	172	175	1076	proved_weaker	manual_fragment_match	FormalOLP/SetsFunctionsRelations.lean;FormalOLP/SetsFunctionsRelations/Functions.lean	FormalOLP.SetsFunctionsRelations.mem_intersection_union_absorption_iff; FormalOLP.SetsFunctionsRelations.intersection_union_absorption	Only one absorption identity is formalized; union/intersection definitions, indexed operations, and exercises remain outside the native chain.
sets-functions-relations/sets/unions-and-intersections.tex	sets-functions-relations	unit	defn#8	selected	sets-functions-relations	-	0	0	yes	1076	Unions and Intersections	-	8	defn#8	170	172	175	1076	proved_weaker	manual_fragment_match	FormalOLP/SetsFunctionsRelations.lean;FormalOLP/SetsFunctionsRelations/Functions.lean	FormalOLP.SetsFunctionsRelations.mem_intersection_union_absorption_iff; FormalOLP.SetsFunctionsRelations.intersection_union_absorption	Only one absorption identity is formalized; union/intersection definitions, indexed operations, and exercises remain outside the native chain.
sets-functions-relations/sets/unions-and-intersections.tex	sets-functions-relations	unit	ex#9	selected	sets-functions-relations	-	0	0	yes	1076	Unions and Intersections	-	9	ex#9	170	172	175	1076	proved_weaker	manual_fragment_match	FormalOLP/SetsFunctionsRelations.lean;FormalOLP/SetsFunctionsRelations/Functions.lean	FormalOLP.SetsFunctionsRelations.mem_intersection_union_absorption_iff; FormalOLP.SetsFunctionsRelations.intersection_union_absorption	Only one absorption identity is formalized; union/intersection definitions, indexed operations, and exercises remain outside the native chain.
sets-functions-relations/sets/unions-and-intersections.tex	sets-functions-relations	unit	prob#10	selected	sets-functions-relations	-	0	0	yes	1076	Unions and Intersections	-	10	prob#10	170	172	175	1076	proved_weaker	manual_fragment_match	FormalOLP/SetsFunctionsRelations.lean;FormalOLP/SetsFunctionsRelations/Functions.lean	FormalOLP.SetsFunctionsRelations.mem_intersection_union_absorption_iff; FormalOLP.SetsFunctionsRelations.intersection_union_absorption	Only one absorption identity is formalized; union/intersection definitions, indexed operations, and exercises remain outside the native chain.
sets-functions-relations/sets/unions-and-intersections.tex	sets-functions-relations	unit	defn#11	selected	sets-functions-relations	-	0	0	yes	1076	Unions and Intersections	optional=Difference	11	defn#11	170	172	175	1076	proved_weaker	manual_fragment_match	FormalOLP/SetsFunctionsRelations.lean;FormalOLP/SetsFunctionsRelations/Functions.lean	FormalOLP.SetsFunctionsRelations.mem_intersection_union_absorption_iff; FormalOLP.SetsFunctionsRelations.intersection_union_absorption	Only one absorption identity is formalized; union/intersection definitions, indexed operations, and exercises remain outside the native chain.
sets-functions-relations/sets/unions-and-intersections.tex	sets-functions-relations	unit	prob#12	selected	sets-functions-relations	-	0	0	yes	1076	Unions and Intersections	-	12	prob#12	170	172	175	1076	proved_weaker	manual_fragment_match	FormalOLP/SetsFunctionsRelations.lean;FormalOLP/SetsFunctionsRelations/Functions.lean	FormalOLP.SetsFunctionsRelations.mem_intersection_union_absorption_iff; FormalOLP.SetsFunctionsRelations.intersection_union_absorption	Only one absorption identity is formalized; union/intersection definitions, indexed operations, and exercises remain outside the native chain.
sets-functions-relations/sets-functions-relations-complete.tex	sets-functions-relations	part	section	selected	sets-functions-relations	-	0	0	yes	96	sets-functions-relations-complete	-	-	section	1	30	30	96	structural_container	aggregator	-	-	Part/chapter container with imports or section assembly; substantive child sections are audited separately.
sets-functions-relations/sets-functions-relations.tex	sets-functions-relations	part	section	selected	sets-functions-relations	-	0	0	yes	140	sets-functions-relations	-	-	section	1	32	32	140	structural_container	aggregator	-	-	Part/chapter container with imports or section assembly; substantive child sections are audited separately.
sets-functions-relations/size-of-sets/comparing-size.tex	sets-functions-relations	section	section	selected	sets-functions-relations	-	0	0	yes	1205	Sets of Different Sizes, and Cantor's Theorem	defn; defn; thm[Cantor]#thm:cantor; prob	-	section	1	151	151	1205	missing	none	-	-	No active declaration covers this sets, relation, cardinality, infinity, or arithmetization result.
sets-functions-relations/size-of-sets/comparing-size.tex	sets-functions-relations	unit	defn#1	selected	sets-functions-relations	-	0	0	yes	1205	Sets of Different Sizes, and Cantor's Theorem	-	1	defn#1	142	148	151	1205	missing	none	-	-	No active declaration covers this sets, relation, cardinality, infinity, or arithmetization result.
sets-functions-relations/size-of-sets/comparing-size.tex	sets-functions-relations	unit	defn#2	selected	sets-functions-relations	-	0	0	yes	1205	Sets of Different Sizes, and Cantor's Theorem	-	2	defn#2	142	148	151	1205	missing	none	-	-	No active declaration covers this sets, relation, cardinality, infinity, or arithmetization result.
sets-functions-relations/size-of-sets/comparing-size.tex	sets-functions-relations	unit	thm#thm:cantor	selected	sets-functions-relations	-	0	0	yes	1205	Sets of Different Sizes, and Cantor's Theorem	optional=Cantor; label=thm:cantor	thm:cantor	thm#thm:cantor	142	148	151	1205	missing	none	-	-	No active declaration covers this sets, relation, cardinality, infinity, or arithmetization result.
sets-functions-relations/size-of-sets/comparing-size.tex	sets-functions-relations	unit	prob#4	selected	sets-functions-relations	-	0	0	yes	1205	Sets of Different Sizes, and Cantor's Theorem	-	4	prob#4	142	148	151	1205	missing	none	-	-	No active declaration covers this sets, relation, cardinality, infinity, or arithmetization result.
sets-functions-relations/size-of-sets/enumerability-alt.tex	sets-functions-relations	section	section	selected	sets-functions-relations	-	0	0	yes	833	Enumerations and {S	defn[Enumeration, set-theoretic]; defn#defn:enumerable; ex; prob; ex; prob; ex; prob; prob	-	section	1	135	135	833	missing	none	-	-	No active declaration covers this sets, relation, cardinality, infinity, or arithmetization result.
sets-functions-relations/size-of-sets/enumerability-alt.tex	sets-functions-relations	unit	defn#1	selected	sets-functions-relations	-	0	0	yes	833	Enumerations and {S	optional=Enumeration, set-theoretic	1	defn#1	130	133	135	833	missing	none	-	-	No active declaration covers this sets, relation, cardinality, infinity, or arithmetization result.
sets-functions-relations/size-of-sets/enumerability-alt.tex	sets-functions-relations	unit	defn#defn:enumerable	selected	sets-functions-relations	-	0	0	yes	833	Enumerations and {S	; label=defn:enumerable	defn:enumerable	defn#defn:enumerable	130	133	135	833	missing	none	-	-	No active declaration covers this sets, relation, cardinality, infinity, or arithmetization result.
sets-functions-relations/size-of-sets/enumerability-alt.tex	sets-functions-relations	unit	ex#3	selected	sets-functions-relations	-	0	0	yes	833	Enumerations and {S	-	3	ex#3	130	133	135	833	missing	none	-	-	No active declaration covers this sets, relation, cardinality, infinity, or arithmetization result.
sets-functions-relations/size-of-sets/enumerability-alt.tex	sets-functions-relations	unit	prob#4	selected	sets-functions-relations	-	0	0	yes	833	Enumerations and {S	-	4	prob#4	130	133	135	833	missing	none	-	-	No active declaration covers this sets, relation, cardinality, infinity, or arithmetization result.
sets-functions-relations/size-of-sets/enumerability-alt.tex	sets-functions-relations	unit	ex#5	selected	sets-functions-relations	-	0	0	yes	833	Enumerations and {S	-	5	ex#5	130	133	135	833	missing	none	-	-	No active declaration covers this sets, relation, cardinality, infinity, or arithmetization result.
sets-functions-relations/size-of-sets/enumerability-alt.tex	sets-functions-relations	unit	prob#6	selected	sets-functions-relations	-	0	0	yes	833	Enumerations and {S	-	6	prob#6	130	133	135	833	missing	none	-	-	No active declaration covers this sets, relation, cardinality, infinity, or arithmetization result.
sets-functions-relations/size-of-sets/enumerability-alt.tex	sets-functions-relations	unit	ex#7	selected	sets-functions-relations	-	0	0	yes	833	Enumerations and {S	-	7	ex#7	130	133	135	833	missing	none	-	-	No active declaration covers this sets, relation, cardinality, infinity, or arithmetization result.
sets-functions-relations/size-of-sets/enumerability-alt.tex	sets-functions-relations	unit	prob#8	selected	sets-functions-relations	-	0	0	yes	833	Enumerations and {S	-	8	prob#8	130	133	135	833	missing	none	-	-	No active declaration covers this sets, relation, cardinality, infinity, or arithmetization result.
sets-functions-relations/size-of-sets/enumerability-alt.tex	sets-functions-relations	unit	prob#9	selected	sets-functions-relations	-	0	0	yes	833	Enumerations and {S	-	9	prob#9	130	133	135	833	missing	none	-	-	No active declaration covers this sets, relation, cardinality, infinity, or arithmetization result.
sets-functions-relations/size-of-sets/enumerability.tex	sets-functions-relations	section	section	selected	sets-functions-relations	-	0	0	yes	2074	Enumerations and {S	defn[Enumeration, informally]; prop; defn[Enumeration, formally]; defn#defn:enumerable; ex; ex; prob; ex; prob; prob; prob; prop#prop:enum-shift; cor#cor:enum-nat; prop#prop:enum-bij; cor#cor:enum-nat-bij; prob	-	section	1	280	280	2074	missing	none	-	-	No active declaration covers this sets, relation, cardinality, infinity, or arithmetization result.
sets-functions-relations/size-of-sets/enumerability.tex	sets-functions-relations	unit	defn#1	selected	sets-functions-relations	-	0	0	yes	2074	Enumerations and {S	optional=Enumeration, informally	1	defn#1	268	277	280	2074	missing	none	-	-	No active declaration covers this sets, relation, cardinality, infinity, or arithmetization result.
sets-functions-relations/size-of-sets/enumerability.tex	sets-functions-relations	unit	prop#2	selected	sets-functions-relations	-	0	0	yes	2074	Enumerations and {S	-	2	prop#2	268	277	280	2074	missing	none	-	-	No active declaration covers this sets, relation, cardinality, infinity, or arithmetization result.
sets-functions-relations/size-of-sets/enumerability.tex	sets-functions-relations	unit	defn#3	selected	sets-functions-relations	-	0	0	yes	2074	Enumerations and {S	optional=Enumeration, formally	3	defn#3	268	277	280	2074	missing	none	-	-	No active declaration covers this sets, relation, cardinality, infinity, or arithmetization result.
sets-functions-relations/size-of-sets/enumerability.tex	sets-functions-relations	unit	defn#defn:enumerable	selected	sets-functions-relations	-	0	0	yes	2074	Enumerations and {S	; label=defn:enumerable	defn:enumerable	defn#defn:enumerable	268	277	280	2074	missing	none	-	-	No active declaration covers this sets, relation, cardinality, infinity, or arithmetization result.
sets-functions-relations/size-of-sets/enumerability.tex	sets-functions-relations	unit	ex#5	selected	sets-functions-relations	-	0	0	yes	2074	Enumerations and {S	-	5	ex#5	268	277	280	2074	missing	none	-	-	No active declaration covers this sets, relation, cardinality, infinity, or arithmetization result.
sets-functions-relations/size-of-sets/enumerability.tex	sets-functions-relations	unit	ex#6	selected	sets-functions-relations	-	0	0	yes	2074	Enumerations and {S	-	6	ex#6	268	277	280	2074	missing	none	-	-	No active declaration covers this sets, relation, cardinality, infinity, or arithmetization result.
sets-functions-relations/size-of-sets/enumerability.tex	sets-functions-relations	unit	prob#7	selected	sets-functions-relations	-	0	0	yes	2074	Enumerations and {S	-	7	prob#7	268	277	280	2074	missing	none	-	-	No active declaration covers this sets, relation, cardinality, infinity, or arithmetization result.
sets-functions-relations/size-of-sets/enumerability.tex	sets-functions-relations	unit	ex#8	selected	sets-functions-relations	-	0	0	yes	2074	Enumerations and {S	-	8	ex#8	268	277	280	2074	missing	none	-	-	No active declaration covers this sets, relation, cardinality, infinity, or arithmetization result.
sets-functions-relations/size-of-sets/enumerability.tex	sets-functions-relations	unit	prob#9	selected	sets-functions-relations	-	0	0	yes	2074	Enumerations and {S	-	9	prob#9	268	277	280	2074	missing	none	-	-	No active declaration covers this sets, relation, cardinality, infinity, or arithmetization result.
sets-functions-relations/size-of-sets/enumerability.tex	sets-functions-relations	unit	prob#10	selected	sets-functions-relations	-	0	0	yes	2074	Enumerations and {S	-	10	prob#10	268	277	280	2074	missing	none	-	-	No active declaration covers this sets, relation, cardinality, infinity, or arithmetization result.
sets-functions-relations/size-of-sets/enumerability.tex	sets-functions-relations	unit	prob#11	selected	sets-functions-relations	-	0	0	yes	2074	Enumerations and {S	-	11	prob#11	268	277	280	2074	missing	none	-	-	No active declaration covers this sets, relation, cardinality, infinity, or arithmetization result.
sets-functions-relations/size-of-sets/enumerability.tex	sets-functions-relations	unit	prop#prop:enum-shift	selected	sets-functions-relations	-	0	0	yes	2074	Enumerations and {S	; label=prop:enum-shift	prop:enum-shift	prop#prop:enum-shift	268	277	280	2074	missing	none	-	-	No active declaration covers this sets, relation, cardinality, infinity, or arithmetization result.
sets-functions-relations/size-of-sets/enumerability.tex	sets-functions-relations	unit	cor#cor:enum-nat	selected	sets-functions-relations	-	0	0	yes	2074	Enumerations and {S	; label=cor:enum-nat	cor:enum-nat	cor#cor:enum-nat	268	277	280	2074	missing	none	-	-	No active declaration covers this sets, relation, cardinality, infinity, or arithmetization result.
sets-functions-relations/size-of-sets/enumerability.tex	sets-functions-relations	unit	prop#prop:enum-bij	selected	sets-functions-relations	-	0	0	yes	2074	Enumerations and {S	; label=prop:enum-bij	prop:enum-bij	prop#prop:enum-bij	268	277	280	2074	missing	none	-	-	No active declaration covers this sets, relation, cardinality, infinity, or arithmetization result.
sets-functions-relations/size-of-sets/enumerability.tex	sets-functions-relations	unit	cor#cor:enum-nat-bij	selected	sets-functions-relations	-	0	0	yes	2074	Enumerations and {S	; label=cor:enum-nat-bij	cor:enum-nat-bij	cor#cor:enum-nat-bij	268	277	280	2074	missing	none	-	-	No active declaration covers this sets, relation, cardinality, infinity, or arithmetization result.
sets-functions-relations/size-of-sets/enumerability.tex	sets-functions-relations	unit	prob#16	selected	sets-functions-relations	-	0	0	yes	2074	Enumerations and {S	-	16	prob#16	268	277	280	2074	missing	none	-	-	No active declaration covers this sets, relation, cardinality, infinity, or arithmetization result.
sets-functions-relations/size-of-sets/equinumerous-sets.tex	sets-functions-relations	section	section	selected	sets-functions-relations	-	0	0	yes	724	Equinumerosity	defn#comparisondef; prop#equinumerosityisequi; prop; prob; prob	-	section	1	112	112	724	missing	none	-	-	No active declaration covers this sets, relation, cardinality, infinity, or arithmetization result.
sets-functions-relations/size-of-sets/equinumerous-sets.tex	sets-functions-relations	unit	defn#comparisondef	selected	sets-functions-relations	-	0	0	yes	724	Equinumerosity	; label=comparisondef	comparisondef	defn#comparisondef	106	109	112	724	missing	none	-	-	No active declaration covers this sets, relation, cardinality, infinity, or arithmetization result.
sets-functions-relations/size-of-sets/equinumerous-sets.tex	sets-functions-relations	unit	prop#equinumerosityisequi	selected	sets-functions-relations	-	0	0	yes	724	Equinumerosity	; label=equinumerosityisequi	equinumerosityisequi	prop#equinumerosityisequi	106	109	112	724	missing	none	-	-	No active declaration covers this sets, relation, cardinality, infinity, or arithmetization result.
sets-functions-relations/size-of-sets/equinumerous-sets.tex	sets-functions-relations	unit	prop#3	selected	sets-functions-relations	-	0	0	yes	724	Equinumerosity	-	3	prop#3	106	109	112	724	missing	none	-	-	No active declaration covers this sets, relation, cardinality, infinity, or arithmetization result.
sets-functions-relations/size-of-sets/equinumerous-sets.tex	sets-functions-relations	unit	prob#4	selected	sets-functions-relations	-	0	0	yes	724	Equinumerosity	-	4	prob#4	106	109	112	724	missing	none	-	-	No active declaration covers this sets, relation, cardinality, infinity, or arithmetization result.
sets-functions-relations/size-of-sets/equinumerous-sets.tex	sets-functions-relations	unit	prob#5	selected	sets-functions-relations	-	0	0	yes	724	Equinumerosity	-	5	prob#5	106	109	112	724	missing	none	-	-	No active declaration covers this sets, relation, cardinality, infinity, or arithmetization result.
sets-functions-relations/size-of-sets/introduction.tex	sets-functions-relations	section	section	selected	sets-functions-relations	-	0	0	yes	184	Introduction	-	-	section	1	29	29	184	missing	none	-	-	No active declaration covers this sets, relation, cardinality, infinity, or arithmetization result.
sets-functions-relations/size-of-sets/non-enumerability-alt.tex	sets-functions-relations	section	section	selected	sets-functions-relations	-	0	0	yes	1173	{S	thm#thm:nonenum-bin-omega; thm#thm:nonenum-pownat; prob	-	section	1	162	162	1173	missing	none	-	-	No active declaration covers this sets, relation, cardinality, infinity, or arithmetization result.
sets-functions-relations/size-of-sets/non-enumerability-alt.tex	sets-functions-relations	unit	thm#thm:nonenum-bin-omega	selected	sets-functions-relations	-	0	0	yes	1173	{S	; label=thm:nonenum-bin-omega	thm:nonenum-bin-omega	thm#thm:nonenum-bin-omega	154	160	162	1173	missing	none	-	-	No active declaration covers this sets, relation, cardinality, infinity, or arithmetization result.
sets-functions-relations/size-of-sets/non-enumerability-alt.tex	sets-functions-relations	unit	thm#thm:nonenum-pownat	selected	sets-functions-relations	-	0	0	yes	1173	{S	; label=thm:nonenum-pownat	thm:nonenum-pownat	thm#thm:nonenum-pownat	154	160	162	1173	missing	none	-	-	No active declaration covers this sets, relation, cardinality, infinity, or arithmetization result.
sets-functions-relations/size-of-sets/non-enumerability-alt.tex	sets-functions-relations	unit	prob#3	selected	sets-functions-relations	-	0	0	yes	1173	{S	-	3	prob#3	154	160	162	1173	missing	none	-	-	No active declaration covers this sets, relation, cardinality, infinity, or arithmetization result.
sets-functions-relations/size-of-sets/non-enumerability.tex	sets-functions-relations	section	section	selected	sets-functions-relations	-	0	0	yes	1650	{S	thm#thm:nonenum-bin-omega; thm#thm:nonenum-pownat; prob; prob	-	section	1	215	215	1650	missing	none	-	-	No active declaration covers this sets, relation, cardinality, infinity, or arithmetization result.
sets-functions-relations/size-of-sets/non-enumerability.tex	sets-functions-relations	unit	thm#thm:nonenum-bin-omega	selected	sets-functions-relations	-	0	0	yes	1650	{S	; label=thm:nonenum-bin-omega	thm:nonenum-bin-omega	thm#thm:nonenum-bin-omega	206	212	215	1650	missing	none	-	-	No active declaration covers this sets, relation, cardinality, infinity, or arithmetization result.
sets-functions-relations/size-of-sets/non-enumerability.tex	sets-functions-relations	unit	thm#thm:nonenum-pownat	selected	sets-functions-relations	-	0	0	yes	1650	{S	; label=thm:nonenum-pownat	thm:nonenum-pownat	thm#thm:nonenum-pownat	206	212	215	1650	missing	none	-	-	No active declaration covers this sets, relation, cardinality, infinity, or arithmetization result.
sets-functions-relations/size-of-sets/non-enumerability.tex	sets-functions-relations	unit	prob#3	selected	sets-functions-relations	-	0	0	yes	1650	{S	-	3	prob#3	206	212	215	1650	missing	none	-	-	No active declaration covers this sets, relation, cardinality, infinity, or arithmetization result.
sets-functions-relations/size-of-sets/non-enumerability.tex	sets-functions-relations	unit	prob#4	selected	sets-functions-relations	-	0	0	yes	1650	{S	-	4	prob#4	206	212	215	1650	missing	none	-	-	No active declaration covers this sets, relation, cardinality, infinity, or arithmetization result.
sets-functions-relations/size-of-sets/pairing-alt.tex	sets-functions-relations	section	section	selected	sets-functions-relations	-	0	0	yes	833	An Alternative Pairing Function	ex; ex	-	section	1	114	114	833	missing	none	-	-	No active declaration covers this sets, relation, cardinality, infinity, or arithmetization result.
sets-functions-relations/size-of-sets/pairing-alt.tex	sets-functions-relations	unit	ex#1	selected	sets-functions-relations	-	0	0	yes	833	An Alternative Pairing Function	-	1	ex#1	106	112	114	833	missing	none	-	-	No active declaration covers this sets, relation, cardinality, infinity, or arithmetization result.
sets-functions-relations/size-of-sets/pairing-alt.tex	sets-functions-relations	unit	ex#2	selected	sets-functions-relations	-	0	0	yes	833	An Alternative Pairing Function	-	2	ex#2	106	112	114	833	missing	none	-	-	No active declaration covers this sets, relation, cardinality, infinity, or arithmetization result.
sets-functions-relations/size-of-sets/pairing.tex	sets-functions-relations	section	section	selected	sets-functions-relations	-	0	0	yes	716	Pairing Functions and Codes	defn[Pairing function]; prob; prob; prob; prob; prob; prob; prob; prob; prob	-	section	1	116	116	716	missing	none	-	-	No active declaration covers this sets, relation, cardinality, infinity, or arithmetization result.
sets-functions-relations/size-of-sets/pairing.tex	sets-functions-relations	unit	defn#1	selected	sets-functions-relations	-	0	0	yes	716	Pairing Functions and Codes	optional=Pairing function	1	defn#1	111	113	116	716	missing	none	-	-	No active declaration covers this sets, relation, cardinality, infinity, or arithmetization result.
sets-functions-relations/size-of-sets/pairing.tex	sets-functions-relations	unit	prob#2	selected	sets-functions-relations	-	0	0	yes	716	Pairing Functions and Codes	-	2	prob#2	111	113	116	716	missing	none	-	-	No active declaration covers this sets, relation, cardinality, infinity, or arithmetization result.
sets-functions-relations/size-of-sets/pairing.tex	sets-functions-relations	unit	prob#3	selected	sets-functions-relations	-	0	0	yes	716	Pairing Functions and Codes	-	3	prob#3	111	113	116	716	missing	none	-	-	No active declaration covers this sets, relation, cardinality, infinity, or arithmetization result.
sets-functions-relations/size-of-sets/pairing.tex	sets-functions-relations	unit	prob#4	selected	sets-functions-relations	-	0	0	yes	716	Pairing Functions and Codes	-	4	prob#4	111	113	116	716	missing	none	-	-	No active declaration covers this sets, relation, cardinality, infinity, or arithmetization result.
sets-functions-relations/size-of-sets/pairing.tex	sets-functions-relations	unit	prob#5	selected	sets-functions-relations	-	0	0	yes	716	Pairing Functions and Codes	-	5	prob#5	111	113	116	716	missing	none	-	-	No active declaration covers this sets, relation, cardinality, infinity, or arithmetization result.
sets-functions-relations/size-of-sets/pairing.tex	sets-functions-relations	unit	prob#6	selected	sets-functions-relations	-	0	0	yes	716	Pairing Functions and Codes	-	6	prob#6	111	113	116	716	missing	none	-	-	No active declaration covers this sets, relation, cardinality, infinity, or arithmetization result.
sets-functions-relations/size-of-sets/pairing.tex	sets-functions-relations	unit	prob#7	selected	sets-functions-relations	-	0	0	yes	716	Pairing Functions and Codes	-	7	prob#7	111	113	116	716	missing	none	-	-	No active declaration covers this sets, relation, cardinality, infinity, or arithmetization result.
sets-functions-relations/size-of-sets/pairing.tex	sets-functions-relations	unit	prob#8	selected	sets-functions-relations	-	0	0	yes	716	Pairing Functions and Codes	-	8	prob#8	111	113	116	716	missing	none	-	-	No active declaration covers this sets, relation, cardinality, infinity, or arithmetization result.
sets-functions-relations/size-of-sets/pairing.tex	sets-functions-relations	unit	prob#9	selected	sets-functions-relations	-	0	0	yes	716	Pairing Functions and Codes	-	9	prob#9	111	113	116	716	missing	none	-	-	No active declaration covers this sets, relation, cardinality, infinity, or arithmetization result.
sets-functions-relations/size-of-sets/pairing.tex	sets-functions-relations	unit	prob#10	selected	sets-functions-relations	-	0	0	yes	716	Pairing Functions and Codes	-	10	prob#10	111	113	116	716	missing	none	-	-	No active declaration covers this sets, relation, cardinality, infinity, or arithmetization result.
sets-functions-relations/size-of-sets/reduction-alt.tex	sets-functions-relations	section	section	selected	sets-functions-relations	-	0	0	yes	933	Reduction	prob; prob; prob; prob; prob; prob; prob	-	section	1	140	140	933	missing	none	-	-	No active declaration covers this sets, relation, cardinality, infinity, or arithmetization result.
sets-functions-relations/size-of-sets/reduction-alt.tex	sets-functions-relations	unit	prob#1	selected	sets-functions-relations	-	0	0	yes	933	Reduction	-	1	prob#1	136	138	140	933	missing	none	-	-	No active declaration covers this sets, relation, cardinality, infinity, or arithmetization result.
sets-functions-relations/size-of-sets/reduction-alt.tex	sets-functions-relations	unit	prob#2	selected	sets-functions-relations	-	0	0	yes	933	Reduction	-	2	prob#2	136	138	140	933	missing	none	-	-	No active declaration covers this sets, relation, cardinality, infinity, or arithmetization result.
sets-functions-relations/size-of-sets/reduction-alt.tex	sets-functions-relations	unit	prob#3	selected	sets-functions-relations	-	0	0	yes	933	Reduction	-	3	prob#3	136	138	140	933	missing	none	-	-	No active declaration covers this sets, relation, cardinality, infinity, or arithmetization result.
sets-functions-relations/size-of-sets/reduction-alt.tex	sets-functions-relations	unit	prob#4	selected	sets-functions-relations	-	0	0	yes	933	Reduction	-	4	prob#4	136	138	140	933	missing	none	-	-	No active declaration covers this sets, relation, cardinality, infinity, or arithmetization result.
sets-functions-relations/size-of-sets/reduction-alt.tex	sets-functions-relations	unit	prob#5	selected	sets-functions-relations	-	0	0	yes	933	Reduction	-	5	prob#5	136	138	140	933	missing	none	-	-	No active declaration covers this sets, relation, cardinality, infinity, or arithmetization result.
sets-functions-relations/size-of-sets/reduction-alt.tex	sets-functions-relations	unit	prob#6	selected	sets-functions-relations	-	0	0	yes	933	Reduction	-	6	prob#6	136	138	140	933	missing	none	-	-	No active declaration covers this sets, relation, cardinality, infinity, or arithmetization result.
sets-functions-relations/size-of-sets/reduction-alt.tex	sets-functions-relations	unit	prob#7	selected	sets-functions-relations	-	0	0	yes	933	Reduction	-	7	prob#7	136	138	140	933	missing	none	-	-	No active declaration covers this sets, relation, cardinality, infinity, or arithmetization result.
sets-functions-relations/size-of-sets/reduction.tex	sets-functions-relations	section	section	selected	sets-functions-relations	-	0	0	yes	931	Reduction	prob; prob; prob; prob; prob; prob; prob	-	section	1	139	139	931	missing	none	-	-	No active declaration covers this sets, relation, cardinality, infinity, or arithmetization result.
sets-functions-relations/size-of-sets/reduction.tex	sets-functions-relations	unit	prob#1	selected	sets-functions-relations	-	0	0	yes	931	Reduction	-	1	prob#1	134	136	139	931	missing	none	-	-	No active declaration covers this sets, relation, cardinality, infinity, or arithmetization result.
sets-functions-relations/size-of-sets/reduction.tex	sets-functions-relations	unit	prob#2	selected	sets-functions-relations	-	0	0	yes	931	Reduction	-	2	prob#2	134	136	139	931	missing	none	-	-	No active declaration covers this sets, relation, cardinality, infinity, or arithmetization result.
sets-functions-relations/size-of-sets/reduction.tex	sets-functions-relations	unit	prob#3	selected	sets-functions-relations	-	0	0	yes	931	Reduction	-	3	prob#3	134	136	139	931	missing	none	-	-	No active declaration covers this sets, relation, cardinality, infinity, or arithmetization result.
sets-functions-relations/size-of-sets/reduction.tex	sets-functions-relations	unit	prob#4	selected	sets-functions-relations	-	0	0	yes	931	Reduction	-	4	prob#4	134	136	139	931	missing	none	-	-	No active declaration covers this sets, relation, cardinality, infinity, or arithmetization result.
sets-functions-relations/size-of-sets/reduction.tex	sets-functions-relations	unit	prob#5	selected	sets-functions-relations	-	0	0	yes	931	Reduction	-	5	prob#5	134	136	139	931	missing	none	-	-	No active declaration covers this sets, relation, cardinality, infinity, or arithmetization result.
sets-functions-relations/size-of-sets/reduction.tex	sets-functions-relations	unit	prob#6	selected	sets-functions-relations	-	0	0	yes	931	Reduction	-	6	prob#6	134	136	139	931	missing	none	-	-	No active declaration covers this sets, relation, cardinality, infinity, or arithmetization result.
sets-functions-relations/size-of-sets/reduction.tex	sets-functions-relations	unit	prob#7	selected	sets-functions-relations	-	0	0	yes	931	Reduction	-	7	prob#7	134	136	139	931	missing	none	-	-	No active declaration covers this sets, relation, cardinality, infinity, or arithmetization result.
sets-functions-relations/size-of-sets/schroder-bernstein.tex	sets-functions-relations	section	section	selected	sets-functions-relations	-	0	0	yes	319	"The Notion of Size, and Schr\""oder-Bernstein"	"thm[Schr\""oder-Bernstein]#thm:schroder-bernstein"	-	section	1	53	53	319	missing	none	-	-	No active declaration covers this sets, relation, cardinality, infinity, or arithmetization result.
sets-functions-relations/size-of-sets/schroder-bernstein.tex	sets-functions-relations	unit	thm#thm:schroder-bernstein	selected	sets-functions-relations	-	0	0	yes	319	"The Notion of Size, and Schr\""oder-Bernstein"	"optional=Schr\""oder-Bernstein; label=thm:schroder-bernstein"	thm:schroder-bernstein	thm#thm:schroder-bernstein	23	27	53	319	missing	none	-	-	No active declaration covers this sets, relation, cardinality, infinity, or arithmetization result.
sets-functions-relations/size-of-sets/size-of-sets-complete.tex	sets-functions-relations	chapter	section	selected	sets-functions-relations	-	0	0	yes	203	size-of-sets-complete	-	-	section	1	56	56	203	structural_container	aggregator	-	-	Part/chapter container with imports or section assembly; substantive child sections are audited separately.
sets-functions-relations/size-of-sets/size-of-sets.tex	sets-functions-relations	chapter	section	selected	sets-functions-relations	-	0	0	yes	110	size-of-sets	-	-	section	1	41	41	110	structural_container	aggregator	-	-	Part/chapter container with imports or section assembly; substantive child sections are audited separately.
sets-functions-relations/size-of-sets/zig-zag.tex	sets-functions-relations	section	section	selected	sets-functions-relations	-	0	0	yes	765	Cantor's Zig-Zag Method	prop#natsquaredenumerable; prop; prob; prob	-	section	1	126	126	765	missing	none	-	-	No active declaration covers this sets, relation, cardinality, infinity, or arithmetization result.
sets-functions-relations/size-of-sets/zig-zag.tex	sets-functions-relations	unit	prop#natsquaredenumerable	selected	sets-functions-relations	-	0	0	yes	765	Cantor's Zig-Zag Method	; label=natsquaredenumerable	natsquaredenumerable	prop#natsquaredenumerable	122	124	126	765	missing	none	-	-	No active declaration covers this sets, relation, cardinality, infinity, or arithmetization result.
sets-functions-relations/size-of-sets/zig-zag.tex	sets-functions-relations	unit	prop#2	selected	sets-functions-relations	-	0	0	yes	765	Cantor's Zig-Zag Method	-	2	prop#2	122	124	126	765	missing	none	-	-	No active declaration covers this sets, relation, cardinality, infinity, or arithmetization result.
sets-functions-relations/size-of-sets/zig-zag.tex	sets-functions-relations	unit	prob#3	selected	sets-functions-relations	-	0	0	yes	765	Cantor's Zig-Zag Method	-	3	prob#3	122	124	126	765	missing	none	-	-	No active declaration covers this sets, relation, cardinality, infinity, or arithmetization result.
sets-functions-relations/size-of-sets/zig-zag.tex	sets-functions-relations	unit	prob#4	selected	sets-functions-relations	-	0	0	yes	765	Cantor's Zig-Zag Method	-	4	prob#4	122	124	126	765	missing	none	-	-	No active declaration covers this sets, relation, cardinality, infinity, or arithmetization result.
turing-machines/machines-computations/church-turing-thesis.tex	turing-machines	section	section	selected	turing-machines	-	0	0	yes	358	The Church--Turing Thesis	defn[Church--Turing thesis]	-	section	1	48	48	358	missing	none	-	-	No active declaration covers this machine construction or undecidability result.
turing-machines/machines-computations/church-turing-thesis.tex	turing-machines	unit	defn#1	selected	turing-machines	-	0	0	yes	358	The Church--Turing Thesis	optional=Church--Turing thesis	1	defn#1	23	26	48	358	missing	none	-	-	No active declaration covers this machine construction or undecidability result.
turing-machines/machines-computations/combining-machines.tex	turing-machines	section	section	selected	turing-machines	-	0	0	yes	1222	Combining Turing Machines	ex#fig:combined; prop; prob	-	section	1	172	172	1222	missing	none	-	-	No active declaration covers this machine construction or undecidability result.
turing-machines/machines-computations/combining-machines.tex	turing-machines	unit	ex#fig:combined	selected	turing-machines	-	0	0	yes	1222	Combining Turing Machines	; label=fig:combined	fig:combined	ex#fig:combined	166	170	172	1222	missing	none	-	-	No active declaration covers this machine construction or undecidability result.
turing-machines/machines-computations/combining-machines.tex	turing-machines	unit	prop#2	selected	turing-machines	-	0	0	yes	1222	Combining Turing Machines	-	2	prop#2	166	170	172	1222	missing	none	-	-	No active declaration covers this machine construction or undecidability result.
turing-machines/machines-computations/combining-machines.tex	turing-machines	unit	prob#3	selected	turing-machines	-	0	0	yes	1222	Combining Turing Machines	-	3	prob#3	166	170	172	1222	missing	none	-	-	No active declaration covers this machine construction or undecidability result.
turing-machines/machines-computations/configuration.tex	turing-machines	section	section	selected	turing-machines	-	0	0	yes	705	Configurations and Computations	defn[Configuration]; defn[Initial configuration]; defn; defn#defn:run-output	-	section	1	105	105	705	proved_weaker	manual_fragment_match	FormalOLP/TuringMachines/Basic.lean	FormalOLP.TuringMachines.Machine; FormalOLP.TuringMachines.Configuration; FormalOLP.TuringMachines.step; FormalOLP.TuringMachines.initial; FormalOLP.TuringMachines.Halted; FormalOLP.TuringMachines.Computation	Finite deterministic machine/configuration/run API is present, but the source string-tape conventions and later construction/undecidability chapters are not fully represented.
turing-machines/machines-computations/configuration.tex	turing-machines	unit	defn#1	selected	turing-machines	-	0	0	yes	705	Configurations and Computations	optional=Configuration	1	defn#1	84	95	105	705	defined_only	manual_definition_match	FormalOLP/TuringMachines/Basic.lean	FormalOLP.TuringMachines.Machine; FormalOLP.TuringMachines.Configuration; FormalOLP.TuringMachines.step; FormalOLP.TuringMachines.initial; FormalOLP.TuringMachines.Halted; FormalOLP.TuringMachines.Computation	Finite deterministic machine/configuration/run API is present, but the source string-tape conventions and later construction/undecidability chapters are not fully represented.
turing-machines/machines-computations/configuration.tex	turing-machines	unit	defn#2	selected	turing-machines	-	0	0	yes	705	Configurations and Computations	optional=Initial configuration	2	defn#2	84	95	105	705	defined_only	manual_definition_match	FormalOLP/TuringMachines/Basic.lean	FormalOLP.TuringMachines.Machine; FormalOLP.TuringMachines.Configuration; FormalOLP.TuringMachines.step; FormalOLP.TuringMachines.initial; FormalOLP.TuringMachines.Halted; FormalOLP.TuringMachines.Computation	Finite deterministic machine/configuration/run API is present, but the source string-tape conventions and later construction/undecidability chapters are not fully represented.
turing-machines/machines-computations/configuration.tex	turing-machines	unit	defn#3	selected	turing-machines	-	0	0	yes	705	Configurations and Computations	-	3	defn#3	84	95	105	705	defined_only	manual_definition_match	FormalOLP/TuringMachines/Basic.lean	FormalOLP.TuringMachines.Machine; FormalOLP.TuringMachines.Configuration; FormalOLP.TuringMachines.step; FormalOLP.TuringMachines.initial; FormalOLP.TuringMachines.Halted; FormalOLP.TuringMachines.Computation	Finite deterministic machine/configuration/run API is present, but the source string-tape conventions and later construction/undecidability chapters are not fully represented.
turing-machines/machines-computations/configuration.tex	turing-machines	unit	defn#defn:run-output	selected	turing-machines	-	0	0	yes	705	Configurations and Computations	; label=defn:run-output	defn:run-output	defn#defn:run-output	84	95	105	705	defined_only	manual_definition_match	FormalOLP/TuringMachines/Basic.lean	FormalOLP.TuringMachines.Machine; FormalOLP.TuringMachines.Configuration; FormalOLP.TuringMachines.step; FormalOLP.TuringMachines.initial; FormalOLP.TuringMachines.Halted; FormalOLP.TuringMachines.Computation	Finite deterministic machine/configuration/run API is present, but the source string-tape conventions and later construction/undecidability chapters are not fully represented.
turing-machines/machines-computations/disciplined-machines.tex	turing-machines	section	section	selected	turing-machines	-	0	0	yes	641	Disciplined Machines	defn#defn:disciplined; ex#fig:adder-disc; prop#prop:disciplined; prob; prob	-	section	1	97	97	641	missing	none	-	-	No active declaration covers this machine construction or undecidability result.
turing-machines/machines-computations/disciplined-machines.tex	turing-machines	unit	defn#defn:disciplined	selected	turing-machines	-	0	0	yes	641	Disciplined Machines	; label=defn:disciplined	defn:disciplined	defn#defn:disciplined	91	94	97	641	missing	none	-	-	No active declaration covers this machine construction or undecidability result.
turing-machines/machines-computations/disciplined-machines.tex	turing-machines	unit	ex#fig:adder-disc	selected	turing-machines	-	0	0	yes	641	Disciplined Machines	; label=fig:adder-disc	fig:adder-disc	ex#fig:adder-disc	91	94	97	641	missing	none	-	-	No active declaration covers this machine construction or undecidability result.
turing-machines/machines-computations/disciplined-machines.tex	turing-machines	unit	prop#prop:disciplined	selected	turing-machines	-	0	0	yes	641	Disciplined Machines	; label=prop:disciplined	prop:disciplined	prop#prop:disciplined	91	94	97	641	missing	none	-	-	No active declaration covers this machine construction or undecidability result.
turing-machines/machines-computations/disciplined-machines.tex	turing-machines	unit	prob#4	selected	turing-machines	-	0	0	yes	641	Disciplined Machines	-	4	prob#4	91	94	97	641	missing	none	-	-	No active declaration covers this machine construction or undecidability result.
turing-machines/machines-computations/disciplined-machines.tex	turing-machines	unit	prob#5	selected	turing-machines	-	0	0	yes	641	Disciplined Machines	-	5	prob#5	91	94	97	641	missing	none	-	-	No active declaration covers this machine construction or undecidability result.
turing-machines/machines-computations/halting-states.tex	turing-machines	section	section	selected	turing-machines	-	0	0	yes	455	Halting States	ex	-	section	1	80	80	455	proved_weaker	manual_fragment_match	FormalOLP/TuringMachines/Basic.lean	FormalOLP.TuringMachines.Machine; FormalOLP.TuringMachines.Configuration; FormalOLP.TuringMachines.step; FormalOLP.TuringMachines.initial; FormalOLP.TuringMachines.Halted; FormalOLP.TuringMachines.Computation	Finite deterministic machine/configuration/run API is present, but the source string-tape conventions and later construction/undecidability chapters are not fully represented.
turing-machines/machines-computations/halting-states.tex	turing-machines	unit	ex#1	selected	turing-machines	-	0	0	yes	455	Halting States	-	1	ex#1	25	66	80	455	defined_only	manual_definition_match	FormalOLP/TuringMachines/Basic.lean	FormalOLP.TuringMachines.Machine; FormalOLP.TuringMachines.Configuration; FormalOLP.TuringMachines.step; FormalOLP.TuringMachines.initial; FormalOLP.TuringMachines.Halted; FormalOLP.TuringMachines.Computation	Finite deterministic machine/configuration/run API is present, but the source string-tape conventions and later construction/undecidability chapters are not fully represented.
turing-machines/machines-computations/introduction.tex	turing-machines	section	section	selected	turing-machines	-	0	0	yes	1105	Introduction	-	-	section	1	131	131	1105	proved_weaker	manual_fragment_match	FormalOLP/TuringMachines/Basic.lean	FormalOLP.TuringMachines.Machine; FormalOLP.TuringMachines.Configuration; FormalOLP.TuringMachines.step	The source introduction motivates the machine/configuration model; the native finite deterministic API covers only that restricted fragment.
turing-machines/machines-computations/machines-computations.tex	turing-machines	chapter	section	selected	turing-machines	-	0	0	yes	51	machines-computations	-	-	section	1	33	33	51	structural_container	aggregator	-	-	Part/chapter container with imports or section assembly; substantive child sections are audited separately.
turing-machines/machines-computations/representing-tms.tex	turing-machines	section	section	selected	turing-machines	-	0	0	yes	1961	Representing Turing Machines	ex; ex; ex; ex#ex:doubler; prob; prob; prob; prob; prob	-	section	1	298	298	1961	missing	none	-	-	No active declaration covers this machine construction or undecidability result.
turing-machines/machines-computations/representing-tms.tex	turing-machines	unit	ex#1	selected	turing-machines	-	0	0	yes	1961	Representing Turing Machines	-	1	ex#1	288	295	298	1961	missing	none	-	-	No active declaration covers this machine construction or undecidability result.
turing-machines/machines-computations/representing-tms.tex	turing-machines	unit	ex#2	selected	turing-machines	-	0	0	yes	1961	Representing Turing Machines	-	2	ex#2	288	295	298	1961	missing	none	-	-	No active declaration covers this machine construction or undecidability result.
turing-machines/machines-computations/representing-tms.tex	turing-machines	unit	ex#3	selected	turing-machines	-	0	0	yes	1961	Representing Turing Machines	-	3	ex#3	288	295	298	1961	missing	none	-	-	No active declaration covers this machine construction or undecidability result.
turing-machines/machines-computations/representing-tms.tex	turing-machines	unit	ex#ex:doubler	selected	turing-machines	-	0	0	yes	1961	Representing Turing Machines	; label=ex:doubler	ex:doubler	ex#ex:doubler	288	295	298	1961	missing	none	-	-	No active declaration covers this machine construction or undecidability result.
turing-machines/machines-computations/representing-tms.tex	turing-machines	unit	prob#5	selected	turing-machines	-	0	0	yes	1961	Representing Turing Machines	-	5	prob#5	288	295	298	1961	missing	none	-	-	No active declaration covers this machine construction or undecidability result.
turing-machines/machines-computations/representing-tms.tex	turing-machines	unit	prob#6	selected	turing-machines	-	0	0	yes	1961	Representing Turing Machines	-	6	prob#6	288	295	298	1961	missing	none	-	-	No active declaration covers this machine construction or undecidability result.
turing-machines/machines-computations/representing-tms.tex	turing-machines	unit	prob#7	selected	turing-machines	-	0	0	yes	1961	Representing Turing Machines	-	7	prob#7	288	295	298	1961	missing	none	-	-	No active declaration covers this machine construction or undecidability result.
turing-machines/machines-computations/representing-tms.tex	turing-machines	unit	prob#8	selected	turing-machines	-	0	0	yes	1961	Representing Turing Machines	-	8	prob#8	288	295	298	1961	missing	none	-	-	No active declaration covers this machine construction or undecidability result.
turing-machines/machines-computations/representing-tms.tex	turing-machines	unit	prob#9	selected	turing-machines	-	0	0	yes	1961	Representing Turing Machines	-	9	prob#9	288	295	298	1961	missing	none	-	-	No active declaration covers this machine construction or undecidability result.
turing-machines/machines-computations/turing-machines.tex	turing-machines	section	section	selected	turing-machines	-	0	0	yes	355	Turing Machines	defn[Turing machine]; ex	-	section	1	63	63	355	proved_weaker	manual_fragment_match	FormalOLP/TuringMachines/Basic.lean	FormalOLP.TuringMachines.Machine; FormalOLP.TuringMachines.Configuration; FormalOLP.TuringMachines.step; FormalOLP.TuringMachines.initial; FormalOLP.TuringMachines.Halted; FormalOLP.TuringMachines.Computation	Finite deterministic machine/configuration/run API is present, but the source string-tape conventions and later construction/undecidability chapters are not fully represented.
turing-machines/machines-computations/turing-machines.tex	turing-machines	unit	defn#1	selected	turing-machines	-	0	0	yes	355	Turing Machines	optional=Turing machine	1	defn#1	50	60	63	355	defined_only	manual_definition_match	FormalOLP/TuringMachines/Basic.lean	FormalOLP.TuringMachines.Machine; FormalOLP.TuringMachines.Configuration; FormalOLP.TuringMachines.step; FormalOLP.TuringMachines.initial; FormalOLP.TuringMachines.Halted; FormalOLP.TuringMachines.Computation	Finite deterministic machine/configuration/run API is present, but the source string-tape conventions and later construction/undecidability chapters are not fully represented.
turing-machines/machines-computations/turing-machines.tex	turing-machines	unit	ex#2	selected	turing-machines	-	0	0	yes	355	Turing Machines	-	2	ex#2	50	60	63	355	defined_only	manual_definition_match	FormalOLP/TuringMachines/Basic.lean	FormalOLP.TuringMachines.Machine; FormalOLP.TuringMachines.Configuration; FormalOLP.TuringMachines.step; FormalOLP.TuringMachines.initial; FormalOLP.TuringMachines.Halted; FormalOLP.TuringMachines.Computation	Finite deterministic machine/configuration/run API is present, but the source string-tape conventions and later construction/undecidability chapters are not fully represented.
turing-machines/machines-computations/unary-numbers.tex	turing-machines	section	section	selected	turing-machines	-	0	0	yes	1600	Unary Representation of Numbers	defn[Computation]; prob; ex#ex:adder; prob; ex#fig:doubler-disc; ex#ex:mover; prob; prob; prob; prob; defn	-	section	1	238	238	1600	missing	none	-	-	No active declaration covers this machine construction or undecidability result.
turing-machines/machines-computations/unary-numbers.tex	turing-machines	unit	defn#1	selected	turing-machines	-	0	0	yes	1600	Unary Representation of Numbers	optional=Computation	1	defn#1	226	235	238	1600	missing	none	-	-	No active declaration covers this machine construction or undecidability result.
turing-machines/machines-computations/unary-numbers.tex	turing-machines	unit	prob#2	selected	turing-machines	-	0	0	yes	1600	Unary Representation of Numbers	-	2	prob#2	226	235	238	1600	missing	none	-	-	No active declaration covers this machine construction or undecidability result.
turing-machines/machines-computations/unary-numbers.tex	turing-machines	unit	ex#ex:adder	selected	turing-machines	-	0	0	yes	1600	Unary Representation of Numbers	; label=ex:adder	ex:adder	ex#ex:adder	226	235	238	1600	missing	none	-	-	No active declaration covers this machine construction or undecidability result.
turing-machines/machines-computations/unary-numbers.tex	turing-machines	unit	prob#4	selected	turing-machines	-	0	0	yes	1600	Unary Representation of Numbers	-	4	prob#4	226	235	238	1600	missing	none	-	-	No active declaration covers this machine construction or undecidability result.
turing-machines/machines-computations/unary-numbers.tex	turing-machines	unit	ex#fig:doubler-disc	selected	turing-machines	-	0	0	yes	1600	Unary Representation of Numbers	; label=fig:doubler-disc	fig:doubler-disc	ex#fig:doubler-disc	226	235	238	1600	missing	none	-	-	No active declaration covers this machine construction or undecidability result.
turing-machines/machines-computations/unary-numbers.tex	turing-machines	unit	ex#ex:mover	selected	turing-machines	-	0	0	yes	1600	Unary Representation of Numbers	; label=ex:mover	ex:mover	ex#ex:mover	226	235	238	1600	missing	none	-	-	No active declaration covers this machine construction or undecidability result.
turing-machines/machines-computations/unary-numbers.tex	turing-machines	unit	prob#7	selected	turing-machines	-	0	0	yes	1600	Unary Representation of Numbers	-	7	prob#7	226	235	238	1600	missing	none	-	-	No active declaration covers this machine construction or undecidability result.
turing-machines/machines-computations/unary-numbers.tex	turing-machines	unit	prob#8	selected	turing-machines	-	0	0	yes	1600	Unary Representation of Numbers	-	8	prob#8	226	235	238	1600	missing	none	-	-	No active declaration covers this machine construction or undecidability result.
turing-machines/machines-computations/unary-numbers.tex	turing-machines	unit	prob#9	selected	turing-machines	-	0	0	yes	1600	Unary Representation of Numbers	-	9	prob#9	226	235	238	1600	missing	none	-	-	No active declaration covers this machine construction or undecidability result.
turing-machines/machines-computations/unary-numbers.tex	turing-machines	unit	prob#10	selected	turing-machines	-	0	0	yes	1600	Unary Representation of Numbers	-	10	prob#10	226	235	238	1600	missing	none	-	-	No active declaration covers this machine construction or undecidability result.
turing-machines/machines-computations/unary-numbers.tex	turing-machines	unit	defn#11	selected	turing-machines	-	0	0	yes	1600	Unary Representation of Numbers	-	11	defn#11	226	235	238	1600	missing	none	-	-	No active declaration covers this machine construction or undecidability result.
turing-machines/machines-computations/variants.tex	turing-machines	section	section	selected	turing-machines	-	0	0	yes	733	Variants of Turing Machines	-	-	section	1	85	85	733	missing	none	-	-	No active declaration covers this machine construction or undecidability result.
turing-machines/turing-machines.tex	turing-machines	part	section	selected	turing-machines	-	0	0	yes	26	turing-machines	-	-	section	1	16	16	26	structural_container	aggregator	-	-	Part/chapter container with imports or section assembly; substantive child sections are audited separately.
turing-machines/undecidability/decision-problem.tex	turing-machines	section	section	selected	turing-machines	-	0	0	yes	380	The Decision Problem	-	-	section	1	51	51	380	missing	none	-	-	No active declaration covers this machine construction or undecidability result.
turing-machines/undecidability/enumerating-tms.tex	turing-machines	section	section	selected	turing-machines	-	0	0	yes	1113	Enumerating Turing Machines	thm; prob	-	section	1	154	154	1113	missing	none	-	-	No active declaration covers this machine construction or undecidability result.
turing-machines/undecidability/enumerating-tms.tex	turing-machines	unit	thm#1	selected	turing-machines	-	0	0	yes	1113	Enumerating Turing Machines	-	1	thm#1	145	151	154	1113	missing	none	-	-	No active declaration covers this machine construction or undecidability result.
turing-machines/undecidability/enumerating-tms.tex	turing-machines	unit	prob#2	selected	turing-machines	-	0	0	yes	1113	Enumerating Turing Machines	-	2	prob#2	145	151	154	1113	missing	none	-	-	No active declaration covers this machine construction or undecidability result.
turing-machines/undecidability/halting-problem.tex	turing-machines	section	section	selected	turing-machines	-	0	0	yes	997	The Halting Problem	defn[Halting function]; defn[Halting problem]; defn; lem; thm[Unsolvability of the Halting Problem]#thm:halting-problem; prob; prob; prob; prob	-	section	1	150	150	997	missing	none	-	-	No active declaration covers this machine construction or undecidability result.
turing-machines/undecidability/halting-problem.tex	turing-machines	unit	defn#1	selected	turing-machines	-	0	0	yes	997	The Halting Problem	optional=Halting function	1	defn#1	138	147	150	997	missing	none	-	-	No active declaration covers this machine construction or undecidability result.
turing-machines/undecidability/halting-problem.tex	turing-machines	unit	defn#2	selected	turing-machines	-	0	0	yes	997	The Halting Problem	optional=Halting problem	2	defn#2	138	147	150	997	missing	none	-	-	No active declaration covers this machine construction or undecidability result.
turing-machines/undecidability/halting-problem.tex	turing-machines	unit	defn#3	selected	turing-machines	-	0	0	yes	997	The Halting Problem	-	3	defn#3	138	147	150	997	missing	none	-	-	No active declaration covers this machine construction or undecidability result.
turing-machines/undecidability/halting-problem.tex	turing-machines	unit	lem#4	selected	turing-machines	-	0	0	yes	997	The Halting Problem	-	4	lem#4	138	147	150	997	missing	none	-	-	No active declaration covers this machine construction or undecidability result.
turing-machines/undecidability/halting-problem.tex	turing-machines	unit	thm#thm:halting-problem	selected	turing-machines	-	0	0	yes	997	The Halting Problem	optional=Unsolvability of the Halting Problem; label=thm:halting-problem	thm:halting-problem	thm#thm:halting-problem	138	147	150	997	missing	none	-	-	No active declaration covers this machine construction or undecidability result.
turing-machines/undecidability/halting-problem.tex	turing-machines	unit	prob#6	selected	turing-machines	-	0	0	yes	997	The Halting Problem	-	6	prob#6	138	147	150	997	missing	none	-	-	No active declaration covers this machine construction or undecidability result.
turing-machines/undecidability/halting-problem.tex	turing-machines	unit	prob#7	selected	turing-machines	-	0	0	yes	997	The Halting Problem	-	7	prob#7	138	147	150	997	missing	none	-	-	No active declaration covers this machine construction or undecidability result.
turing-machines/undecidability/halting-problem.tex	turing-machines	unit	prob#8	selected	turing-machines	-	0	0	yes	997	The Halting Problem	-	8	prob#8	138	147	150	997	missing	none	-	-	No active declaration covers this machine construction or undecidability result.
turing-machines/undecidability/halting-problem.tex	turing-machines	unit	prob#9	selected	turing-machines	-	0	0	yes	997	The Halting Problem	-	9	prob#9	138	147	150	997	missing	none	-	-	No active declaration covers this machine construction or undecidability result.
turing-machines/undecidability/introduction.tex	turing-machines	section	section	selected	turing-machines	-	0	0	yes	829	Introduction	-	-	section	1	98	98	829	missing	none	-	-	The source introduction states cardinality and undecidability claims; no universal-machine or undecidability declaration is active.
turing-machines/undecidability/representing-tms.tex	turing-machines	section	section	selected	turing-machines	-	0	0	yes	1369	Representing Turing Machines	defn#defn:tm-descr; prop#prop:mlessk; prob	-	section	1	212	212	1369	missing	none	-	-	No active declaration covers this machine construction or undecidability result.
turing-machines/undecidability/representing-tms.tex	turing-machines	unit	defn#defn:tm-descr	selected	turing-machines	-	0	0	yes	1369	Representing Turing Machines	; label=defn:tm-descr	defn:tm-descr	defn#defn:tm-descr	206	209	212	1369	missing	none	-	-	No active declaration covers this machine construction or undecidability result.
turing-machines/undecidability/representing-tms.tex	turing-machines	unit	prop#prop:mlessk	selected	turing-machines	-	0	0	yes	1369	Representing Turing Machines	; label=prop:mlessk	prop:mlessk	prop#prop:mlessk	206	209	212	1369	missing	none	-	-	No active declaration covers this machine construction or undecidability result.
turing-machines/undecidability/representing-tms.tex	turing-machines	unit	prob#3	selected	turing-machines	-	0	0	yes	1369	Representing Turing Machines	-	3	prob#3	206	209	212	1369	missing	none	-	-	No active declaration covers this machine construction or undecidability result.
turing-machines/undecidability/trakhtenbrot.tex	turing-machines	section	section	selected	turing-machines	-	0	0	yes	1902	Trakhtenbrot's Theorem	prob; lem#lem:halts-sat; prob; lem#lem:sat-halts; prob; thm[Trakhtenbrot's Theorem]#thm:trakhtenbrodt; cor#cor:fproof-incomp; prob	-	section	1	261	261	1902	missing	none	-	-	No active declaration covers this machine construction or undecidability result.
turing-machines/undecidability/trakhtenbrot.tex	turing-machines	unit	prob#1	selected	turing-machines	-	0	0	yes	1902	Trakhtenbrot's Theorem	-	1	prob#1	249	257	261	1902	missing	none	-	-	No active declaration covers this machine construction or undecidability result.
turing-machines/undecidability/trakhtenbrot.tex	turing-machines	unit	lem#lem:halts-sat	selected	turing-machines	-	0	0	yes	1902	Trakhtenbrot's Theorem	; label=lem:halts-sat	lem:halts-sat	lem#lem:halts-sat	249	257	261	1902	missing	none	-	-	No active declaration covers this machine construction or undecidability result.
turing-machines/undecidability/trakhtenbrot.tex	turing-machines	unit	prob#3	selected	turing-machines	-	0	0	yes	1902	Trakhtenbrot's Theorem	-	3	prob#3	249	257	261	1902	missing	none	-	-	No active declaration covers this machine construction or undecidability result.
turing-machines/undecidability/trakhtenbrot.tex	turing-machines	unit	lem#lem:sat-halts	selected	turing-machines	-	0	0	yes	1902	Trakhtenbrot's Theorem	; label=lem:sat-halts	lem:sat-halts	lem#lem:sat-halts	249	257	261	1902	missing	none	-	-	No active declaration covers this machine construction or undecidability result.
turing-machines/undecidability/trakhtenbrot.tex	turing-machines	unit	prob#5	selected	turing-machines	-	0	0	yes	1902	Trakhtenbrot's Theorem	-	5	prob#5	249	257	261	1902	missing	none	-	-	No active declaration covers this machine construction or undecidability result.
turing-machines/undecidability/trakhtenbrot.tex	turing-machines	unit	thm#thm:trakhtenbrodt	selected	turing-machines	-	0	0	yes	1902	Trakhtenbrot's Theorem	optional=Trakhtenbrot's Theorem; label=thm:trakhtenbrodt	thm:trakhtenbrodt	thm#thm:trakhtenbrodt	249	257	261	1902	missing	none	-	-	No active declaration covers this machine construction or undecidability result.
turing-machines/undecidability/trakhtenbrot.tex	turing-machines	unit	cor#cor:fproof-incomp	selected	turing-machines	-	0	0	yes	1902	Trakhtenbrot's Theorem	; label=cor:fproof-incomp	cor:fproof-incomp	cor#cor:fproof-incomp	249	257	261	1902	missing	none	-	-	No active declaration covers this machine construction or undecidability result.
turing-machines/undecidability/trakhtenbrot.tex	turing-machines	unit	prob#8	selected	turing-machines	-	0	0	yes	1902	Trakhtenbrot's Theorem	-	8	prob#8	249	257	261	1902	missing	none	-	-	No active declaration covers this machine construction or undecidability result.
turing-machines/undecidability/undecidability.tex	turing-machines	chapter	section	selected	turing-machines	-	0	0	yes	45	undecidability	-	-	section	1	31	31	45	structural_container	aggregator	-	-	Part/chapter container with imports or section assembly; substantive child sections are audited separately.
turing-machines/undecidability/universal-tm.tex	turing-machines	section	section	selected	turing-machines	-	0	0	yes	1152	Universal Turing Machines	defn; thm#thm:universal-tm	-	section	1	140	140	1152	missing	none	-	-	No active declaration covers this machine construction or undecidability result.
turing-machines/undecidability/universal-tm.tex	turing-machines	unit	defn#1	selected	turing-machines	-	0	0	yes	1152	Universal Turing Machines	-	1	defn#1	59	68	140	1152	missing	none	-	-	No active declaration covers this machine construction or undecidability result.
turing-machines/undecidability/universal-tm.tex	turing-machines	unit	thm#thm:universal-tm	selected	turing-machines	-	0	0	yes	1152	Universal Turing Machines	; label=thm:universal-tm	thm:universal-tm	thm#thm:universal-tm	59	68	140	1152	missing	none	-	-	No active declaration covers this machine construction or undecidability result.
turing-machines/undecidability/unsolvability-decision-problem.tex	turing-machines	section	section	selected	turing-machines	-	0	0	yes	667	The Decision Problem is Unsolvable	thm#thm:decision-prob; cor#cor:undecidable-sat; thm#thm:valid-ce	-	section	1	92	92	667	missing	none	-	-	No active declaration covers this machine construction or undecidability result.
turing-machines/undecidability/unsolvability-decision-problem.tex	turing-machines	unit	thm#thm:decision-prob	selected	turing-machines	-	0	0	yes	667	The Decision Problem is Unsolvable	; label=thm:decision-prob	thm:decision-prob	thm#thm:decision-prob	70	77	92	667	missing	none	-	-	No active declaration covers this machine construction or undecidability result.
turing-machines/undecidability/unsolvability-decision-problem.tex	turing-machines	unit	cor#cor:undecidable-sat	selected	turing-machines	-	0	0	yes	667	The Decision Problem is Unsolvable	; label=cor:undecidable-sat	cor:undecidable-sat	cor#cor:undecidable-sat	70	77	92	667	missing	none	-	-	No active declaration covers this machine construction or undecidability result.
turing-machines/undecidability/unsolvability-decision-problem.tex	turing-machines	unit	thm#thm:valid-ce	selected	turing-machines	-	0	0	yes	667	The Decision Problem is Unsolvable	; label=thm:valid-ce	thm:valid-ce	thm#thm:valid-ce	70	77	92	667	missing	none	-	-	No active declaration covers this machine construction or undecidability result.
turing-machines/undecidability/verification.tex	turing-machines	section	section	selected	turing-machines	-	0	0	yes	2600	Verifying the Representation	defn; lem#lem:halt-config-implies-halt; lem#lem:config; prob; prob; prob; lem#lem:valid-if-halt; lem#lem:halt-if-valid	-	section	1	323	323	2600	missing	none	-	-	No active declaration covers this machine construction or undecidability result.
turing-machines/undecidability/verification.tex	turing-machines	unit	defn#1	selected	turing-machines	-	0	0	yes	2600	Verifying the Representation	-	1	defn#1	287	290	323	2600	missing	none	-	-	No active declaration covers this machine construction or undecidability result.
turing-machines/undecidability/verification.tex	turing-machines	unit	lem#lem:halt-config-implies-halt	selected	turing-machines	-	0	0	yes	2600	Verifying the Representation	; label=lem:halt-config-implies-halt	lem:halt-config-implies-halt	lem#lem:halt-config-implies-halt	287	290	323	2600	missing	none	-	-	No active declaration covers this machine construction or undecidability result.
turing-machines/undecidability/verification.tex	turing-machines	unit	lem#lem:config	selected	turing-machines	-	0	0	yes	2600	Verifying the Representation	; label=lem:config	lem:config	lem#lem:config	287	290	323	2600	missing	none	-	-	No active declaration covers this machine construction or undecidability result.
turing-machines/undecidability/verification.tex	turing-machines	unit	prob#4	selected	turing-machines	-	0	0	yes	2600	Verifying the Representation	-	4	prob#4	287	290	323	2600	missing	none	-	-	No active declaration covers this machine construction or undecidability result.
turing-machines/undecidability/verification.tex	turing-machines	unit	prob#5	selected	turing-machines	-	0	0	yes	2600	Verifying the Representation	-	5	prob#5	287	290	323	2600	missing	none	-	-	No active declaration covers this machine construction or undecidability result.
turing-machines/undecidability/verification.tex	turing-machines	unit	prob#6	selected	turing-machines	-	0	0	yes	2600	Verifying the Representation	-	6	prob#6	287	290	323	2600	missing	none	-	-	No active declaration covers this machine construction or undecidability result.
turing-machines/undecidability/verification.tex	turing-machines	unit	lem#lem:valid-if-halt	selected	turing-machines	-	0	0	yes	2600	Verifying the Representation	; label=lem:valid-if-halt	lem:valid-if-halt	lem#lem:valid-if-halt	287	290	323	2600	missing	none	-	-	No active declaration covers this machine construction or undecidability result.
turing-machines/undecidability/verification.tex	turing-machines	unit	lem#lem:halt-if-valid	selected	turing-machines	-	0	0	yes	2600	Verifying the Representation	; label=lem:halt-if-valid	lem:halt-if-valid	lem#lem:halt-if-valid	287	290	323	2600	missing	none	-	-	No active declaration covers this machine construction or undecidability result.
