source_file	source_root	file_kind	selection	selected_roots	direct_importers	active_imports	active_subfiles	commented_subfiles	direct_subfile_importers	commented_imports	substantive	prose_words	headings	construct_counts	labels	named_items	coverage_status	coverage_basis	formalolp_evidence	formal_declarations	audit_note
applied-modal-logic/applied-modal-logic.tex	applied-modal-logic	part	selected	applied-modal-logic	content.tex	2	0	0	-	0	yes	21	aml	editorial=1	-	-	structural-container	aggregator	-	-	Aggregator/editorial import container; child source files are audited separately.
applied-modal-logic/epistemic-logic/bisimulations.tex	applied-modal-logic	section	selected	applied-modal-logic	applied-modal-logic/epistemic-logic/epistemic-logic.tex	0	0	0	-	0	yes	367	Bisimulations	defn=1;thm=1;figure=1	fig:bisimilar	defn:Bisimulation	missing	no_native_match_found	-	-	No active FormalOLP declaration was found for this substantive source section.
applied-modal-logic/epistemic-logic/epistemic-logic.tex	applied-modal-logic	chapter	selected	applied-modal-logic	applied-modal-logic/applied-modal-logic.tex	8	0	0	-	0	yes	44	aml	editorial=1	-	-	structural-container	aggregator	-	-	Aggregator/editorial import container; child source files are audited separately.
applied-modal-logic/epistemic-logic/introduction.tex	applied-modal-logic	section	selected	applied-modal-logic	applied-modal-logic/epistemic-logic/epistemic-logic.tex	0	0	0	-	0	yes	260	Introduction	-	-	-	missing	no_native_match_found	-	-	No active FormalOLP declaration was found for this substantive source section.
applied-modal-logic/epistemic-logic/language-epistemic-logic.tex	applied-modal-logic	section	selected	applied-modal-logic	applied-modal-logic/epistemic-logic/epistemic-logic.tex	0	0	0	-	0	yes	269	The Language of Epistemic Logic	defn=3	-	-	definition/statement-only	manual_definition_match	FormalOLP/AppliedModalLogic/Epistemic.lean	FormalOLP/AppliedModalLogic/Epistemic.lean:19-38	Native multi-agent Formula and knowledge operator; group/common-knowledge syntax is represented semantically rather than as a Formula constructor.
applied-modal-logic/epistemic-logic/properties-accessibility.tex	applied-modal-logic	section	selected	applied-modal-logic	applied-modal-logic/epistemic-logic/epistemic-logic.tex	0	0	0	-	0	yes	307	Accessibility Relations and Epistemic Principles	table=1	tab:four	-	proved-equivalent	manual_statement_match	FormalOLP/AppliedModalLogic/Epistemic.lean	FormalOLP/AppliedModalLogic/Epistemic.lean:114-146	K, factivity/T, positive/4, and negative/5 introspection are proved under explicit relation hypotheses.
applied-modal-logic/epistemic-logic/public-announcement-logic-lang.tex	applied-modal-logic	section	selected	applied-modal-logic	applied-modal-logic/epistemic-logic/epistemic-logic.tex	0	0	0	-	0	yes	254	Public Announcement Logic	defn=2	-	-	missing	no_native_match_found	-	-	No active FormalOLP declaration was found for this substantive source section.
applied-modal-logic/epistemic-logic/public-announcement-logic-semantics.tex	applied-modal-logic	section	selected	applied-modal-logic	applied-modal-logic/epistemic-logic/epistemic-logic.tex	0	0	0	-	0	yes	409	Semantics of Public Announcement Logic	defn=1;figure=1	defn:mmodels;defn:sub:mmodels-box;defn:sub:mmodels-pal;fig:announcement-example	defn:_#defn:mmodels,defn:sub:mmodels-box,defn:sub:mmodels-pal	missing	no_native_match_found	-	-	No active FormalOLP declaration was found for this substantive source section.
applied-modal-logic/epistemic-logic/relational-models.tex	applied-modal-logic	section	selected	applied-modal-logic	applied-modal-logic/epistemic-logic/epistemic-logic.tex	0	0	0	-	0	yes	220	Relational Models	defn=1	-	-	definition/statement-only	manual_definition_match	FormalOLP/AppliedModalLogic/Epistemic.lean	FormalOLP/AppliedModalLogic/Epistemic.lean:42-60	Native nonempty agent-indexed Frame and Model structures.
applied-modal-logic/epistemic-logic/truth-at-w.tex	applied-modal-logic	section	selected	applied-modal-logic	applied-modal-logic/epistemic-logic/epistemic-logic.tex	0	0	0	-	0	yes	367	Truth at a World	defn=2;prob=1;figure=1	defn:mmodels;defn:sub:mmodels-box;fig:simple	defn:_#defn:mmodels,defn:sub:mmodels-box	partial/weaker	manual_fragment_match	FormalOLP/AppliedModalLogic/Epistemic.lean	FormalOLP/AppliedModalLogic/Epistemic.lean:62-94	Truth clauses and knowledge semantics are native; public announcement and full source language variants are absent.
applied-modal-logic/temporal-logic/extra-temporal-operators.tex	applied-modal-logic	section	selected	applied-modal-logic	applied-modal-logic/temporal-logic/temporal-logic.tex	0	0	0	-	0	yes	115	Additional Operators for Temporal Logic	defn=1	defn:since-until;defn:sub:mmodels-since;defn:sub:mmodels-until	defn:_#defn:since-until,defn:sub:mmodels-since,defn:sub:mmodels-until	missing	no_native_match_found	-	-	No active FormalOLP declaration was found for this substantive source section.
applied-modal-logic/temporal-logic/introduction.tex	applied-modal-logic	section	selected	applied-modal-logic	applied-modal-logic/temporal-logic/temporal-logic.tex	0	0	0	-	0	yes	392	Introduction	-	-	-	missing	no_native_match_found	-	-	No active FormalOLP declaration was found for this substantive source section.
applied-modal-logic/temporal-logic/possible-histories.tex	applied-modal-logic	section	selected	applied-modal-logic	applied-modal-logic/temporal-logic/temporal-logic.tex	0	0	0	-	0	yes	355	Possible Histories	defn=2	defn:phmodels;defn:sub:phmodels-f;defn:sub:phmodels-diamond	defn:_#defn:phmodels,defn:sub:phmodels-f,defn:sub:phmodels-diamond	missing	no_native_match_found	-	-	No active FormalOLP declaration was found for this substantive source section.
applied-modal-logic/temporal-logic/properties-accessibility.tex	applied-modal-logic	section	selected	applied-modal-logic	applied-modal-logic/temporal-logic/temporal-logic.tex	0	0	0	-	0	yes	133	Properties of Temporal Frames	table=1	tab:correspondence	-	missing	no_native_match_found	-	-	No active FormalOLP declaration was found for this substantive source section.
applied-modal-logic/temporal-logic/temporal-logic-semantics.tex	applied-modal-logic	section	selected	applied-modal-logic	applied-modal-logic/temporal-logic/temporal-logic.tex	0	0	0	-	0	yes	365	Semantics for Temporal Logic	defn=4	defn:tmodels;defn:sub:mmodels-p;defn:sub:mmodels-h;defn:sub:mmodels-f;defn:sub:mmodels-g	defn:_#defn:tmodels,defn:sub:mmodels-p,defn:sub:mmodels-h,defn:sub:mmodels-f,defn:sub:mmodels-g	missing	no_native_match_found	-	-	No active FormalOLP declaration was found for this substantive source section.
applied-modal-logic/temporal-logic/temporal-logic.tex	applied-modal-logic	chapter	selected	applied-modal-logic	applied-modal-logic/applied-modal-logic.tex	5	0	0	-	0	yes	8	aml	editorial=1	-	-	structural-container	aggregator	-	-	Aggregator/editorial import container; child source files are audited separately.
computability/computability-theory/application-fixed-point.tex	computability	section	selected	computability	computability/computability-theory/computability-theory.tex	0	0	0	-	0	yes	278	Applying the Fixed-Point Theorem	thm=1;proof=1	-	-	missing	none	-	-	No active declaration covers this recursive-function or computability-theory result.
computability/computability-theory/ce-closed-cup-cap.tex	computability	section	selected	computability	computability/computability-theory/computability-theory.tex	0	0	0	-	0	yes	315	-	thm=1;proof=1;explain=3	-	-	missing	none	-	-	No active declaration covers this recursive-function or computability-theory result.
computability/computability-theory/ce-sets.tex	computability	section	selected	computability	computability/computability-theory/computability-theory.tex	0	0	0	-	0	yes	156	Computably Enumerable Sets	defn=1;explain=1;history=1	-	-	missing	none	-	-	No active declaration covers this recursive-function or computability-theory result.
computability/computability-theory/coding-computations.tex	computability	section	selected	computability	computability/computability-theory/computability-theory.tex	0	0	0	-	0	yes	258	Coding Computations	-	-	-	missing	none	-	-	No active declaration covers this recursive-function or computability-theory result.
computability/computability-theory/complement-ce.tex	computability	section	selected	computability	computability/computability-theory/computability-theory.tex	0	0	0	-	0	yes	212	Computably Enumerable Sets not Closed under Complement	thm=1;cor=1;proof=2;explain=1	thm:ce-comp;cor:comp-k	thm:_#thm:ce-comp;cor:_#cor:comp-k	missing	none	-	-	No active declaration covers this recursive-function or computability-theory result.
computability/computability-theory/complete-ce-sets.tex	computability	section	selected	computability	computability/computability-theory/computability-theory.tex	0	0	0	-	0	yes	189	Complete Computably Enumerable Sets	defn=1;thm=1;prob=1;proof=1;digress=1	-	-	missing	none	-	-	No active declaration covers this recursive-function or computability-theory result.
computability/computability-theory/computability-theory.tex	computability	chapter	selected	computability	computability/computability.tex	23	0	0	-	0	yes	19	cmp	editorial=1	-	-	structural-container	aggregator	-	-	Part/chapter container with imports or section assembly; substantive child sections are audited separately.
computability/computability-theory/computable-sets.tex	computability	section	selected	computability	computability/computability-theory/computability-theory.tex	0	0	0	-	0	yes	123	Computable Sets	defn=1;explain=1	-	-	missing	none	-	-	No active declaration covers this recursive-function or computability-theory result.
computability/computability-theory/def-functions-self-reference.tex	computability	section	selected	computability	computability/computability-theory/computability-theory.tex	0	0	0	-	0	yes	185	Defining Functions using Self-Reference	-	-	-	missing	none	-	-	No active declaration covers this recursive-function or computability-theory result.
computability/computability-theory/equiv-ce-defs.tex	computability	section	selected	computability	computability/computability-theory/computability-theory.tex	0	0	0	-	0	yes	628	-	thm=2;proof=2;explain=1	thm:ce-equiv;case:ce;case:ran-pc;case:ran-prim;case:ce-domain;thm:exists-char	thm:_#thm:ce-equiv,case:ce,case:ran-pc,case:ran-prim,case:ce-domain;thm:_#thm:exists-char	missing	none	-	-	No active declaration covers this recursive-function or computability-theory result.
computability/computability-theory/fixed-point-thm.tex	computability	section	selected	computability	computability/computability-theory/computability-theory.tex	0	0	0	-	0	yes	787	The Fixed-Point Theorem	thm=1;lem=1;proof=2;explain=2;digress=1;quote=5	lem:fixed-equiv	lem:_#lem:fixed-equiv	missing	none	-	-	No active declaration covers this recursive-function or computability-theory result.
computability/computability-theory/halting-problem.tex	computability	section	selected	computability	computability/computability-theory/computability-theory.tex	0	0	0	-	0	yes	372	The Halting Problem	thm=1;proof=2;explain=1	thm:halting-problem	thm:_#thm:halting-problem	missing	none	-	-	No active declaration covers this recursive-function or computability-theory result.
computability/computability-theory/introduction.tex	computability	section	selected	computability	computability/computability-theory/computability-theory.tex	0	0	0	-	0	yes	389	Introduction	-	-	-	missing	none	-	-	The introduction contains substantive universal/minimization or recursive-function claims; no active declaration matches them.
computability/computability-theory/k-1.tex	computability	section	selected	computability	computability/computability-theory/computability-theory.tex	0	0	0	-	0	yes	257	An Example of Reducibility	prop=1;proof=1;explain=2	prop:k1	prop:_#prop:k1	missing	none	-	-	No active declaration covers this recursive-function or computability-theory result.
computability/computability-theory/no-universal-function.tex	computability	section	selected	computability	computability/computability-theory/computability-theory.tex	0	0	0	-	0	yes	179	No Universal Computable Function	thm=1;prob=1;proof=1;explain=1	thm:no-univ	thm:_#thm:no-univ	missing	none	-	-	No active declaration covers this recursive-function or computability-theory result.
computability/computability-theory/non-comp-set.tex	computability	section	selected	computability	computability/computability-theory/computability-theory.tex	0	0	0	-	0	yes	170	There Are Non-Computable Sets	thm=2;proof=2	thm:K-0;thm:K	thm:_#thm:K-0;thm:_#thm:K	missing	none	-	-	No active declaration covers this recursive-function or computability-theory result.
computability/computability-theory/normal-form.tex	computability	section	selected	computability	computability/computability-theory/computability-theory.tex	0	0	0	-	0	yes	499	The Normal Form Theorem	thm=2;proof=1;explain=1	thm:normal-form	thm:Kleene's Normal Form Theorem#thm:normal-form	missing	none	-	-	No active declaration covers this recursive-function or computability-theory result.
computability/computability-theory/prop-reduce.tex	computability	section	selected	computability	computability/computability-theory/computability-theory.tex	0	0	0	-	0	yes	442	Properties of Reducibility	prop=2;prob=3;proof=2;digress=1	prop:trans-red;prop:reduce	prop:_#prop:trans-red;prop:_#prop:reduce	missing	none	-	-	No active declaration covers this recursive-function or computability-theory result.
computability/computability-theory/reducibility.tex	computability	section	selected	computability	computability/computability-theory/computability-theory.tex	0	0	0	-	0	yes	369	Reducibility	defn=1;explain=1;digress=1	-	-	partial/weaker	manual_fragment_match	FormalOLP/Computability/RelativeComputability.lean;FormalOLP/Computability/TuringReducibility.lean	FormalOLP.Computability.RecursiveIn; FormalOLP.Computability.setManyOneReducible; FormalOLP.Computability.turingReducible	Native relative/oracle and reducibility relations cover a small chain; source computability theory and completeness results are absent.
computability/computability-theory/rice-theorem.tex	computability	section	selected	computability	computability/computability-theory/computability-theory.tex	0	0	0	-	0	yes	654	Rice's Theorem	thm=1;cor=1;proof=2;explain=1	-	thm:Rice's Theorem	missing	none	-	-	No active declaration covers this recursive-function or computability-theory result.
computability/computability-theory/russells-paradox.tex	computability	section	selected	computability	computability/computability-theory/computability-theory.tex	0	0	0	-	0	yes	292	Comparison with Russell's Paradox	-	-	-	missing	none	-	-	No active declaration covers this recursive-function or computability-theory result.
computability/computability-theory/s-m-n.tex	computability	section	selected	computability	computability/computability-theory/computability-theory.tex	0	0	0	-	0	yes	131	The $s$-$m$-$n$ Theorem	thm=1;explain=2	thm:s-m-n	thm:_#thm:s-m-n	missing	none	-	-	No active declaration covers this recursive-function or computability-theory result.
computability/computability-theory/total.tex	computability	section	selected	computability	computability/computability-theory/computability-theory.tex	0	0	0	-	0	yes	149	Totality is Undecidable	prop=1;proof=1;digress=1	prop:total	prop:_#prop:total	missing	none	-	-	No active declaration covers this recursive-function or computability-theory result.
computability/computability-theory/universal-part-function.tex	computability	section	selected	computability	computability/computability-theory/computability-theory.tex	0	0	0	-	0	yes	137	The Universal Partial Computable Function	thm=1;proof=1;explain=1	thm:univ-comp	thm:_#thm:univ-comp	missing	none	-	-	No active declaration covers this recursive-function or computability-theory result.
computability/computability.tex	computability	part	selected	computability	content.tex	2	0	0	-	0	yes	34	cmp	editorial=1	-	-	structural-container	aggregator	-	-	Part/chapter container with imports or section assembly; substantive child sections are audited separately.
computability/recursive-functions/bounded-minimization.tex	computability	section	selected	computability	computability/recursive-functions/recursive-functions.tex	0	0	0	-	0	yes	226	Bounded Minimization	prop=1;prob=1;proof=1;explain=1	-	-	missing	none	-	-	No active declaration covers this recursive-function or computability-theory result.
computability/recursive-functions/composition.tex	computability	section	selected	computability	computability/recursive-functions/recursive-functions.tex	0	0	0	-	0	yes	337	Composition	-	-	-	missing	none	-	-	No active declaration covers this recursive-function or computability-theory result.
computability/recursive-functions/examples.tex	computability	section	selected	computability	computability/recursive-functions/recursive-functions.tex	0	0	0	-	0	yes	359	Examples of Primitive Recursive Functions	prop=8;prob=3;proof=8	prop:min-pr	prop:_#prop:min-pr	missing	none	-	-	No active declaration covers this recursive-function or computability-theory result.
computability/recursive-functions/general-recursive-functions.tex	computability	section	selected	computability	computability/recursive-functions/recursive-functions.tex	0	0	0	-	0	yes	182	General Recursive Functions	defn=1	defn:general-recursive	defn:_#defn:general-recursive	missing	none	-	-	No active declaration covers this recursive-function or computability-theory result.
computability/recursive-functions/halting-problem.tex	computability	section	selected	computability	computability/recursive-functions/recursive-functions.tex	0	0	0	-	0	yes	297	The Halting Problem	thm=1;proof=1	thm:halting-problem	thm:_#thm:halting-problem	missing	none	-	-	No active declaration covers this recursive-function or computability-theory result.
computability/recursive-functions/introduction.tex	computability	section	selected	computability	computability/recursive-functions/recursive-functions.tex	0	0	0	-	0	yes	341	Introduction	-	-	-	missing	none	-	-	The introduction contains substantive universal/minimization or recursive-function claims; no active declaration matches them.
computability/recursive-functions/non-pr-functions.tex	computability	section	selected	computability	computability/recursive-functions/recursive-functions.tex	0	0	0	-	0	yes	533	Non-Primitive Recursive Functions	digress=1	-	-	missing	none	-	-	No active declaration covers this recursive-function or computability-theory result.
computability/recursive-functions/normal-form.tex	computability	section	selected	computability	computability/recursive-functions/recursive-functions.tex	0	0	0	-	0	yes	218	The Normal Form Theorem	thm=1;explain=1	thm:kleene-nf	thm:Kleene's Normal Form Theorem#thm:kleene-nf	missing	none	-	-	No active declaration covers this recursive-function or computability-theory result.
computability/recursive-functions/notation-pr-functions.tex	computability	section	selected	computability	computability/recursive-functions/recursive-functions.tex	0	0	0	-	0	yes	195	Primitive Recursion Notations	prob=1	-	-	missing	none	-	-	No active declaration covers this recursive-function or computability-theory result.
computability/recursive-functions/other-recursions.tex	computability	section	selected	computability	computability/recursive-functions/recursive-functions.tex	0	0	0	-	0	yes	235	Other Recursions	prob=1	-	-	missing	none	-	-	No active declaration covers this recursive-function or computability-theory result.
computability/recursive-functions/partial-functions.tex	computability	section	selected	computability	computability/recursive-functions/recursive-functions.tex	0	0	0	-	0	yes	646	Partial Recursive Functions	defn=2;explain=1;quote=1	defn:recursive-fn	defn:_#defn:recursive-fn	missing	none	-	-	No active declaration covers this recursive-function or computability-theory result.
computability/recursive-functions/pr-functions-computable.tex	computability	section	selected	computability	computability/recursive-functions/recursive-functions.tex	0	0	0	-	0	yes	109	Primitive Recursive Functions are Computable	-	-	-	missing	none	-	-	No active declaration covers this recursive-function or computability-theory result.
computability/recursive-functions/pr-functions.tex	computability	section	selected	computability	computability/recursive-functions/recursive-functions.tex	0	0	0	-	0	yes	514	Primitive Recursion Functions	defn=3;prop=2;ex=1;prob=1;proof=2;explain=1	defn:primitive-recursion;defn:composition;prop:mult-pr	defn:_#defn:primitive-recursion;defn:_#defn:composition;prop:_#prop:mult-pr	missing	none	-	-	No active declaration covers this recursive-function or computability-theory result.
computability/recursive-functions/pr-relations.tex	computability	section	selected	computability	computability/recursive-functions/recursive-functions.tex	0	0	0	-	0	yes	336	Primitive Recursive Relations	defn=1;prop=3;prob=1;proof=3	-	-	missing	none	-	-	No active declaration covers this recursive-function or computability-theory result.
computability/recursive-functions/primes.tex	computability	section	selected	computability	computability/recursive-functions/recursive-functions.tex	0	0	0	-	0	yes	338	Primes	prob=1	-	-	missing	none	-	-	No active declaration covers this recursive-function or computability-theory result.
computability/recursive-functions/primitive-recursion.tex	computability	section	selected	computability	computability/recursive-functions/recursive-functions.tex	0	0	0	-	0	yes	599	Primitive Recursion	-	-	-	missing	none	-	-	No active declaration covers this recursive-function or computability-theory result.
computability/recursive-functions/recursive-functions.tex	computability	chapter	selected	computability	computability/computability.tex	18	0	0	-	0	yes	38	cmp	editorial=1	-	-	structural-container	aggregator	-	-	Part/chapter container with imports or section assembly; substantive child sections are audited separately.
computability/recursive-functions/sequences.tex	computability	section	selected	computability	computability/recursive-functions/recursive-functions.tex	0	0	0	-	0	yes	567	Sequences	prop=5;prob=3;proof=5	prop:subseq	prop:_#prop:subseq	missing	none	-	-	No active declaration covers this recursive-function or computability-theory result.
computability/recursive-functions/trees.tex	computability	section	selected	computability	computability/recursive-functions/recursive-functions.tex	0	0	0	-	0	yes	375	Trees	prop=1;prob=1;proof=1	prop:subtreeseq	prop:_#prop:subtreeseq	missing	none	-	-	No active declaration covers this recursive-function or computability-theory result.
content.tex	root	root-driver	selected	content	-	18	0	0	-	0	yes	192	-	editorial=1	-	-	structural-container	aggregator	-	-	Complete-book driver; child rows carry mathematical audit.
counterfactuals/counterfactuals.tex	counterfactuals	part	selected	counterfactuals	content.tex	2	0	0	-	0	no	2	cnt	-	-	-	structural-container	aggregator	-	-	Aggregator/editorial import container; child source files are audited separately.
counterfactuals/introduction/counterfactuals.tex	counterfactuals	section	selected	counterfactuals	counterfactuals/introduction/introduction.tex	0	0	0	-	0	yes	565	Counterfactuals	quote=1	-	-	missing	no_native_match_found	-	-	No active FormalOLP declaration was found for this substantive source section.
counterfactuals/introduction/introduction.tex	counterfactuals	chapter	selected	counterfactuals	counterfactuals/counterfactuals.tex	4	0	0	-	0	no	2	cnt	-	-	-	structural-container	aggregator	-	-	Aggregator/editorial import container; child source files are audited separately.
counterfactuals/introduction/material-conditional.tex	counterfactuals	section	selected	counterfactuals	counterfactuals/introduction/introduction.tex	0	0	0	-	0	yes	193	The Material Conditional	-	-	-	missing	no_native_match_found	-	-	No active FormalOLP declaration was found for this substantive source section.
counterfactuals/introduction/paradoxes-material.tex	counterfactuals	section	selected	counterfactuals	counterfactuals/introduction/introduction.tex	0	0	0	-	0	yes	252	Paradoxes of the Material Conditional	quote=2	-	-	missing	no_native_match_found	-	-	No active FormalOLP declaration was found for this substantive source section.
counterfactuals/introduction/strict-conditional.tex	counterfactuals	section	selected	counterfactuals	counterfactuals/introduction/introduction.tex	0	0	0	-	0	yes	254	The Strict Conditional	prob=3	-	-	missing	no_native_match_found	-	-	No active FormalOLP declaration was found for this substantive source section.
counterfactuals/minimal-change-semantics/antecedent-strengthening.tex	counterfactuals	section	selected	counterfactuals	counterfactuals/minimal-change-semantics/minimal-change-semantics.tex	0	0	0	-	0	yes	214	Antecedent Strengthening	ex=1;figure=1;quote=1	fig:antecedent-strengthening	ex:_#fig:antecedent-strengthening	missing	no_native_match_found	-	-	No active FormalOLP declaration was found for this substantive source section.
counterfactuals/minimal-change-semantics/contraposition.tex	counterfactuals	section	selected	counterfactuals	counterfactuals/minimal-change-semantics/minimal-change-semantics.tex	0	0	0	-	0	yes	176	Contraposition	ex=1;figure=1;quote=1	ex:contraposition-counterex;fig:contraposition	ex:_#ex:contraposition-counterex,fig:contraposition	missing	no_native_match_found	-	-	No active FormalOLP declaration was found for this substantive source section.
counterfactuals/minimal-change-semantics/introduction.tex	counterfactuals	section	selected	counterfactuals	counterfactuals/minimal-change-semantics/minimal-change-semantics.tex	0	0	0	-	0	yes	417	Introduction	-	-	-	missing	no_native_match_found	-	-	No active FormalOLP declaration was found for this substantive source section.
counterfactuals/minimal-change-semantics/minimal-change-semantics.tex	counterfactuals	chapter	selected	counterfactuals	counterfactuals/counterfactuals.tex	6	0	0	-	0	no	4	cnt	-	-	-	structural-container	aggregator	-	-	Aggregator/editorial import container; child source files are audited separately.
counterfactuals/minimal-change-semantics/sphere-models.tex	counterfactuals	section	selected	counterfactuals	counterfactuals/minimal-change-semantics/minimal-change-semantics.tex	0	0	0	-	0	yes	425	Sphere Models	defn=2;figure=1	fig:sphere-model;sphere-vac;sphere-nonvac	defn:_#sphere-vac,sphere-nonvac	partial/weaker	manual_fragment_match	FormalOLP/Counterfactuals/Sphere.lean	FormalOLP/Counterfactuals/Sphere.lean:39-56	A selected closest-world variant is formalized with subset, strong-centering, and an added limit/success condition. The source permits descending sphere systems without an innermost sphere.
counterfactuals/minimal-change-semantics/transitivity.tex	counterfactuals	section	selected	counterfactuals	counterfactuals/minimal-change-semantics/minimal-change-semantics.tex	0	0	0	-	0	yes	400	Transitivity	ex=1;prob=3;quote=1	ex:trans-counterex	ex:_#ex:trans-counterex	missing	no_native_match_found	-	-	No active FormalOLP declaration was found for this substantive source section.
counterfactuals/minimal-change-semantics/true-false.tex	counterfactuals	section	selected	counterfactuals	counterfactuals/minimal-change-semantics/minimal-change-semantics.tex	0	0	0	-	0	yes	176	Truth and Falsity of Counterfactuals	figure=5	fig:true;fig:vacuous;fig:false;fig:false-opposite;fig:contingent	-	partial/weaker	manual_fragment_match	FormalOLP/Counterfactuals/Sphere.lean	FormalOLP/Counterfactuals/Sphere.lean:81-133	Identity, vacuity, consequent conjunction, centered modus ponens, and antecedent extensionality are native; source counterexample figures are not.
first-order-logic/axiomatic-deduction/axiomatic-deduction.tex	first-order-logic	chapter	selected	first-order-logic;propositional-logic	first-order-logic/first-order-logic.tex;propositional-logic/propositional-logic.tex	13	0	0	-	0	yes	58	fol;pl	editorial=1	-	-	structural-container	aggregator	-	-	Aggregator/editorial import container; child source files are audited separately.
first-order-logic/axiomatic-deduction/axioms-rules-propositional.tex	first-order-logic	section	selected	first-order-logic;propositional-logic	first-order-logic/axiomatic-deduction/axiomatic-deduction.tex	0	0	0	-	0	yes	41	Axioms and Rules for the Propositional Connectives	defn=2	ax:land1;ax:land2;ax:land3;ax:lor1;ax:lor2;ax:lor3;ax:lif1;ax:lif2;ax:lnot1;ax:lnot2;ax:ltrue;ax:lfalse1;ax:lfalse2;ax:dne	defn:Axioms#ax:land1,ax:land2,ax:land3,ax:lor1,ax:lor2,ax:lor3,ax:lif1,ax:lif2,ax:lnot1,ax:lnot2,ax:ltrue,ax:lfalse1,ax:lfalse2,ax:dne;defn:Modus ponens	missing	no_native_match_found	-	-	No active FormalOLP declaration was found for this substantive source section.
first-order-logic/axiomatic-deduction/axioms-rules-quantifiers.tex	first-order-logic	section	selected	first-order-logic;propositional-logic	first-order-logic/axiomatic-deduction/axiomatic-deduction.tex	0	0	0	-	0	yes	62	Axioms and Rules for Quantifiers	defn=2	ax:q1;ax:q2	defn:Axioms for quantifiers#ax:q1,ax:q2;defn:Rules for quantifiers	missing	no_native_match_found	-	-	No active FormalOLP declaration was found for this substantive source section.
first-order-logic/axiomatic-deduction/deduction-theorem-quantifiers.tex	first-order-logic	section	selected	first-order-logic;propositional-logic	first-order-logic/axiomatic-deduction/axiomatic-deduction.tex	0	0	0	-	0	yes	140	The Deduction Theorem with Quantifiers	thm=1;prob=1;proof=1	thm:deduction-thm-q	thm:Deduction Theorem#thm:deduction-thm-q	missing	no_native_match_found	-	-	No active FormalOLP declaration was found for this substantive source section.
first-order-logic/axiomatic-deduction/deduction-theorem.tex	first-order-logic	section	selected	first-order-logic;propositional-logic	first-order-logic/axiomatic-deduction/axiomatic-deduction.tex	0	0	0	-	0	yes	335	The Deduction Theorem	thm=1;prop=2;prob=2;proof=2;derivation=1	prop:mp;thm:deduction-thm;prop:derivfacts;derivfacts:a;derivfacts:b;derivfacts:c;derivfacts:d;derivfacts:e	thm:Deduction Theorem#thm:deduction-thm;prop:_#prop:mp;prop:_#prop:derivfacts,derivfacts:a,derivfacts:b,derivfacts:c,derivfacts:d,derivfacts:e	missing	no_native_match_found	-	-	No active FormalOLP declaration was found for this substantive source section.
first-order-logic/axiomatic-deduction/identity.tex	first-order-logic	section	selected	first-order-logic;propositional-logic	first-order-logic/axiomatic-deduction/axiomatic-deduction.tex	0	0	0	-	0	yes	71	\usetoken{P	defn=1;prop=3;prob=1;proof=2	ax:id1;ax:id2;prop:sound;prop:iden1;prop:iden2	defn:Axioms for !!{identity}#ax:id1,ax:id2;prop:_#prop:sound;prop:_#prop:iden1;prop:_#prop:iden2	missing	no_native_match_found	-	-	No active FormalOLP declaration was found for this substantive source section.
first-order-logic/axiomatic-deduction/proof-theoretic-notions.tex	first-order-logic	section	selected	first-order-logic;propositional-logic	first-order-logic/axiomatic-deduction/axiomatic-deduction.tex	0	0	0	-	0	yes	309	Proof-Theoretic Notions	defn=3;prop=5;prob=2;proof=5;explain=1	prop:reflexivity;prop:monotonicity;prop:transitivity;prop:incons;prop:proves-compact	defn:!!^{derivability};defn:Theorems;defn:Consistency;prop:Reflexivity#prop:reflexivity;prop:Monotonicity#prop:monotonicity;prop:Transitivity#prop:transitivity;prop:_#prop:incons;prop:Compactness#prop:proves-compact	missing	no_native_match_found	-	-	No active FormalOLP declaration was found for this substantive source section.
first-order-logic/axiomatic-deduction/provability-consistency.tex	first-order-logic	section	selected	first-order-logic;propositional-logic	first-order-logic/axiomatic-deduction/axiomatic-deduction.tex	0	0	0	-	0	yes	128	\usetoken{S	prop=4;prob=3;proof=4	prop:provability-contr;prop:prov-incons;prop:explicit-inc;prop:provability-exhaustive	prop:_#prop:provability-contr;prop:_#prop:prov-incons;prop:_#prop:explicit-inc;prop:_#prop:provability-exhaustive	missing	no_native_match_found	-	-	No active FormalOLP declaration was found for this substantive source section.
first-order-logic/axiomatic-deduction/provability-propositional.tex	first-order-logic	section	selected	first-order-logic;propositional-logic	first-order-logic/axiomatic-deduction/axiomatic-deduction.tex	0	0	0	-	0	yes	101	\usetoken{S	prop=3;proof=3;explain=1;derivation=1	prop:provability-land;prop:provability-land-left;prop:provability-land-right;prop:provability-lor;prop:provability-lif;prop:provability-lif-left;prop:provability-lif-right	prop:_#prop:provability-land,prop:provability-land-left,prop:provability-land-right;prop:_#prop:provability-lor;prop:_#prop:provability-lif,prop:provability-lif-left,prop:provability-lif-right	missing	no_native_match_found	-	-	No active FormalOLP declaration was found for this substantive source section.
first-order-logic/axiomatic-deduction/provability-quantifiers.tex	first-order-logic	section	selected	first-order-logic;propositional-logic	first-order-logic/axiomatic-deduction/axiomatic-deduction.tex	0	0	0	-	0	yes	62	\usetoken{S	thm=1;prop=1;proof=2;explain=1	thm:strong-generalization;prop:provability-quantifiers	thm:_#thm:strong-generalization;prop:_#prop:provability-quantifiers	missing	no_native_match_found	-	-	No active FormalOLP declaration was found for this substantive source section.
first-order-logic/axiomatic-deduction/provability.tex	first-order-logic	section	orphan_or_unselected	-	-	0	0	0	-	0	yes	626	Properties of \usetoken{S	thm=4;prop=3;lem=2;probtag=1;proof=8;explain=1;derivation=9	prop:provability;prop:provability-contr;prop:provability-lnot;prop:provability-exhaustive;prop:provability-lor-left;prop:provability-lor-right;prop:provability-land-left;prop:provability-land-right;prop:provability-mp;prop:provability-lif;thm:Generalization;thm:WeakGen;lem:free-for;lem:ChangeBdVar;thm:StrongGen;thm:provability-quantifiers	thm:Generalization#thm:Generalization;thm:_#thm:WeakGen;thm:Strong Generalization on Constants#thm:StrongGen;thm:_#thm:provability-quantifiers;prop:Monotonicity;prop:_#prop:provability;prop:_#prop:provability-contr,prop:provability-lnot,prop:provability-exhaustive,prop:provability-lor-left,prop:provability-lor-right,prop:provability-land-left,prop:provability-land-right,prop:provability-mp,prop:provability-lif;lem:_#lem:free-for;lem:Change of Bound Variable#lem:ChangeBdVar	missing	no_native_match_found	-	-	No active FormalOLP declaration was found for this substantive source section.
first-order-logic/axiomatic-deduction/proving-things-quant.tex	first-order-logic	section	selected	first-order-logic;propositional-logic	first-order-logic/axiomatic-deduction/axiomatic-deduction.tex	0	0	0	-	0	yes	56	\usetoken{P	ex=1	-	-	missing	no_native_match_found	-	-	No active FormalOLP declaration was found for this substantive source section.
first-order-logic/axiomatic-deduction/proving-things.tex	first-order-logic	section	selected	first-order-logic;propositional-logic	first-order-logic/axiomatic-deduction/axiomatic-deduction.tex	0	0	0	-	0	yes	425	Examples of \usetoken{P	prop=1;ex=3;prob=1;proof=1;derivation=3	ex:identity;ex:chain;prop:chain	prop:_#prop:chain;ex:_#ex:identity;ex:_#ex:chain	missing	no_native_match_found	-	-	No active FormalOLP declaration was found for this substantive source section.
first-order-logic/axiomatic-deduction/rules-and-proofs.tex	first-order-logic	section	selected	first-order-logic;propositional-logic	first-order-logic/axiomatic-deduction/axiomatic-deduction.tex	0	0	0	-	0	yes	382	Rules and \usetoken{P	defn=4;explain=1;quote=3	-	defn:!!^{derivability};defn:Rule of inference;defn:!!^{derivability};defn:Theorems	missing	no_native_match_found	-	-	No active FormalOLP declaration was found for this substantive source section.
first-order-logic/axiomatic-deduction/soundness.tex	first-order-logic	section	selected	first-order-logic;propositional-logic	first-order-logic/axiomatic-deduction/axiomatic-deduction.tex	0	0	0	-	0	yes	501	Soundness	thm=1;prop=1;cor=2;prob=1;proof=3;explain=1	thm:soundness;cor:weak-soundness;cor:consistency-soundness	thm:Soundness#thm:soundness;cor:_#cor:weak-soundness;cor:_#cor:consistency-soundness	missing	no_native_match_found	-	-	No active FormalOLP declaration was found for this substantive source section.
first-order-logic/beyond/beyond.tex	first-order-logic	chapter	selected	first-order-logic	first-order-logic/first-order-logic.tex	7	0	0	-	0	yes	63	fol	editorial=1	-	-	structural-container	aggregator	-	-	Aggregator/editorial import container; child source files are audited separately.
first-order-logic/beyond/higher-order-logic.tex	first-order-logic	section	selected	first-order-logic	first-order-logic/beyond/beyond.tex	0	0	0	-	0	yes	801	Higher-Order logic	quote=1	-	-	missing	no_native_match_found	-	-	No active FormalOLP declaration was found for this substantive source section.
first-order-logic/beyond/introduction.tex	first-order-logic	section	selected	first-order-logic	first-order-logic/beyond/beyond.tex	0	0	0	-	0	yes	367	Overview	-	-	-	missing	no_native_match_found	-	-	No active FormalOLP declaration was found for this substantive source section.
first-order-logic/beyond/intuitionistic-logic.tex	first-order-logic	section	selected	first-order-logic	first-order-logic/beyond/beyond.tex	0	0	0	-	0	yes	1290	Intuitionistic Logic	thm=4;proof=1	-	-	missing	no_native_match_found	-	-	No active FormalOLP declaration was found for this substantive source section.
first-order-logic/beyond/many-sorted-logic.tex	first-order-logic	section	selected	first-order-logic	first-order-logic/beyond/beyond.tex	0	0	0	-	0	yes	402	Many-Sorted Logic	-	-	-	missing	no_native_match_found	-	-	No active FormalOLP declaration was found for this substantive source section.
first-order-logic/beyond/modal-logics.tex	first-order-logic	section	selected	first-order-logic	first-order-logic/beyond/beyond.tex	0	0	0	-	0	yes	537	Modal Logics	quote=1	-	-	missing	no_native_match_found	-	-	No active FormalOLP declaration was found for this substantive source section.
first-order-logic/beyond/other-logics.tex	first-order-logic	section	selected	first-order-logic	first-order-logic/beyond/beyond.tex	0	0	0	-	0	yes	249	Other Logics	-	-	-	missing	no_native_match_found	-	-	No active FormalOLP declaration was found for this substantive source section.
first-order-logic/beyond/second-order-logic.tex	first-order-logic	section	selected	first-order-logic	first-order-logic/beyond/beyond.tex	0	0	0	-	0	yes	1538	Second-Order logic	-	-	-	missing	no_native_match_found	-	-	No active FormalOLP declaration was found for this substantive source section.
first-order-logic/completeness/compactness-direct.tex	first-order-logic	section	selected	first-order-logic;propositional-logic	first-order-logic/completeness/completeness.tex	0	0	0	-	0	yes	440	A Direct Proof of the Compactness Theorem	thm=1;prop=2;lem=2;prob=8;proof=1	prop:fsat-ccs;lem:fsat-henkin;prop:fsat-instances;lem:fsat-lindenbaum;thm:compactness-direct	thm:Compactness#thm:compactness-direct;prop:_#prop:fsat-ccs;prop:_#prop:fsat-instances;lem:_#lem:fsat-henkin;lem:_#lem:fsat-lindenbaum	missing	no_native_match_found	-	-	No active FormalOLP declaration was found for this substantive source section.
first-order-logic/completeness/compactness.tex	first-order-logic	section	selected	first-order-logic;propositional-logic	first-order-logic/completeness/completeness.tex	0	0	0	-	0	yes	920	The Compactness Theorem	defn=1;thm=1;ex=3;prob=3;proof=1	thm:compactness	thm:Compactness Theorem#thm:compactness	dependency-only	dependency_support	FormalOLP/ModelTheory/Basic.lean	FormalOLP/ModelTheory/Basic.lean:52-60	Compactness is imported through Mathlib and exposed as a support theorem; no native OLP completeness proof is present.
first-order-logic/completeness/complete-consistent-sets.tex	first-order-logic	section	selected	first-order-logic;propositional-logic	first-order-logic/completeness/completeness.tex	0	0	0	-	0	yes	880	Complete Consistent Sets of \usetoken{P	defn=1;prop=1;prob=2;proof=1;explain=2	def:complete-set;prop:ccs;prop:ccs-prov-in;prop:ccs-and;prop:ccs-or;prop:ccs-if	defn:Complete set#def:complete-set;prop:_#prop:ccs,prop:ccs-prov-in,prop:ccs-and,prop:ccs-or,prop:ccs-if	missing	no_native_match_found	-	-	No active FormalOLP declaration was found for this substantive source section.
first-order-logic/completeness/completeness-thm.tex	first-order-logic	section	selected	first-order-logic;propositional-logic	first-order-logic/completeness/completeness.tex	0	0	0	-	0	yes	454	The Completeness Theorem	thm=1;cor=1;prob=4;proof=2;explain=1	thm:completeness;cor:completeness	thm:Completeness Theorem#thm:completeness;cor:Completeness Theorem, Second Version#cor:completeness	missing	no_native_match_found	-	-	No active FormalOLP declaration was found for this substantive source section.
first-order-logic/completeness/completeness.tex	first-order-logic	chapter	selected	first-order-logic;propositional-logic	first-order-logic/first-order-logic.tex;propositional-logic/propositional-logic.tex	11	0	0	-	0	yes	8	fol;pl	-	-	-	structural-container	aggregator	-	-	Aggregator/editorial import container; child source files are audited separately.
first-order-logic/completeness/construction-of-model.tex	first-order-logic	section	selected	first-order-logic;propositional-logic	first-order-logic/completeness/completeness.tex	0	0	0	-	0	yes	704	Construction of a Model	defn=2;prop=1;lem=2;prob=3;proof=3;explain=2	defn:termmodel;lem:val-in-termmodel;prop:quant-termmodel;lem:truth	defn:Term model#defn:termmodel;defn:_#defn:termmodel;prop:_#prop:quant-termmodel;lem:_#lem:val-in-termmodel;lem:Truth Lemma#lem:truth	missing	no_native_match_found	-	-	No active FormalOLP declaration was found for this substantive source section.
first-order-logic/completeness/downward-ls.tex	first-order-logic	section	selected	first-order-logic;propositional-logic	first-order-logic/completeness/completeness.tex	0	0	0	-	0	yes	303	"The L\""owenheim--Skolem Theorem"	thm=2;ex=1;proof=2	thm:downward-ls;noidentity-ls	thm:_#thm:downward-ls;thm:_#noidentity-ls;ex:Skolem's Paradox	missing	no_native_match_found	-	-	No active FormalOLP declaration was found for this substantive source section.
first-order-logic/completeness/henkin-expansions.tex	first-order-logic	section	selected	first-order-logic;propositional-logic	first-order-logic/completeness/completeness.tex	0	0	0	-	0	yes	673	Henkin Expansion	defn=2;prop=2;lem=1;proof=2;explain=2	prop:lang-exp;defn:henkin-exp;lem:henkin;prop:saturated-instances	defn:Saturated set;defn:_#defn:henkin-exp;prop:_#prop:lang-exp;prop:_#prop:saturated-instances;lem:_#lem:henkin	missing	no_native_match_found	-	-	No active FormalOLP declaration was found for this substantive source section.
first-order-logic/completeness/identity.tex	first-order-logic	section	selected	first-order-logic;propositional-logic	first-order-logic/completeness/completeness.tex	0	0	0	-	0	yes	461	Identity	defn=3;prop=2;lem=2;prob=2;proof=4;explain=2;digress=1	prop:approx-equiv;defn:term-model-factor;lem:val-in-termmodel-factored;lem:truth	defn:_#defn:term-model-factor;prop:_#prop:approx-equiv;lem:_#lem:val-in-termmodel-factored;lem:_#lem:truth	missing	no_native_match_found	-	-	No active FormalOLP declaration was found for this substantive source section.
first-order-logic/completeness/introduction.tex	first-order-logic	section	selected	first-order-logic;propositional-logic	first-order-logic/completeness/completeness.tex	0	0	0	-	0	yes	471	Introduction	quote=1	-	-	missing	no_native_match_found	-	-	No active FormalOLP declaration was found for this substantive source section.
first-order-logic/completeness/lindenbaums-lemma.tex	first-order-logic	section	selected	first-order-logic;propositional-logic	first-order-logic/completeness/completeness.tex	0	0	0	-	0	yes	403	Lindenbaum's Lemma	lem=1;proof=1;explain=1	lem:lindenbaum	lem:Lindenbaum's Lemma#lem:lindenbaum	missing	no_native_match_found	-	-	No active FormalOLP declaration was found for this substantive source section.
first-order-logic/completeness/maximally-consistent-sets.tex	first-order-logic	section	orphan_or_unselected	-	-	0	0	0	-	0	yes	537	Maximally Consistent Sets of \usetoken{P	defn=1;prop=1;prob=1;proof=1;explain=2	mcs;prop:mcs;prop:mcs-prov-in;prop:mcs-either-or;prop:mcs-and;prop:mcs-or;prop:mcs-if	defn:Maximally consistent set#mcs;prop:_#prop:mcs,prop:mcs-prov-in,prop:mcs-either-or,prop:mcs-and,prop:mcs-or,prop:mcs-if	missing	no_native_match_found	-	-	No active FormalOLP declaration was found for this substantive source section.
first-order-logic/completeness/outline.tex	first-order-logic	section	selected	first-order-logic;propositional-logic	first-order-logic/completeness/completeness.tex	0	0	0	-	0	yes	1110	Outline of the Proof	-	-	-	missing	no_native_match_found	-	-	No active FormalOLP declaration was found for this substantive source section.
first-order-logic/first-order-logic.tex	first-order-logic	part	selected	first-order-logic	content.tex	11	0	0	-	0	yes	129	fol	editorial=1	-	-	structural-container	aggregator	-	-	Aggregator/editorial import container; child source files are audited separately.
first-order-logic/introduction/first-order-logic.tex	first-order-logic	section	selected	first-order-logic	first-order-logic/introduction/introduction.tex	0	0	0	-	0	yes	578	First-Order Logic	-	-	-	missing	no_native_match_found	-	-	No active FormalOLP declaration was found for this substantive source section.
first-order-logic/introduction/formulas.tex	first-order-logic	section	selected	first-order-logic	first-order-logic/introduction/introduction.tex	0	0	0	-	0	yes	461	\usetoken{P	defn=1	fmls-atom;fmls-not;fmls-ex;fmls-limit	defn:_#fmls-atom,fmls-not,fmls-ex,fmls-limit	missing	no_native_match_found	-	-	No active FormalOLP declaration was found for this substantive source section.
first-order-logic/introduction/introduction.tex	first-order-logic	chapter	selected	first-order-logic	first-order-logic/first-order-logic.tex	9	0	0	-	0	no	6	fol	-	-	-	structural-container	aggregator	-	-	Aggregator/editorial import container; child source files are audited separately.
first-order-logic/introduction/models-theories.tex	first-order-logic	section	selected	first-order-logic	first-order-logic/introduction/introduction.tex	0	0	0	-	0	yes	456	Models and Theories	-	-	-	missing	no_native_match_found	-	-	No active FormalOLP declaration was found for this substantive source section.
first-order-logic/introduction/satisfaction.tex	first-order-logic	section	selected	first-order-logic	first-order-logic/introduction/introduction.tex	0	0	0	-	0	yes	578	Satisfaction	-	-	-	missing	no_native_match_found	-	-	No active FormalOLP declaration was found for this substantive source section.
first-order-logic/introduction/semantic-notions.tex	first-order-logic	section	selected	first-order-logic	first-order-logic/introduction/introduction.tex	0	0	0	-	0	yes	308	Semantic Notions	-	-	-	missing	no_native_match_found	-	-	No active FormalOLP declaration was found for this substantive source section.
first-order-logic/introduction/sentences.tex	first-order-logic	section	selected	first-order-logic	first-order-logic/introduction/introduction.tex	0	0	0	-	0	yes	347	\usetoken{P	-	-	-	missing	no_native_match_found	-	-	No active FormalOLP declaration was found for this substantive source section.
first-order-logic/introduction/soundness-completeness.tex	first-order-logic	section	selected	first-order-logic	first-order-logic/introduction/introduction.tex	0	0	0	-	0	yes	442	Soundness and Completeness	-	-	-	missing	no_native_match_found	-	-	No active FormalOLP declaration was found for this substantive source section.
first-order-logic/introduction/substitution.tex	first-order-logic	section	selected	first-order-logic	first-order-logic/introduction/introduction.tex	0	0	0	-	0	yes	285	Substitution	-	-	-	missing	no_native_match_found	-	-	No active FormalOLP declaration was found for this substantive source section.
first-order-logic/introduction/syntax.tex	first-order-logic	section	selected	first-order-logic	first-order-logic/introduction/introduction.tex	0	0	0	-	0	yes	369	Syntax	-	-	-	missing	no_native_match_found	-	-	No active FormalOLP declaration was found for this substantive source section.
first-order-logic/models-theories/expressing-props-of-structures.tex	first-order-logic	section	selected	first-order-logic	first-order-logic/models-theories/models-theories.tex	0	0	0	-	0	yes	289	Expressing Properties of \printtoken{P	defn=1;ex=1;explain=1	-	defn:Model of a set	missing	no_native_match_found	-	-	No active FormalOLP declaration was found for this substantive source section.
first-order-logic/models-theories/expressing-relations.tex	first-order-logic	section	selected	first-order-logic	first-order-logic/models-theories/models-theories.tex	0	0	0	-	0	yes	444	Expressing Relations in \article{structure	defn=1;ex=1;prob=3;explain=2	-	-	missing	no_native_match_found	-	-	No active FormalOLP declaration was found for this substantive source section.
first-order-logic/models-theories/introduction.tex	first-order-logic	section	selected	first-order-logic	first-order-logic/models-theories/models-theories.tex	0	0	0	-	0	yes	706	Introduction	defn=1;explain=2	-	-	missing	no_native_match_found	-	-	No active FormalOLP declaration was found for this substantive source section.
first-order-logic/models-theories/models-theories.tex	first-order-logic	chapter	selected	first-order-logic	first-order-logic/first-order-logic.tex	6	0	0	-	0	no	5	fol	-	-	-	structural-container	aggregator	-	-	Aggregator/editorial import container; child source files are audited separately.
first-order-logic/models-theories/set-theory.tex	first-order-logic	section	selected	first-order-logic	first-order-logic/models-theories/models-theories.tex	0	0	0	-	0	yes	877	The Theory of Sets	prob=1	-	-	missing	no_native_match_found	-	-	No active FormalOLP declaration was found for this substantive source section.
first-order-logic/models-theories/size-of-structures.tex	first-order-logic	section	selected	first-order-logic	first-order-logic/models-theories/models-theories.tex	0	0	0	-	0	yes	157	Expressing the Size of \printtoken{P	prop=3;explain=1	-	-	missing	no_native_match_found	-	-	No active FormalOLP declaration was found for this substantive source section.
first-order-logic/models-theories/theories.tex	first-order-logic	section	selected	first-order-logic	first-order-logic/models-theories/models-theories.tex	0	0	0	-	0	yes	544	Examples of First-Order Theories	ex=5	-	-	missing	no_native_match_found	-	-	No active FormalOLP declaration was found for this substantive source section.
first-order-logic/natural-deduction/derivations.tex	first-order-logic	section	selected	first-order-logic;propositional-logic	first-order-logic/natural-deduction/natural-deduction.tex	0	0	0	-	0	yes	330	\usetoken{P	defn=1;ex=1;explain=1;prooftree=5	-	defn:!!^{derivation}	missing	no_native_match_found	-	-	No active FormalOLP declaration was found for this substantive source section.
first-order-logic/natural-deduction/identity.tex	first-order-logic	section	selected	first-order-logic;propositional-logic	first-order-logic/natural-deduction/natural-deduction.tex	0	0	0	-	0	yes	140	\usetoken{P	ex=2;prob=2;defish=1;prooftree=4	-	-	missing	no_native_match_found	-	-	No active FormalOLP declaration was found for this substantive source section.
first-order-logic/natural-deduction/natural-deduction.tex	first-order-logic	chapter	selected	first-order-logic;propositional-logic	first-order-logic/first-order-logic.tex;propositional-logic/propositional-logic.tex	13	0	0	-	0	yes	34	fol;pl	editorial=1	-	-	structural-container	aggregator	-	-	Aggregator/editorial import container; child source files are audited separately.
first-order-logic/natural-deduction/proof-theoretic-notions.tex	first-order-logic	section	selected	first-order-logic;propositional-logic	first-order-logic/natural-deduction/natural-deduction.tex	0	0	0	-	0	yes	330	Proof-Theoretic Notions	defn=3;prop=5;prob=2;proof=5;explain=1;editorial=1;prooftree=1	prop:reflexivity;prop:monotonicity;prop:transitivity;prop:incons;prop:proves-compact	defn:Theorems;defn:!!^{derivability};defn:Consistency;prop:Reflexivity#prop:reflexivity;prop:Monotonicity#prop:monotonicity;prop:Transitivity#prop:transitivity;prop:_#prop:incons;prop:Compactness#prop:proves-compact	missing	no_native_match_found	-	-	No active FormalOLP declaration was found for this substantive source section.
first-order-logic/natural-deduction/propositional-rules.tex	first-order-logic	section	selected	first-order-logic;propositional-logic	first-order-logic/natural-deduction/natural-deduction.tex	0	0	0	-	0	yes	59	Propositional Rules;Rules for $\land$;Rules for $\lor$;Rules for $\lif$;Rules for $\lnot$;Rules for $\lfalse$	defish=5	-	-	missing	no_native_match_found	-	-	No active FormalOLP declaration was found for this substantive source section.
first-order-logic/natural-deduction/provability-consistency.tex	first-order-logic	section	selected	first-order-logic;propositional-logic	first-order-logic/natural-deduction/natural-deduction.tex	0	0	0	-	0	yes	182	\usetoken{S	prop=4;prob=1;proof=4;prooftree=5	prop:provability-contr;prop:prov-incons;prop:explicit-inc;prop:provability-exhaustive	prop:_#prop:provability-contr;prop:_#prop:prov-incons;prop:_#prop:explicit-inc;prop:_#prop:provability-exhaustive	missing	no_native_match_found	-	-	No active FormalOLP declaration was found for this substantive source section.
first-order-logic/natural-deduction/provability-propositional.tex	first-order-logic	section	selected	first-order-logic;propositional-logic	first-order-logic/natural-deduction/natural-deduction.tex	0	0	0	-	0	yes	100	\usetoken{S	prop=3;proof=3;explain=1;prooftree=6	prop:provability-land;prop:provability-land-left;prop:provability-land-right;prop:provability-lor;prop:provability-lif;prop:provability-lif-left;prop:provability-lif-right	prop:_#prop:provability-land,prop:provability-land-left,prop:provability-land-right;prop:_#prop:provability-lor;prop:_#prop:provability-lif,prop:provability-lif-left,prop:provability-lif-right	missing	no_native_match_found	-	-	No active FormalOLP declaration was found for this substantive source section.
first-order-logic/natural-deduction/provability-quantifiers.tex	first-order-logic	section	selected	first-order-logic;propositional-logic	first-order-logic/natural-deduction/natural-deduction.tex	0	0	0	-	0	yes	72	\usetoken{S	thm=1;prop=1;proof=2;explain=1;prooftree=2	thm:strong-generalization;prop:provability-quantifiers	thm:_#thm:strong-generalization;prop:_#prop:provability-quantifiers	missing	no_native_match_found	-	-	No active FormalOLP declaration was found for this substantive source section.
first-order-logic/natural-deduction/proving-things-quant.tex	first-order-logic	section	selected	first-order-logic;propositional-logic	first-order-logic/natural-deduction/natural-deduction.tex	0	0	0	-	0	yes	597	\usetoken{P	ex=3;prob=2;prooftree=14	-	-	missing	no_native_match_found	-	-	No active FormalOLP declaration was found for this substantive source section.
first-order-logic/natural-deduction/proving-things.tex	first-order-logic	section	selected	first-order-logic;propositional-logic	first-order-logic/natural-deduction/natural-deduction.tex	0	0	0	-	0	yes	647	Examples of \usetoken{P	ex=3;prob=3;prooftree=15	-	-	missing	no_native_match_found	-	-	No active FormalOLP declaration was found for this substantive source section.
first-order-logic/natural-deduction/quantifier-rules.tex	first-order-logic	section	selected	first-order-logic;propositional-logic	first-order-logic/natural-deduction/natural-deduction.tex	0	0	0	-	0	yes	313	Quantifier Rules;Rules for $\lforall$;Rules for $\lexists$	explain=2;defish=2;prooftree=2	-	-	missing	no_native_match_found	-	-	No active FormalOLP declaration was found for this substantive source section.
first-order-logic/natural-deduction/rules-and-proofs.tex	first-order-logic	section	selected	first-order-logic;propositional-logic	first-order-logic/natural-deduction/natural-deduction.tex	0	0	0	-	0	yes	213	Rules and \usetoken{P	defn=1;explain=1	-	defn:Assumption	missing	no_native_match_found	-	-	No active FormalOLP declaration was found for this substantive source section.
first-order-logic/natural-deduction/soundness-identity.tex	first-order-logic	section	selected	first-order-logic;propositional-logic	first-order-logic/natural-deduction/natural-deduction.tex	0	0	0	-	0	yes	96	Soundness with \usetoken{S	prop=1;proof=1;prooftree=1	-	-	missing	no_native_match_found	-	-	No active FormalOLP declaration was found for this substantive source section.
first-order-logic/natural-deduction/soundness.tex	first-order-logic	section	selected	first-order-logic;propositional-logic	first-order-logic/natural-deduction/natural-deduction.tex	0	0	0	-	0	yes	888	Soundness	thm=1;cor=2;prob=2;proof=2;explain=1;prooftree=8	thm:soundness;cor:weak-soundness;cor:consistency-soundness	thm:Soundness#thm:soundness;cor:_#cor:weak-soundness;cor:_#cor:consistency-soundness	missing	no_native_match_found	-	-	No active FormalOLP declaration was found for this substantive source section.
first-order-logic/proof-systems/axiomatic-deduction.tex	first-order-logic	section	selected	first-order-logic;propositional-logic	first-order-logic/proof-systems/proof-systems.tex	0	0	0	-	0	yes	450	Axiomatic \usetoken{P	derivation=1	-	-	missing	no_native_match_found	-	-	No active FormalOLP declaration was found for this substantive source section.
first-order-logic/proof-systems/introduction.tex	first-order-logic	section	selected	first-order-logic;propositional-logic	first-order-logic/proof-systems/proof-systems.tex	0	0	0	-	0	yes	667	Introduction	-	-	-	missing	no_native_match_found	-	-	No active FormalOLP declaration was found for this substantive source section.
first-order-logic/proof-systems/natural-deduction.tex	first-order-logic	section	selected	first-order-logic;propositional-logic	first-order-logic/proof-systems/proof-systems.tex	0	0	0	-	0	yes	565	Natural Deduction	prooftree=1	-	-	missing	no_native_match_found	-	-	No active FormalOLP declaration was found for this substantive source section.
first-order-logic/proof-systems/proof-systems.tex	first-order-logic	chapter	selected	first-order-logic;propositional-logic	first-order-logic/first-order-logic.tex;propositional-logic/propositional-logic.tex	5	0	0	-	0	yes	37	fol;pl	editorial=1	-	-	structural-container	aggregator	-	-	Aggregator/editorial import container; child source files are audited separately.
first-order-logic/proof-systems/sequent-calculus.tex	first-order-logic	section	selected	first-order-logic;propositional-logic	first-order-logic/proof-systems/proof-systems.tex	0	0	0	-	0	yes	307	The Sequent Calculus	prooftree=1	-	-	missing	no_native_match_found	-	-	No active FormalOLP declaration was found for this substantive source section.
first-order-logic/proof-systems/tableaux.tex	first-order-logic	section	selected	first-order-logic;propositional-logic	first-order-logic/proof-systems/proof-systems.tex	0	0	0	-	0	yes	406	\usetoken{P	oltableau=1	-	-	missing	no_native_match_found	-	-	No active FormalOLP declaration was found for this substantive source section.
first-order-logic/sequent-calculus/derivations.tex	first-order-logic	section	selected	first-order-logic;propositional-logic	first-order-logic/sequent-calculus/sequent-calculus.tex	0	0	0	-	0	yes	310	\usetoken{P	defn=1;ex=1;explain=1;prooftree=8	-	defn:$\Log{LK}$ !!{derivation}	missing	no_native_match_found	-	-	No active FormalOLP declaration was found for this substantive source section.
first-order-logic/sequent-calculus/identity.tex	first-order-logic	section	selected	first-order-logic;propositional-logic	first-order-logic/sequent-calculus/sequent-calculus.tex	0	0	0	-	0	yes	84	\usetoken{P	defn=1;ex=1;prob=1;defish=1;prooftree=2	-	defn:Initial sequents for $\eq$	missing	no_native_match_found	-	-	No active FormalOLP declaration was found for this substantive source section.
first-order-logic/sequent-calculus/proof-theoretic-notions.tex	first-order-logic	section	selected	first-order-logic;propositional-logic	first-order-logic/sequent-calculus/sequent-calculus.tex	0	0	0	-	0	yes	388	Proof-Theoretic Notions	defn=3;prop=5;prob=1;proof=5;explain=1;editorial=1;prooftree=2	prop:reflexivity;prop:monotonicity;prop:transitivity;prop:incons;prop:proves-compact	defn:Theorems;defn:!!^{derivability};defn:Consistency;prop:Reflexivity#prop:reflexivity;prop:Monotonicity#prop:monotonicity;prop:Transitivity#prop:transitivity;prop:_#prop:incons;prop:Compactness#prop:proves-compact	missing	no_native_match_found	-	-	No active FormalOLP declaration was found for this substantive source section.
first-order-logic/sequent-calculus/propositional-rules.tex	first-order-logic	section	selected	first-order-logic;propositional-logic	first-order-logic/sequent-calculus/sequent-calculus.tex	0	0	0	-	0	no	4	Propositional Rules;Rules for $\lnot$;Rules for $\land$;Rules for $\lor$;Rules for $\lif$	defish=4	-	-	missing	no_native_match_found	-	-	No active FormalOLP declaration was found for this substantive source section.
first-order-logic/sequent-calculus/provability-consistency.tex	first-order-logic	section	selected	first-order-logic;propositional-logic	first-order-logic/sequent-calculus/sequent-calculus.tex	0	0	0	-	0	yes	156	\usetoken{S	prop=4;prob=1;proof=4;prooftree=4	prop:provability-contr;prop:prov-incons;prop:explicit-inc;prop:provability-exhaustive	prop:_#prop:provability-contr;prop:_#prop:prov-incons;prop:_#prop:explicit-inc;prop:_#prop:provability-exhaustive	missing	no_native_match_found	-	-	No active FormalOLP declaration was found for this substantive source section.
first-order-logic/sequent-calculus/provability-propositional.tex	first-order-logic	section	selected	first-order-logic;propositional-logic	first-order-logic/sequent-calculus/sequent-calculus.tex	0	0	0	-	0	yes	99	\usetoken{S	prop=3;proof=3;explain=1;prooftree=6	prop:provability-land;prop:provability-land-left;prop:provability-land-right;prop:provability-lor;prop:provability-lif;prop:provability-lif-left;prop:provability-lif-right	prop:_#prop:provability-land,prop:provability-land-left,prop:provability-land-right;prop:_#prop:provability-lor;prop:_#prop:provability-lif,prop:provability-lif-left,prop:provability-lif-right	missing	no_native_match_found	-	-	No active FormalOLP declaration was found for this substantive source section.
first-order-logic/sequent-calculus/provability-quantifiers.tex	first-order-logic	section	selected	first-order-logic;propositional-logic	first-order-logic/sequent-calculus/sequent-calculus.tex	0	0	0	-	0	yes	73	\usetoken{S	thm=1;prop=1;proof=2;explain=1;prooftree=2	thm:strong-generalization;prop:provability-quantifiers	thm:_#thm:strong-generalization;prop:_#prop:provability-quantifiers	missing	no_native_match_found	-	-	No active FormalOLP declaration was found for this substantive source section.
first-order-logic/sequent-calculus/proving-things-quant.tex	first-order-logic	section	selected	first-order-logic;propositional-logic	first-order-logic/sequent-calculus/sequent-calculus.tex	0	0	0	-	0	yes	321	\usetoken{P	ex=1;prob=2;prooftree=4	-	-	missing	no_native_match_found	-	-	No active FormalOLP declaration was found for this substantive source section.
first-order-logic/sequent-calculus/proving-things.tex	first-order-logic	section	selected	first-order-logic;propositional-logic	first-order-logic/sequent-calculus/sequent-calculus.tex	0	0	0	-	0	yes	736	Examples of \usetoken{P	ex=4;prob=3;prooftree=18	-	-	missing	no_native_match_found	-	-	No active FormalOLP declaration was found for this substantive source section.
first-order-logic/sequent-calculus/quantifier-rules.tex	first-order-logic	section	selected	first-order-logic;propositional-logic	first-order-logic/sequent-calculus/sequent-calculus.tex	0	0	0	-	0	yes	238	Quantifier Rules;Rules for $\lforall$;Rules for $\lexists$	explain=2;defish=2;prooftree=2	-	-	missing	no_native_match_found	-	-	No active FormalOLP declaration was found for this substantive source section.
first-order-logic/sequent-calculus/rules-and-proofs.tex	first-order-logic	section	selected	first-order-logic;propositional-logic	first-order-logic/sequent-calculus/sequent-calculus.tex	0	0	0	-	0	yes	265	Rules and \usetoken{P	defn=2;explain=1	-	defn:Sequent;defn:Initial Sequent	missing	no_native_match_found	-	-	No active FormalOLP declaration was found for this substantive source section.
first-order-logic/sequent-calculus/sequent-calculus.tex	first-order-logic	chapter	selected	first-order-logic;propositional-logic	first-order-logic/first-order-logic.tex;propositional-logic/propositional-logic.tex	14	0	0	-	0	yes	45	fol;pl	editorial=1	-	-	structural-container	aggregator	-	-	Aggregator/editorial import container; child source files are audited separately.
first-order-logic/sequent-calculus/soundness-identity.tex	first-order-logic	section	selected	first-order-logic;propositional-logic	first-order-logic/sequent-calculus/sequent-calculus.tex	0	0	0	-	0	yes	137	Soundness with \usetoken{S	prop=1;proof=1	-	-	missing	no_native_match_found	-	-	No active FormalOLP declaration was found for this substantive source section.
first-order-logic/sequent-calculus/soundness.tex	first-order-logic	section	selected	first-order-logic;propositional-logic	first-order-logic/sequent-calculus/sequent-calculus.tex	0	0	0	-	0	yes	1193	Soundness	defn=1;thm=1;cor=3;prob=2;proof=3;explain=1;prooftree=10	thm:sequent-soundness;cor:weak-soundness;cor:entailment-soundness;cor:consistency-soundness	thm:Soundness#thm:sequent-soundness;cor:_#cor:weak-soundness;cor:_#cor:entailment-soundness;cor:_#cor:consistency-soundness	missing	no_native_match_found	-	-	No active FormalOLP declaration was found for this substantive source section.
first-order-logic/sequent-calculus/structural-rules.tex	first-order-logic	section	selected	first-order-logic;propositional-logic	first-order-logic/sequent-calculus/sequent-calculus.tex	0	0	0	-	0	yes	121	Structural Rules;Weakening;Contraction;Exchange	defish=4	-	-	missing	no_native_match_found	-	-	No active FormalOLP declaration was found for this substantive source section.
first-order-logic/syntax-and-semantics/assignments.tex	first-order-logic	section	selected	first-order-logic	first-order-logic/syntax-and-semantics/semantics.tex;first-order-logic/syntax-and-semantics/syntax-and-semantics.tex	0	0	0	-	0	yes	894	Variable Assignments	defn=2;prop=4;cor=1;prob=4;probtag=1;proof=5;explain=2	prop:valindep;prop:satindep;cor:sat-sentence;defn:satisfaction;defn:sat;prop:sentence-sat-true;prop:sat-quant	defn:_#defn:satisfaction;defn:_#defn:sat;prop:_#prop:valindep;prop:_#prop:satindep;prop:_#prop:sentence-sat-true;prop:_#prop:sat-quant;cor:_#cor:sat-sentence	missing	no_native_match_found	-	-	No active FormalOLP declaration was found for this substantive source section.
first-order-logic/syntax-and-semantics/covered-structures.tex	first-order-logic	section	selected	first-order-logic	first-order-logic/syntax-and-semantics/semantics.tex;first-order-logic/syntax-and-semantics/syntax-and-semantics.tex	0	0	0	-	0	yes	157	Covered \printtoken{P	defn=2;ex=1;prob=1;explain=1	-	defn:!!^{value} of closed terms;defn:Covered !!{structure}	missing	no_native_match_found	-	-	No active FormalOLP declaration was found for this substantive source section.
first-order-logic/syntax-and-semantics/extensionality.tex	first-order-logic	section	selected	first-order-logic	first-order-logic/syntax-and-semantics/semantics.tex;first-order-logic/syntax-and-semantics/syntax-and-semantics.tex	0	0	0	-	0	yes	335	Extensionality	prop=3;cor=1;prob=2;proof=4;explain=2	prop:extensionality;cor:extensionality-sent;prop:ext-terms;prop:ext-formulas	prop:Extensionality#prop:extensionality;prop:_#prop:ext-terms;prop:_#prop:ext-formulas;cor:Extensionality for !!^{sentence}s#cor:extensionality-sent	missing	no_native_match_found	-	-	No active FormalOLP declaration was found for this substantive source section.
first-order-logic/syntax-and-semantics/first-order-languages.tex	first-order-logic	section	selected	first-order-logic	first-order-logic/syntax-and-semantics/syntax-and-semantics.tex;first-order-logic/syntax-and-semantics/syntax.tex	0	0	0	-	0	yes	581	First-Order Languages	ex=3;explain=3;intro=1	-	-	missing	no_native_match_found	-	-	No active FormalOLP declaration was found for this substantive source section.
first-order-logic/syntax-and-semantics/formation-sequences.tex	first-order-logic	section	selected	first-order-logic	first-order-logic/syntax-and-semantics/syntax-and-semantics.tex;first-order-logic/syntax-and-semantics/syntax.tex	0	0	0	-	0	yes	774	Formation Sequences	defn=4;thm=1;prop=3;lem=1;ex=3;prob=3;proof=5;history=1	defn:string;defn:fseq-trm;defn:fseq-frm;prop:formed;lem:fseq-init;thm:fseq-frm-equiv;prop:fseq-trm-equiv;defn:minimal-fseq;prop:subformula-equivs	defn:Strings#defn:string;defn:Formation sequences for terms#defn:fseq-trm;defn:Formation sequences for formulas#defn:fseq-frm;defn:Minimal formation sequences#defn:minimal-fseq;thm:_#thm:fseq-frm-equiv;prop:_#prop:formed;prop:_#prop:fseq-trm-equiv;prop:_#prop:subformula-equivs;lem:_#lem:fseq-init	missing	no_native_match_found	-	-	No active FormalOLP declaration was found for this substantive source section.
first-order-logic/syntax-and-semantics/free-vars-sentences.tex	first-order-logic	section	selected	first-order-logic	first-order-logic/syntax-and-semantics/syntax-and-semantics.tex;first-order-logic/syntax-and-semantics/syntax.tex	0	0	0	-	0	yes	299	Free \printtoken{P	defn=4;ex=1;prob=1	defn:free-occ	defn:Free occurrences of !!a{variable}#defn:free-occ;defn:Bound Variables;defn:Scope;defn:Sentence	missing	no_native_match_found	-	-	No active FormalOLP declaration was found for this substantive source section.
first-order-logic/syntax-and-semantics/intro-semantics.tex	first-order-logic	section	selected	first-order-logic	first-order-logic/syntax-and-semantics/semantics.tex	0	0	0	-	0	yes	295	Introduction	-	-	-	missing	no_native_match_found	-	-	No active FormalOLP declaration was found for this substantive source section.
first-order-logic/syntax-and-semantics/intro-syntax.tex	first-order-logic	section	selected	first-order-logic	first-order-logic/syntax-and-semantics/syntax.tex	0	0	0	-	0	yes	182	Introduction	-	-	-	missing	no_native_match_found	-	-	No active FormalOLP declaration was found for this substantive source section.
first-order-logic/syntax-and-semantics/introduction.tex	first-order-logic	section	orphan_or_unselected	-	first-order-logic/syntax-and-semantics/syntax-and-semantics.tex	0	0	0	-	0	yes	475	Introduction	-	-	-	missing	no_native_match_found	-	-	No active FormalOLP declaration was found for this substantive source section.
first-order-logic/syntax-and-semantics/main-operator.tex	first-order-logic	section	selected	first-order-logic	first-order-logic/syntax-and-semantics/syntax-and-semantics.tex;first-order-logic/syntax-and-semantics/syntax.tex	0	0	0	-	0	yes	290	\printtoken{S	defn=1;explain=2;table=1	def:main-op;tab:main-op	defn:!!^{main operator}#def:main-op	missing	no_native_match_found	-	-	No active FormalOLP declaration was found for this substantive source section.
first-order-logic/syntax-and-semantics/satisfaction.tex	first-order-logic	section	selected	first-order-logic	first-order-logic/syntax-and-semantics/semantics.tex;first-order-logic/syntax-and-semantics/syntax-and-semantics.tex	0	0	0	-	0	yes	1127	Satisfaction of \article{formula	defn=5;prop=2;ex=1;prob=3;proof=2;explain=4	defn:satisfaction;prop:sat-ex;prop:sat-all	defn:Variable Assignment;defn:!!^{value} of Terms;defn:$x$-Variant;defn:Satisfaction#defn:satisfaction;prop:_#prop:sat-ex;prop:_#prop:sat-all	missing	no_native_match_found	-	-	No active FormalOLP declaration was found for this substantive source section.
first-order-logic/syntax-and-semantics/semantic-notions.tex	first-order-logic	section	selected	first-order-logic	first-order-logic/syntax-and-semantics/semantics.tex;first-order-logic/syntax-and-semantics/syntax-and-semantics.tex	0	0	0	-	0	yes	385	Semantic Notions	defn=3;thm=1;prop=4;prob=1;probtag=1;proof=5;explain=1	prop:entails-unsat;thm:sem-deduction;prop:quant-terms	defn:Validity;defn:Entailment;defn:Satisfiability;thm:Semantic Deduction Theorem#thm:sem-deduction;prop:_#prop:entails-unsat;prop:_#prop:quant-terms	partial/weaker	manual_fragment_match	FormalOLP/FirstOrderLogic/SemanticNotions.lean	FormalOLP/FirstOrderLogic/SemanticNotions.lean:35-65	Sentence/theory semantics use Mathlib syntax and cover membership, monotonicity, negation-unsatisfiability, and deduction; term/formula-wide source API is absent.
first-order-logic/syntax-and-semantics/semantics.tex	first-order-logic	chapter	selected	first-order-logic	first-order-logic/first-order-logic.tex	7	0	0	-	0	no	6	fol	-	-	-	structural-container	aggregator	-	-	Aggregator/editorial import container; child source files are audited separately.
first-order-logic/syntax-and-semantics/structures.tex	first-order-logic	section	selected	first-order-logic	first-order-logic/syntax-and-semantics/semantics.tex;first-order-logic/syntax-and-semantics/syntax-and-semantics.tex	0	0	0	-	0	yes	420	\printtoken{P	defn=1;ex=2;explain=1;digress=1	-	defn:!!^{structure}s	missing	no_native_match_found	-	-	No active FormalOLP declaration was found for this substantive source section.
first-order-logic/syntax-and-semantics/subformulas.tex	first-order-logic	section	selected	first-order-logic	first-order-logic/syntax-and-semantics/syntax-and-semantics.tex;first-order-logic/syntax-and-semantics/syntax.tex	0	0	0	-	0	yes	384	\printtoken{P	defn=3;prop=2;prob=2;explain=2	prop:subfrm-trans;prop:count-subfrms	defn:Immediate !!^{subformula};defn:Proper !!^{subformula};defn:!!^{subformula};prop:_#prop:subfrm-trans;prop:_#prop:count-subfrms	missing	no_native_match_found	-	-	No active FormalOLP declaration was found for this substantive source section.
first-order-logic/syntax-and-semantics/substitution.tex	first-order-logic	section	selected	first-order-logic	first-order-logic/syntax-and-semantics/syntax-and-semantics.tex;first-order-logic/syntax-and-semantics/syntax.tex	0	0	0	-	0	yes	320	Substitution	defn=3;ex=1;explain=1	-	defn:Substitution in a term;defn:Substitution in !!a{formula}	missing	no_native_match_found	-	-	No active FormalOLP declaration was found for this substantive source section.
first-order-logic/syntax-and-semantics/syntax-and-semantics.tex	first-order-logic	chapter	orphan_or_unselected	-	-	15	0	0	-	0	no	4	fol	-	-	-	structural-container	aggregator	-	-	Aggregator/editorial import container; child source files are audited separately.
first-order-logic/syntax-and-semantics/syntax.tex	first-order-logic	chapter	selected	first-order-logic	first-order-logic/first-order-logic.tex	9	0	0	-	0	no	6	fol	-	-	-	structural-container	aggregator	-	-	Aggregator/editorial import container; child source files are audited separately.
first-order-logic/syntax-and-semantics/terms-formulas.tex	first-order-logic	section	selected	first-order-logic	first-order-logic/syntax-and-semantics/syntax-and-semantics.tex;first-order-logic/syntax-and-semantics/syntax.tex	0	0	0	-	0	yes	789	Terms and \printtoken{P	defn=4;lem=2;prob=1;explain=2;intro=1	defn:terms;defn:formulas;lem:trmind;thm:frmind	defn:Terms#defn:terms;defn:Formulas#defn:formulas;defn:Syntactic identity;lem:\emph{Principle of induction on terms}#lem:trmind;lem:\emph{Principle of induction on !!{formula}s}#thm:frmind	missing	no_native_match_found	-	-	No active FormalOLP declaration was found for this substantive source section.
first-order-logic/syntax-and-semantics/unique-readability.tex	first-order-logic	section	selected	first-order-logic	first-order-logic/syntax-and-semantics/syntax-and-semantics.tex;first-order-logic/syntax-and-semantics/syntax.tex	0	0	0	-	0	yes	720	Unique Readability	defn=1;prop=2;lem=2;prob=3;proof=4;explain=1;quote=1	lem:no-prefix;prop:unique-atomic	defn:Proper prefix;prop:_#prop:unique-atomic;prop:Unique Readability;lem:_#lem:no-prefix	missing	no_native_match_found	-	-	No active FormalOLP declaration was found for this substantive source section.
first-order-logic/tableaux/derivations.tex	first-order-logic	section	selected	first-order-logic;propositional-logic	first-order-logic/tableaux/tableaux.tex	0	0	0	-	0	yes	347	\usetoken{P	defn=1;ex=1;explain=1	-	defn:!!^{tableau}	missing	no_native_match_found	-	-	No active FormalOLP declaration was found for this substantive source section.
first-order-logic/tableaux/identity.tex	first-order-logic	section	selected	first-order-logic;propositional-logic	first-order-logic/tableaux/tableaux.tex	0	0	0	-	0	yes	160	\usetoken{P	ex=1;prob=1;defish=1;oltableau=3	-	-	missing	no_native_match_found	-	-	No active FormalOLP declaration was found for this substantive source section.
first-order-logic/tableaux/proof-theoretic-notions.tex	first-order-logic	section	selected	first-order-logic;propositional-logic	first-order-logic/tableaux/tableaux.tex	0	0	0	-	0	yes	355	Proof-Theoretic Notions	defn=3;prop=5;prob=2;proof=5;explain=1;editorial=1;oltableau=1	prop:reflexivity;prop:monotonicity;prop:transitivity;prop:incons;prop:proves-compact	defn:Theorems;defn:!!^{derivability};defn:Consistency;prop:Reflexivity#prop:reflexivity;prop:Monotonicity#prop:monotonicity;prop:Transitivity#prop:transitivity;prop:_#prop:incons;prop:Compactness#prop:proves-compact	missing	no_native_match_found	-	-	No active FormalOLP declaration was found for this substantive source section.
first-order-logic/tableaux/propositional-rules.tex	first-order-logic	section	selected	first-order-logic;propositional-logic	first-order-logic/tableaux/tableaux.tex	0	0	0	-	0	yes	56	Propositional Rules;Rules for $\lnot$;Rules for $\land$;Rules for $\lor$;Rules for $\lif$;The Cut Rule	defish=5	-	-	missing	no_native_match_found	-	-	No active FormalOLP declaration was found for this substantive source section.
first-order-logic/tableaux/provability-consistency.tex	first-order-logic	section	selected	first-order-logic;propositional-logic	first-order-logic/tableaux/tableaux.tex	0	0	0	-	0	yes	510	\usetoken{S	prop=4;prob=1;proof=4	prop:provability-contr;prop:prov-incons;prop:explicit-inc;prop:provability-exhaustive	prop:_#prop:provability-contr;prop:_#prop:prov-incons;prop:_#prop:explicit-inc;prop:_#prop:provability-exhaustive	missing	no_native_match_found	-	-	No active FormalOLP declaration was found for this substantive source section.
first-order-logic/tableaux/provability-propositional.tex	first-order-logic	section	selected	first-order-logic;propositional-logic	first-order-logic/tableaux/tableaux.tex	0	0	0	-	0	yes	136	\usetoken{S	prop=3;proof=3;explain=1;oltableau=9	prop:provability-land;prop:provability-land-left;prop:provability-land-right;prop:provability-lor;prop:provability-lif;prop:provability-lif-left;prop:provability-lif-right	prop:_#prop:provability-land,prop:provability-land-left,prop:provability-land-right;prop:_#prop:provability-lor;prop:_#prop:provability-lif,prop:provability-lif-left,prop:provability-lif-right	missing	no_native_match_found	-	-	No active FormalOLP declaration was found for this substantive source section.
first-order-logic/tableaux/provability-quantifiers.tex	first-order-logic	section	selected	first-order-logic;propositional-logic	first-order-logic/tableaux/tableaux.tex	0	0	0	-	0	yes	142	\usetoken{S	thm=1;prop=1;proof=2;explain=1;oltableau=2	thm:strong-generalization;prop:provability-quantifiers	thm:_#thm:strong-generalization;prop:_#prop:provability-quantifiers	missing	no_native_match_found	-	-	No active FormalOLP declaration was found for this substantive source section.
first-order-logic/tableaux/proving-things-quant.tex	first-order-logic	section	selected	first-order-logic;propositional-logic	first-order-logic/tableaux/tableaux.tex	0	0	0	-	0	yes	544	\usetoken{P	ex=3;prob=2;oltableau=15	-	-	missing	no_native_match_found	-	-	No active FormalOLP declaration was found for this substantive source section.
first-order-logic/tableaux/proving-things.tex	first-order-logic	section	selected	first-order-logic;propositional-logic	first-order-logic/tableaux/tableaux.tex	0	0	0	-	0	yes	783	Examples of \usetoken{P	ex=3;prob=3;oltableau=14	-	-	missing	no_native_match_found	-	-	No active FormalOLP declaration was found for this substantive source section.
first-order-logic/tableaux/quantifier-rules.tex	first-order-logic	section	selected	first-order-logic;propositional-logic	first-order-logic/tableaux/tableaux.tex	0	0	0	-	0	yes	218	Quantifier Rules;Rules for $\lforall$;Rules for $\lexists$	explain=2;defish=2;prooftree=1	-	-	missing	no_native_match_found	-	-	No active FormalOLP declaration was found for this substantive source section.
first-order-logic/tableaux/rules-and-proofs.tex	first-order-logic	section	selected	first-order-logic;propositional-logic	first-order-logic/tableaux/tableaux.tex	0	0	0	-	0	yes	289	Rules and \usetoken{P	defn=1	-	-	missing	no_native_match_found	-	-	No active FormalOLP declaration was found for this substantive source section.
first-order-logic/tableaux/soundness-identity.tex	first-order-logic	section	selected	first-order-logic;propositional-logic	first-order-logic/tableaux/tableaux.tex	0	0	0	-	0	yes	137	Soundness with \usetoken{S	prop=1;proof=1	-	-	missing	no_native_match_found	-	-	No active FormalOLP declaration was found for this substantive source section.
first-order-logic/tableaux/soundness.tex	first-order-logic	section	selected	first-order-logic;propositional-logic	first-order-logic/tableaux/tableaux.tex	0	0	0	-	0	yes	881	Soundness	defn=1;thm=1;cor=3;prob=2;proof=3;explain=1	thm:tableau-soundness;cor:weak-soundness;cor:entailment-soundness;cor:consistency-soundness	thm:Soundness#thm:tableau-soundness;cor:_#cor:weak-soundness;cor:_#cor:entailment-soundness;cor:_#cor:consistency-soundness	missing	no_native_match_found	-	-	No active FormalOLP declaration was found for this substantive source section.
first-order-logic/tableaux/tableaux.tex	first-order-logic	chapter	selected	first-order-logic;propositional-logic	first-order-logic/first-order-logic.tex;propositional-logic/propositional-logic.tex	13	0	0	-	0	yes	27	fol;pl	editorial=1	-	-	structural-container	aggregator	-	-	Aggregator/editorial import container; child source files are audited separately.
history/biographies/alan-turing.tex	history	section	selected	history	history/biographies/biographies.tex	0	0	0	-	0	yes	480	Alan Turing	reading=1	-	-	non-formal-exposition	documentation_scope	-	-	Historical, biographical, or narrative material; no Lean theorem target is claimed.
history/biographies/alfred-tarski.tex	history	section	selected	history	history/biographies/biographies.tex	0	0	0	-	0	yes	319	Alfred Tarski	reading=1	-	-	non-formal-exposition	documentation_scope	-	-	Historical, biographical, or narrative material; no Lean theorem target is claimed.
history/biographies/alonzo-church.tex	history	section	selected	history	history/biographies/biographies.tex	0	0	0	-	0	yes	284	Alonzo Church	reading=1	-	-	non-formal-exposition	documentation_scope	-	-	Historical, biographical, or narrative material; no Lean theorem target is claimed.
history/biographies/bertrand-russell.tex	history	section	selected	history	history/biographies/biographies.tex	0	0	0	-	0	yes	425	Bertrand Russell	reading=1	-	-	non-formal-exposition	documentation_scope	-	-	Historical, biographical, or narrative material; no Lean theorem target is claimed.
history/biographies/biographies.tex	history	chapter	selected	history	history/history.tex	11	0	0	-	0	no	2	his	-	-	-	structural-container	aggregator	-	-	Part/chapter container with imports or section assembly; substantive child sections are audited separately.
history/biographies/emmy-noether.tex	history	section	selected	history	history/biographies/biographies.tex	0	0	0	-	0	yes	489	Emmy Noether	reading=1	-	-	non-formal-exposition	documentation_scope	-	-	Historical, biographical, or narrative material; no Lean theorem target is claimed.
history/biographies/ernst-zermelo.tex	history	section	selected	history	history/biographies/biographies.tex	0	0	0	-	0	yes	341	Ernst Zermelo	reading=1	-	-	non-formal-exposition	documentation_scope	-	-	Historical, biographical, or narrative material; no Lean theorem target is claimed.
history/biographies/georg-cantor.tex	history	section	selected	history	history/biographies/biographies.tex	0	0	0	-	0	yes	245	Georg Cantor	reading=1	-	-	non-formal-exposition	documentation_scope	-	-	Historical, biographical, or narrative material; no Lean theorem target is claimed.
history/biographies/gerhard-gentzen.tex	history	section	selected	history	history/biographies/biographies.tex	0	0	0	-	0	yes	399	Gerhard Gentzen	reading=1	-	-	non-formal-exposition	documentation_scope	-	-	Historical, biographical, or narrative material; no Lean theorem target is claimed.
history/biographies/julia-robinson.tex	history	section	selected	history	history/biographies/biographies.tex	0	0	0	-	0	yes	638	Julia Robinson	reading=1	-	-	non-formal-exposition	documentation_scope	-	-	Historical, biographical, or narrative material; no Lean theorem target is claimed.
history/biographies/kurt-goedel.tex	history	section	selected	history	history/biographies/biographies.tex	0	0	0	-	0	yes	461	"Kurt G\""odel"	reading=1	-	-	non-formal-exposition	documentation_scope	-	-	Historical, biographical, or narrative material; no Lean theorem target is claimed.
history/biographies/rozsa-peter.tex	history	section	selected	history	history/biographies/biographies.tex	0	0	0	-	0	yes	498	R\'ozsa P\'eter	reading=1	-	-	non-formal-exposition	documentation_scope	-	-	Historical, biographical, or narrative material; no Lean theorem target is claimed.
history/history.tex	history	part	selected	history	content.tex	2	0	0	-	0	no	1	his	-	-	-	structural-container	aggregator	-	-	Part/chapter container with imports or section assembly; substantive child sections are audited separately.
history/set-theory/cantor-plane.tex	history	section	selected	history	history/set-theory/set-theory.tex	0	0	0	-	0	yes	324	Cantor on the Line and the Plane	thm=1;proof=2	thm:cantorplane	thm:_#thm:cantorplane	missing	none	-	-	Substantive historical mathematics (theorem, definition, or worked analysis) has no active Lean declaration.
history/set-theory/hilbert-curve.tex	history	section	selected	history	history/set-theory/set-theory.tex	0	0	0	-	0	yes	818	Appendix: Hilbert's Space-filling Curves	defn=1	-	-	missing	none	-	-	Substantive historical mathematics (theorem, definition, or worked analysis) has no active Lean declaration.
history/set-theory/infinitesimals.tex	history	section	selected	history	history/set-theory/set-theory.tex	0	0	0	-	0	yes	449	Infinitesimals and Differentiation	quote=2	-	-	missing	none	-	-	Substantive historical mathematics (theorem, definition, or worked analysis) has no active Lean declaration.
history/set-theory/limits.tex	history	section	selected	history	history/set-theory/set-theory.tex	0	0	0	-	0	yes	423	Rigorous Definition of Limits	-	-	-	missing	none	-	-	Substantive historical mathematics (theorem, definition, or worked analysis) has no active Lean declaration.
history/set-theory/mythology.tex	history	section	selected	history	history/set-theory/set-theory.tex	0	0	0	-	0	yes	292	More Myth than History?	quote=1	-	-	non-formal-exposition	documentation_scope	-	-	Historical, biographical, or narrative material; no Lean theorem target is claimed.
history/set-theory/pathologies.tex	history	section	selected	history	history/set-theory/set-theory.tex	0	0	0	-	0	yes	633	Pathologies	quote=1	-	-	missing	none	-	-	Substantive historical mathematics (theorem, definition, or worked analysis) has no active Lean declaration.
history/set-theory/set-theory.tex	history	chapter	selected	history	history/history.tex	6	0	0	-	0	yes	20	his	editorial=1	-	-	structural-container	aggregator	-	-	Part/chapter container with imports or section assembly; substantive child sections are audited separately.
incompleteness/arithmetization-syntax/arithmetization-syntax.tex	incompleteness	chapter	selected	incompleteness	incompleteness/incompleteness.tex	8	0	0	-	0	yes	14	inc	editorial=1	-	-	structural-container	aggregator	-	-	Part/chapter container with imports or section assembly; substantive child sections are audited separately.
incompleteness/arithmetization-syntax/coding-formulas.tex	incompleteness	section	selected	incompleteness	incompleteness/arithmetization-syntax/arithmetization-syntax.tex	0	0	0	-	0	yes	227	Coding \printtoken{P	prop=4;prob=2;proof=4	prop:frm-primrec;prop:freeocc-primrec	prop:_#prop:frm-primrec;prop:_#prop:freeocc-primrec	missing	none	-	-	No active declaration covers this arithmetization, representability, provability, or incompleteness result.
incompleteness/arithmetization-syntax/coding-symbols.tex	incompleteness	section	selected	incompleteness	incompleteness/arithmetization-syntax/arithmetization-syntax.tex	0	0	0	-	0	yes	319	Coding Symbols	defn=2;prop=1;ex=1;explain=1	-	-	missing	none	-	-	No active declaration covers this arithmetization, representability, provability, or incompleteness result.
incompleteness/arithmetization-syntax/coding-terms.tex	incompleteness	section	selected	incompleteness	incompleteness/arithmetization-syntax/arithmetization-syntax.tex	0	0	0	-	0	yes	468	Coding Terms	prop=2;prob=1;proof=2;explain=1	prop:term-primrec;prop:num-primrec	prop:_#prop:term-primrec;prop:_#prop:num-primrec	missing	none	-	-	No active declaration covers this arithmetization, representability, provability, or incompleteness result.
incompleteness/arithmetization-syntax/introduction.tex	incompleteness	section	selected	incompleteness	incompleteness/arithmetization-syntax/arithmetization-syntax.tex	0	0	0	-	0	yes	689	Introduction	-	-	-	missing	none	-	-	No active declaration covers this arithmetization, representability, provability, or incompleteness result.
incompleteness/arithmetization-syntax/proofs-in-ax.tex	incompleteness	section	selected	incompleteness	incompleteness/arithmetization-syntax/arithmetization-syntax.tex	0	0	0	-	0	yes	858	Axiomatic \usetoken{P	defn=1;prop=2;ex=1;prob=1;proof=2;explain=2;derivation=1	prop:followsby	prop:_#prop:followsby	missing	none	-	-	No active declaration covers this arithmetization, representability, provability, or incompleteness result.
incompleteness/arithmetization-syntax/proofs-in-lk.tex	incompleteness	section	selected	incompleteness	incompleteness/arithmetization-syntax/arithmetization-syntax.tex	0	0	0	-	0	yes	834	\usetoken{P	defn=1;prop=3;ex=1;prob=1;proof=3;explain=2;prooftree=2	prop:followsby;prop:deriv	prop:_#prop:followsby;prop:_#prop:deriv	missing	none	-	-	No active declaration covers this arithmetization, representability, provability, or incompleteness result.
incompleteness/arithmetization-syntax/proofs-in-nd.tex	incompleteness	section	selected	incompleteness	incompleteness/arithmetization-syntax/arithmetization-syntax.tex	0	0	0	-	0	yes	1103	\usetoken{P	defn=1;prop=5;ex=1;prob=1;proof=5;explain=2;prooftree=2	prop:followsby;prop:deriv;prop:openassum;prop:prf-prim-rec	prop:_#prop:followsby;prop:_#prop:deriv;prop:_#prop:openassum;prop:_#prop:prf-prim-rec	missing	none	-	-	No active declaration covers this arithmetization, representability, provability, or incompleteness result.
incompleteness/arithmetization-syntax/substitution.tex	incompleteness	section	selected	incompleteness	incompleteness/arithmetization-syntax/arithmetization-syntax.tex	0	0	0	-	0	yes	94	Substitution	prop=2;prob=1;proof=2	prop:subst-primrec;prop:free-for	prop:_#prop:subst-primrec;prop:_#prop:free-for	missing	none	-	-	No active declaration covers this arithmetization, representability, provability, or incompleteness result.
incompleteness/incompleteness-provability/first-incompleteness-thm.tex	incompleteness	section	selected	incompleteness	incompleteness/incompleteness-provability/incompleteness-provability.tex	0	0	0	-	0	yes	489	The First Incompleteness Theorem	defn=1;thm=1;lem=2;prob=1;proof=3	eqn:qpf;lem:cons-G-unprov;thm:oconsis-q;lem:omega-cons-G-unref;thm:first-incompleteness	defn:_#thm:oconsis-q;thm:_#thm:first-incompleteness;lem:_#lem:cons-G-unprov;lem:_#lem:omega-cons-G-unref	missing	none	-	-	No active declaration covers this arithmetization, representability, provability, or incompleteness result.
incompleteness/incompleteness-provability/fixed-point-lemma.tex	incompleteness	section	selected	incompleteness	incompleteness/incompleteness-provability/incompleteness-provability.tex	0	0	0	-	0	yes	591	The Fixed-Point Lemma	lem=1;prob=1;proof=1;explain=1;digress=1	lem:fixed-point;repdiag1;repdiag2	lem:_#lem:fixed-point	missing	none	-	-	No active declaration covers this arithmetization, representability, provability, or incompleteness result.
incompleteness/incompleteness-provability/godels-paper.tex	incompleteness	section	selected	incompleteness	incompleteness/incompleteness-provability/incompleteness-provability.tex	0	0	0	-	0	yes	167	"Comparison with G\""odel's Original Paper"	-	-	-	missing	none	-	-	No active declaration covers this arithmetization, representability, provability, or incompleteness result.
incompleteness/incompleteness-provability/incompleteness-provability.tex	incompleteness	chapter	selected	incompleteness	incompleteness/incompleteness.tex	9	0	0	-	0	no	4	inc	-	-	-	structural-container	aggregator	-	-	Part/chapter container with imports or section assembly; substantive child sections are audited separately.
incompleteness/incompleteness-provability/introduction.tex	incompleteness	section	selected	incompleteness	incompleteness/incompleteness-provability/incompleteness-provability.tex	0	0	0	-	0	yes	574	Introduction	lem=1;quote=1	-	-	missing	none	-	-	No active declaration covers this arithmetization, representability, provability, or incompleteness result.
incompleteness/incompleteness-provability/lob-thm.tex	incompleteness	section	selected	incompleteness	incompleteness/incompleteness-provability/incompleteness-provability.tex	0	0	0	-	0	yes	544	"L\""ob's Theorem"	thm=1;prob=1;proof=1;explain=1	thm:lob;L-1;L-2;L-3;L-4;L-5;L-6;L-7;L-8;L-9;L-10;L-11;L-12	thm:_#thm:lob	missing	none	-	-	No active declaration covers this arithmetization, representability, provability, or incompleteness result.
incompleteness/incompleteness-provability/provability-conditions.tex	incompleteness	section	selected	incompleteness	incompleteness/incompleteness-provability/incompleteness-provability.tex	0	0	0	-	0	yes	360	The \usetoken{S	digress=1	-	-	missing	none	-	-	No active declaration covers this arithmetization, representability, provability, or incompleteness result.
incompleteness/incompleteness-provability/rosser-thm.tex	incompleteness	section	selected	incompleteness	incompleteness/incompleteness-provability/incompleteness-provability.tex	0	0	0	-	0	yes	501	Rosser's Theorem	thm=1;prob=1;proof=1	thm:rosser;RT	thm:_#thm:rosser	missing	none	-	-	No active declaration covers this arithmetization, representability, provability, or incompleteness result.
incompleteness/incompleteness-provability/second-incompleteness-thm.tex	incompleteness	section	selected	incompleteness	incompleteness/incompleteness-provability/incompleteness-provability.tex	0	0	0	-	0	yes	457	The Second Incompleteness Theorem	thm=2;prob=1;digress=1	thm:second-incompleteness;G2-1;G2-2;G2-3;G2-4;G2-5;G2-6;G2-7;G2-8;G2-9;thm:second-incompleteness-gen	thm:_#thm:second-incompleteness;thm:_#thm:second-incompleteness-gen	missing	none	-	-	No active declaration covers this arithmetization, representability, provability, or incompleteness result.
incompleteness/incompleteness-provability/tarski-thm.tex	incompleteness	section	selected	incompleteness	incompleteness/incompleteness-provability/incompleteness-provability.tex	0	0	0	-	0	yes	474	The Undefinability of Truth	defn=1;thm=1;lem=2;prob=1;proof=3;quote=2	thm:tarski	thm:_#thm:tarski	missing	none	-	-	No active declaration covers this arithmetization, representability, provability, or incompleteness result.
incompleteness/incompleteness.tex	incompleteness	part	selected	incompleteness	content.tex	5	0	0	-	0	yes	45	inc	editorial=1	-	-	structural-container	aggregator	-	-	Part/chapter container with imports or section assembly; substantive child sections are audited separately.
incompleteness/introduction/definitions.tex	incompleteness	section	selected	incompleteness	incompleteness/introduction/introduction.tex	0	0	0	-	0	yes	1513	Definitions	defn=12;ex=1;explain=2	def:standard-model	defn:_#def:standard-model	partial/weaker	manual_fragment_match	FormalOLP/Incompleteness/RobinsonArithmetic.lean	FormalOLP.Incompleteness.QFunction; FormalOLP.Incompleteness.QLanguage; FormalOLP.Incompleteness.QBounded; FormalOLP.Incompleteness.robinsonQ; FormalOLP.Incompleteness.standardNatModel; FormalOLP.Incompleteness.robinsonQ_isSatisfiable	Robinson-Q language, axioms, standard model, and satisfiability are covered; source arithmetization, representability, and incompleteness proofs are absent.
incompleteness/introduction/historical-background.tex	incompleteness	section	selected	incompleteness	incompleteness/introduction/introduction.tex	0	0	0	-	0	yes	1798	Historical Background	digress=1	-	-	missing	none	-	-	No active declaration covers this arithmetization, representability, provability, or incompleteness result.
incompleteness/introduction/introduction.tex	incompleteness	chapter	selected	incompleteness	incompleteness/incompleteness.tex	4	0	0	-	0	no	4	inc	-	-	-	structural-container	aggregator	-	-	Part/chapter container with imports or section assembly; substantive child sections are audited separately.
incompleteness/introduction/overview.tex	incompleteness	section	selected	incompleteness	incompleteness/introduction/introduction.tex	0	0	0	-	0	yes	651	Overview of Incompleteness Results	thm=1	-	-	missing	none	-	-	The source states the general first and second incompleteness results; the native Robinson-Q model fragment does not prove them.
incompleteness/introduction/undecidability.tex	incompleteness	section	selected	incompleteness	incompleteness/introduction/introduction.tex	0	0	0	-	0	yes	654	Undecidability and Incompleteness	thm=2;cor=1;prob=1;proof=3;explain=1	cor:incompleteness	cor:_#cor:incompleteness	missing	none	-	-	No active declaration covers this arithmetization, representability, provability, or incompleteness result.
incompleteness/representability-in-q/basic-representable.tex	incompleteness	section	selected	incompleteness	incompleteness/representability-in-q/representability-in-q.tex	0	0	0	-	0	yes	622	Basic Functions are Representable in~$\Th{Q	prop=6;lem=3;prob=3;proof=6;explain=2	prop:rep-zero;prop:rep-succ;prop:rep-proj;prop:rep-id;lem:q-proves-neq;prop:rep-add;lem:q-proves-add;prop:rep-mult;lem:q-proves-mult	prop:_#prop:rep-zero;prop:_#prop:rep-succ;prop:_#prop:rep-proj;prop:_#prop:rep-id;prop:_#prop:rep-add;prop:_#prop:rep-mult;lem:_#lem:q-proves-neq;lem:_#lem:q-proves-add;lem:_#lem:q-proves-mult	missing	none	-	-	No active declaration covers this arithmetization, representability, provability, or incompleteness result.
incompleteness/representability-in-q/beta-function.tex	incompleteness	section	selected	incompleteness	incompleteness/representability-in-q/representability-in-q.tex	0	0	0	-	0	yes	628	The Beta Function Lemma	defn=2;thm=1;lem=1;prob=1	lem:beta;rel-prime;less	lem:_#lem:beta	missing	none	-	-	No active declaration covers this arithmetization, representability, provability, or incompleteness result.
incompleteness/representability-in-q/c-representable.tex	incompleteness	section	orphan_or_unselected	-	-	0	0	0	-	0	yes	735	Functions in $C$ are Representable in $\Th{Q	lem=3;proof=3;explain=1	-	-	missing	none	-	-	No active declaration covers this arithmetization, representability, provability, or incompleteness result.
incompleteness/representability-in-q/c.tex	incompleteness	section	orphan_or_unselected	-	-	0	0	0	-	0	yes	105	The Functions $C$	-	-	-	missing	none	-	-	No active declaration covers this arithmetization, representability, provability, or incompleteness result.
incompleteness/representability-in-q/comp-representable.tex	incompleteness	section	selected	incompleteness	incompleteness/representability-in-q/representability-in-q.tex	0	0	0	-	0	yes	288	Computable Functions are Representable in $\Th{Q	thm=1;proof=1;explain=1	-	-	missing	none	-	-	No active declaration covers this arithmetization, representability, provability, or incompleteness result.
incompleteness/representability-in-q/composition-representable.tex	incompleteness	section	selected	incompleteness	incompleteness/representability-in-q/representability-in-q.tex	0	0	0	-	0	yes	138	Composition is Representable in $\Th{Q	prop=3;prob=1;proof=3	prop:rep1;prop:rep2;prop:rep-composition	prop:_#prop:rep1;prop:_#prop:rep2;prop:_#prop:rep-composition	missing	none	-	-	No active declaration covers this arithmetization, representability, provability, or incompleteness result.
incompleteness/representability-in-q/introduction.tex	incompleteness	section	selected	incompleteness	incompleteness/representability-in-q/representability-in-q.tex	0	0	0	-	0	yes	659	Introduction	defn=1;thm=1;quote=1	defn:representable-fn;defn:rep:a;defn:rep:b;thm:representable-iff-comp	defn:_#defn:representable-fn,defn:rep:a,defn:rep:b;thm:_#thm:representable-iff-comp	missing	none	-	-	No active declaration covers this arithmetization, representability, provability, or incompleteness result.
incompleteness/representability-in-q/minimization-representable.tex	incompleteness	section	selected	incompleteness	incompleteness/representability-in-q/representability-in-q.tex	0	0	0	-	0	yes	598	Regular Minimization is Representable in $\Th{Q	prop=1;lem=4;proof=5	lem:succ;step1;step2;step3;step5;step6;lem:less-zero;lem:less-nsucc;lem:trichotomy;prop:rep-minimization;rep-less	prop:_#prop:rep-minimization;lem:_#lem:succ;lem:_#lem:less-zero;lem:_#lem:less-nsucc;lem:_#lem:trichotomy	missing	none	-	-	No active declaration covers this arithmetization, representability, provability, or incompleteness result.
incompleteness/representability-in-q/prim-rec.tex	incompleteness	section	selected	incompleteness	incompleteness/representability-in-q/representability-in-q.tex	0	0	0	-	0	yes	161	Simulating Primitive Recursion	lem=1;proof=1	lem:prim-rec	lem:_#lem:prim-rec	missing	none	-	-	No active declaration covers this arithmetization, representability, provability, or incompleteness result.
incompleteness/representability-in-q/representability-in-q.tex	incompleteness	chapter	selected	incompleteness	incompleteness/incompleteness.tex	11	0	0	-	0	no	3	inc	-	-	-	structural-container	aggregator	-	-	Part/chapter container with imports or section assembly; substantive child sections are audited separately.
incompleteness/representability-in-q/representable-comp.tex	incompleteness	section	selected	incompleteness	incompleteness/representability-in-q/representability-in-q.tex	0	0	0	-	0	yes	416	Functions Representable in $\Th{Q	lem=2;proof=2	lem:rep-q	lem:_#lem:rep-q	missing	none	-	-	No active declaration covers this arithmetization, representability, provability, or incompleteness result.
incompleteness/representability-in-q/representing-relations.tex	incompleteness	section	selected	incompleteness	incompleteness/representability-in-q/representability-in-q.tex	0	0	0	-	0	yes	163	Representing Relations	defn=1;thm=1;prob=1;proof=1	defn:representing-relations;thm:representing-rels	defn:_#defn:representing-relations;thm:_#thm:representing-rels	missing	none	-	-	No active declaration covers this arithmetization, representability, provability, or incompleteness result.
incompleteness/representability-in-q/sigma1-completeness.tex	incompleteness	section	selected	incompleteness	incompleteness/representability-in-q/representability-in-q.tex	0	0	0	-	0	yes	902	\texorpdfstring{$\Sigma_1$	defn=2;thm=1;lem=4;prob=3;proof=5	defn:bd-quant;defn:delta0-sigma1-pi1-frm;lem:q-proves-clterm-id;lem:atomic-completeness;lem:bounded-quant-equiv;lem:delta0-completeness;thm:sigma1-completeness	defn:_#defn:bd-quant;defn:_#defn:delta0-sigma1-pi1-frm;thm:_#thm:sigma1-completeness;lem:_#lem:q-proves-clterm-id;lem:_#lem:atomic-completeness;lem:_#lem:bounded-quant-equiv;lem:_#lem:delta0-completeness	missing	none	-	-	No active declaration covers this arithmetization, representability, provability, or incompleteness result.
incompleteness/representability-in-q/undecidability.tex	incompleteness	section	selected	incompleteness	incompleteness/representability-in-q/representability-in-q.tex	0	0	0	-	0	yes	240	Undecidability	thm=1;cor=1;proof=2	-	-	missing	none	-	-	No active declaration covers this arithmetization, representability, provability, or incompleteness result.
incompleteness/theories-computability/complete-decidable.tex	incompleteness	section	selected	incompleteness	incompleteness/theories-computability/theories-computability.tex	0	0	0	-	0	yes	137	\printtoken{S	lem=1;proof=1	-	-	missing	none	-	-	No active declaration covers this arithmetization, representability, provability, or incompleteness result.
incompleteness/theories-computability/computably-axiomatizable.tex	incompleteness	section	selected	incompleteness	incompleteness/theories-computability/theories-computability.tex	0	0	0	-	0	yes	117	\printtoken{S	lem=1;proof=1	-	-	missing	none	-	-	No active declaration covers this arithmetization, representability, provability, or incompleteness result.
incompleteness/theories-computability/consis-with-q.tex	incompleteness	section	selected	incompleteness	incompleteness/theories-computability/theories-computability.tex	0	0	0	-	0	yes	207	Theories Consistent with $\Th{Q	thm=1;cor=1;proof=2	-	-	missing	none	-	-	No active declaration covers this arithmetization, representability, provability, or incompleteness result.
incompleteness/theories-computability/extensions-of-q-not-decidable.tex	incompleteness	section	selected	incompleteness	incompleteness/theories-computability/theories-computability.tex	0	0	0	-	0	yes	260	Consistent Extensions of $\Th{Q	thm=1;lem=1;cor=1;proof=2;explain=1;quote=1	-	-	missing	none	-	-	No active declaration covers this arithmetization, representability, provability, or incompleteness result.
incompleteness/theories-computability/first-incompleteness.tex	incompleteness	section	selected	incompleteness	incompleteness/theories-computability/theories-computability.tex	0	0	0	-	0	yes	190	$\Th{Q	thm=1;proof=1;explain=1	thm:first-incompleteness	thm:_#thm:first-incompleteness	missing	none	-	-	No active declaration covers this arithmetization, representability, provability, or incompleteness result.
incompleteness/theories-computability/inseparability.tex	incompleteness	section	selected	incompleteness	incompleteness/theories-computability/theories-computability.tex	0	0	0	-	0	yes	75	Sentences Provable and Refutable in $\Th{Q	lem=1;proof=1;quote=1	-	-	missing	none	-	-	No active declaration covers this arithmetization, representability, provability, or incompleteness result.
incompleteness/theories-computability/interpretability.tex	incompleteness	section	selected	incompleteness	incompleteness/theories-computability/theories-computability.tex	0	0	0	-	0	yes	332	Theories in which $\Th{Q	thm=1;cor=3	-	-	missing	none	-	-	No active declaration covers this arithmetization, representability, provability, or incompleteness result.
incompleteness/theories-computability/introduction.tex	incompleteness	section	selected	incompleteness	incompleteness/theories-computability/theories-computability.tex	0	0	0	-	0	yes	175	Introduction	editorial=1	-	-	missing	none	-	-	No active declaration covers this arithmetization, representability, provability, or incompleteness result.
incompleteness/theories-computability/oconsis-ext-of-q-undec.tex	incompleteness	section	selected	incompleteness	incompleteness/theories-computability/theories-computability.tex	0	0	0	-	0	yes	161	$\omega$-Consistent Extensions of $\Th{Q	defn=1;thm=1;proof=1;explain=1	thm:oconsis-q	defn:_#thm:oconsis-q	missing	none	-	-	No active declaration covers this arithmetization, representability, provability, or incompleteness result.
incompleteness/theories-computability/q-is-ce.tex	incompleteness	section	selected	incompleteness	incompleteness/theories-computability/theories-computability.tex	0	0	0	-	0	yes	161	$\Th{Q	thm=1;proof=1	-	-	missing	none	-	-	No active declaration covers this arithmetization, representability, provability, or incompleteness result.
incompleteness/theories-computability/theories-computability.tex	incompleteness	chapter	selected	incompleteness	incompleteness/incompleteness.tex	10	0	0	-	0	yes	41	inc	editorial=1	-	-	structural-container	aggregator	-	-	Part/chapter container with imports or section assembly; substantive child sections are audited separately.
intuitionistic-logic/introduction/axiomatic-derivations.tex	intuitionistic-logic	section	selected	intuitionistic-logic	intuitionistic-logic/introduction/introduction.tex	0	0	0	-	0	yes	160	Axiomatic \usetoken{P	defn=4;prop=1;proof=1	ax:land1;ax:land2;ax:land3;ax:lor1;ax:lor2;ax:lor3;ax:lif1;ax:lif2;ax:lfalse1	defn:!!^{derivability};defn:Axioms#ax:land1,ax:land2,ax:land3,ax:lor1,ax:lor2,ax:lor3,ax:lif1,ax:lif2,ax:lfalse1;defn:!!^{derivability};defn:Theorems	missing	no_native_match_found	-	-	No active FormalOLP declaration was found for this substantive source section.
intuitionistic-logic/introduction/bhk-interpretation.tex	intuitionistic-logic	section	selected	intuitionistic-logic	intuitionistic-logic/introduction/introduction.tex	0	0	0	-	0	yes	732	The Brouwer--Heyting--Kolmogorov Interpretation	ex=5;editorial=1	-	-	missing	no_native_match_found	-	-	No active FormalOLP declaration was found for this substantive source section.
intuitionistic-logic/introduction/constructive-reasoning.tex	intuitionistic-logic	section	selected	intuitionistic-logic	intuitionistic-logic/introduction/introduction.tex	0	0	0	-	0	yes	551	Constructive Reasoning	thm=1;proof=1	-	-	missing	no_native_match_found	-	-	No active FormalOLP declaration was found for this substantive source section.
intuitionistic-logic/introduction/introduction.tex	intuitionistic-logic	chapter	selected	intuitionistic-logic	intuitionistic-logic/intuitionistic-logic.tex	5	0	0	-	0	no	2	int	-	-	-	structural-container	aggregator	-	-	Aggregator/editorial import container; child source files are audited separately.
intuitionistic-logic/introduction/natural-deduction.tex	intuitionistic-logic	section	selected	intuitionistic-logic	intuitionistic-logic/introduction/introduction.tex	0	0	0	-	0	yes	424	Natural Deduction;Conjunction;Conditional;Disjunction;Absurdity;Rules for $\lnot$;Examples of \usetoken{P	prop=1;prob=1;proof=1;defish=5;prooftree=4	-	-	partial/weaker	manual_fragment_match	FormalOLP/IntuitionisticLogic/NaturalDeduction.lean	FormalOLP/IntuitionisticLogic/NaturalDeduction.lean:36-84	All listed intuitionistic propositional constructors are present as a Type-valued tree; BHK exposition and examples are not Lean declarations.
intuitionistic-logic/introduction/syntax.tex	intuitionistic-logic	section	selected	intuitionistic-logic	intuitionistic-logic/introduction/introduction.tex	0	0	0	-	0	yes	236	Syntax of Intuitionistic Logic	defn=1	defn:formulas	defn:Formula#defn:formulas	definition/statement-only	manual_definition_match	FormalOLP/PropositionalLogic/Syntax.lean	FormalOLP/PropositionalLogic/Syntax.lean:20-45	The shared native formula syntax supplies the primitive language; source BHK and formation discussion is not formalized.
intuitionistic-logic/intuitionistic-logic.tex	intuitionistic-logic	part	selected	intuitionistic-logic	content.tex	4	0	0	-	0	no	2	int	-	-	-	structural-container	aggregator	-	-	Aggregator/editorial import container; child source files are audited separately.
intuitionistic-logic/semantics/introduction.tex	intuitionistic-logic	section	selected	intuitionistic-logic	intuitionistic-logic/semantics/semantics.tex	0	0	0	-	0	yes	462	Introduction	-	-	-	missing	no_native_match_found	-	-	No active FormalOLP declaration was found for this substantive source section.
intuitionistic-logic/semantics/propositions.tex	intuitionistic-logic	section	orphan_or_unselected	-	-	0	0	0	-	0	yes	46	Propositions	defn=1;prop=1;prob=1;proof=1	prop:propositions-true	prop:_#prop:propositions-true	missing	no_native_match_found	-	-	No active FormalOLP declaration was found for this substantive source section.
intuitionistic-logic/semantics/relational-models.tex	intuitionistic-logic	section	selected	intuitionistic-logic	intuitionistic-logic/semantics/semantics.tex	0	0	0	-	0	yes	172	\usetoken{P	defn=2;prop=1;prob=2;proof=1	defn:true-at-w;prop:true-monotonic	defn:_#defn:true-at-w;prop:_#prop:true-monotonic	partial/weaker	manual_fragment_match	FormalOLP/IntuitionisticLogic/Kripke.lean	FormalOLP/IntuitionisticLogic/Kripke.lean:28-101	The native frame, forcing, and persistence chain matches the mathematical core; source exercises and full surrounding exposition are not declarations.
intuitionistic-logic/semantics/semantic-notions.tex	intuitionistic-logic	section	selected	intuitionistic-logic	intuitionistic-logic/semantics/semantics.tex	0	0	0	-	0	yes	93	Semantic Notions	defn=2;prop=3;prob=1;proof=2	prop:sat-entails;prop:sat-entails1;prop:sat-entails2;defn:restrict;prop:restrict	defn:_#defn:restrict;prop:_#prop:sat-entails,prop:sat-entails1,prop:sat-entails2;prop:_#prop:restrict	missing	no_native_match_found	-	-	No active FormalOLP declaration was found for this substantive source section.
intuitionistic-logic/semantics/semantics.tex	intuitionistic-logic	chapter	selected	intuitionistic-logic	intuitionistic-logic/intuitionistic-logic.tex	4	0	0	-	0	yes	39	int	editorial=1	-	-	structural-container	aggregator	-	-	Aggregator/editorial import container; child source files are audited separately.
intuitionistic-logic/semantics/topological-semantics.tex	intuitionistic-logic	section	selected	intuitionistic-logic	intuitionistic-logic/semantics/semantics.tex	0	0	0	-	0	yes	350	Topological Semantics	defn=2	-	-	missing	no_native_match_found	-	-	No active FormalOLP declaration was found for this substantive source section.
intuitionistic-logic/soundness-completeness/canonical-model.tex	intuitionistic-logic	section	selected	intuitionistic-logic	intuitionistic-logic/soundness-completeness/soundness-completeness.tex	0	0	0	-	0	yes	158	The Canonical Model	defn=1	defn:canonical-model	defn:_#defn:canonical-model	missing	no_native_match_found	-	-	No active FormalOLP declaration was found for this substantive source section.
intuitionistic-logic/soundness-completeness/completeness-thm.tex	intuitionistic-logic	section	selected	intuitionistic-logic	intuitionistic-logic/soundness-completeness/soundness-completeness.tex	0	0	0	-	0	yes	92	The Completeness Theorem	thm=1;prob=3;proof=1	thm:completeness	thm:_#thm:completeness	missing	no_native_match_found	-	-	No active FormalOLP declaration was found for this substantive source section.
intuitionistic-logic/soundness-completeness/decidability.tex	intuitionistic-logic	section	selected	intuitionistic-logic	intuitionistic-logic/soundness-completeness/soundness-completeness.tex	0	0	0	-	0	yes	145	Decidability	thm=1;prob=1;proof=1	thm:decidability	thm:_#thm:decidability	missing	no_native_match_found	-	-	No active FormalOLP declaration was found for this substantive source section.
intuitionistic-logic/soundness-completeness/lindenbaum.tex	intuitionistic-logic	section	selected	intuitionistic-logic	intuitionistic-logic/soundness-completeness/soundness-completeness.tex	0	0	0	-	0	yes	502	Lindenbaum's Lemma	defn=1;lem=1;prob=1;proof=1	defn:prime;defn:prime1;defn:prime2;defn:prime3;lem:lindenbaum;gamma-1;gamma-2	defn:_#defn:prime,defn:prime1,defn:prime2,defn:prime3;lem:Lindenbaum's Lemma#lem:lindenbaum	missing	no_native_match_found	-	-	No active FormalOLP declaration was found for this substantive source section.
intuitionistic-logic/soundness-completeness/soundness-axd.tex	intuitionistic-logic	section	selected	intuitionistic-logic	intuitionistic-logic/soundness-completeness/soundness-completeness.tex	0	0	0	-	0	yes	161	Soundness of Axiomatic \usetoken{P	thm=1;proof=1;editorial=1	thm:soundness	thm:Soundness#thm:soundness	missing	no_native_match_found	-	-	No active FormalOLP declaration was found for this substantive source section.
intuitionistic-logic/soundness-completeness/soundness-completeness.tex	intuitionistic-logic	chapter	selected	intuitionistic-logic	intuitionistic-logic/intuitionistic-logic.tex	7	0	0	-	0	yes	36	int	editorial=1	-	-	structural-container	aggregator	-	-	Aggregator/editorial import container; child source files are audited separately.
intuitionistic-logic/soundness-completeness/soundness-nd.tex	intuitionistic-logic	section	selected	intuitionistic-logic	intuitionistic-logic/soundness-completeness/soundness-completeness.tex	0	0	0	-	0	yes	490	Soundness of Natural Deduction	thm=1;prob=2;proof=1	thm:soundness	thm:Soundness#thm:soundness	partial/weaker	manual_fragment_match	FormalOLP/IntuitionisticLogic/NaturalDeduction.lean	FormalOLP/IntuitionisticLogic/NaturalDeduction.lean:130-196	Native derivation_sound/proof_sound match the soundness theorem, but the two source exercises and completeness material are not formalized.
intuitionistic-logic/soundness-completeness/truth-lemma.tex	intuitionistic-logic	section	selected	intuitionistic-logic	intuitionistic-logic/soundness-completeness/soundness-completeness.tex	0	0	0	-	0	yes	143	The Truth Lemma	lem=1;proof=1	lem:truth	lem:_#lem:truth	missing	no_native_match_found	-	-	No active FormalOLP declaration was found for this substantive source section.
intuitionistic-logic/tableaux/introduction.tex	intuitionistic-logic	section	selected	intuitionistic-logic	intuitionistic-logic/tableaux/tableaux.tex	0	0	0	-	0	yes	313	Introduction	-	-	-	missing	no_native_match_found	-	-	No active FormalOLP declaration was found for this substantive source section.
intuitionistic-logic/tableaux/proofs.tex	intuitionistic-logic	section	selected	intuitionistic-logic	intuitionistic-logic/tableaux/tableaux.tex	0	0	0	-	0	yes	33	\usetoken{P	ex=1;prob=1;oltableau=1	-	-	missing	no_native_match_found	-	-	No active FormalOLP declaration was found for this substantive source section.
intuitionistic-logic/tableaux/rules.tex	intuitionistic-logic	section	selected	intuitionistic-logic	intuitionistic-logic/tableaux/tableaux.tex	0	0	0	-	0	yes	325	Rules for Intuitionistic Logic	table=2	tab:prop-rules;tab:rules-lif-lnot	-	missing	no_native_match_found	-	-	No active FormalOLP declaration was found for this substantive source section.
intuitionistic-logic/tableaux/soundness.tex	intuitionistic-logic	section	selected	intuitionistic-logic	intuitionistic-logic/tableaux/tableaux.tex	0	0	0	-	0	yes	831	Soundness for Intuitionistic \usetoken{P	defn=2;thm=1;prop=1;cor=2;prob=1;proof=3;explain=1	thm:tableau-soundness;cor:entailment-soundness;cor:weak-soundness	thm:Soundness#thm:tableau-soundness;cor:_#cor:entailment-soundness;cor:_#cor:weak-soundness	missing	no_native_match_found	-	-	No active FormalOLP declaration was found for this substantive source section.
intuitionistic-logic/tableaux/tableaux.tex	intuitionistic-logic	chapter	selected	intuitionistic-logic	intuitionistic-logic/intuitionistic-logic.tex	4	0	0	-	2	yes	30	int	editorial=1	-	-	structural-container	aggregator	-	-	Aggregator/editorial import container; child source files are audited separately.
lambda-calculus/church-rosser/beta-eta-reduction.tex	lambda-calculus	section	selected	lambda-calculus	lambda-calculus/church-rosser/church-rosser.tex	0	0	0	-	0	yes	87	$\beta\eta$-reduction	thm=1;lem=3;proof=4	lem:one-par;lem:par-red;lem:str;thm:cr	thm:_#thm:cr;lem:_#lem:one-par;lem:_#lem:par-red;lem:_#lem:str	missing	none	-	-	No active declaration covers this Church–Rosser, definability, or remaining syntax section.
lambda-calculus/church-rosser/beta-reduction.tex	lambda-calculus	section	selected	lambda-calculus	lambda-calculus/church-rosser/church-rosser.tex	0	0	0	-	0	yes	143	$\beta$-reduction	thm=1;lem=3;proof=4	lem:one-par;lem:par-red;lem:str;thm:cr	thm:_#thm:cr;lem:_#lem:one-par;lem:_#lem:par-red;lem:_#lem:str	missing	none	-	-	No active declaration covers this Church–Rosser, definability, or remaining syntax section.
lambda-calculus/church-rosser/church-rosser.tex	lambda-calculus	chapter	selected	lambda-calculus	lambda-calculus/lambda-calculus.tex	5	0	0	-	0	no	5	lam	-	-	-	structural-container	aggregator	-	-	Part/chapter container with imports or section assembly; substantive child sections are audited separately.
lambda-calculus/church-rosser/definitions-and-properties.tex	lambda-calculus	section	selected	lambda-calculus	lambda-calculus/church-rosser/church-rosser.tex	0	0	0	-	0	yes	368	Definition and Properties	defn=1;thm=1;proof=1	thm:str	defn:Church--Rosser property, CR;thm:_#thm:str	missing	none	-	-	No active declaration covers this Church–Rosser, definability, or remaining syntax section.
lambda-calculus/church-rosser/parallel-beta-eta-reduction.tex	lambda-calculus	section	selected	lambda-calculus	lambda-calculus/church-rosser/church-rosser.tex	0	0	0	-	0	yes	145	Parallel $\beta\eta$-reduction	defn=2;thm=2;lem=2;prob=1;proof=4	defn:beredpar;defn:beredpar1;defn:beredpar2;defn:beredpar3;defn:beredpar4;defn:beredpar5;thm:refl;defn:becd;defn:becd1;defn:becd2;defn:becd3;defn:becd4;defn:becd5;lem:comp;lem:cont;thm:cr	defn:Parallel $\beta\eta$-reduction, $\beredpar$#defn:beredpar,defn:beredpar1,defn:beredpar2,defn:beredpar3,defn:beredpar4,defn:beredpar5;defn:$\beta\eta$-complete development#defn:becd,defn:becd1,defn:becd2,defn:becd3,defn:becd4,defn:becd5;thm:_#thm:refl;thm:_#thm:cr;lem:_#lem:comp;lem:_#lem:cont	missing	none	-	-	No active declaration covers this Church–Rosser, definability, or remaining syntax section.
lambda-calculus/church-rosser/parallel-beta-reduction.tex	lambda-calculus	section	selected	lambda-calculus	lambda-calculus/church-rosser/church-rosser.tex	0	0	0	-	0	yes	392	Parallel $\beta$-reduction	defn=2;thm=2;lem=2;prob=3;proof=4;editorial=1	defn:bredpar;defn:bredpar1;defn:bredpar2;defn:bredpar3;defn:bredpar4;thm:refl;defn:bcd;defn:bcd1;defn:bcd2;defn:bcd3;defn:bcd4;lem:comp;lem:cont;thm:cr	defn:parallel $\beta$-reduction, $\bredpar$#defn:bredpar,defn:bredpar1,defn:bredpar2,defn:bredpar3,defn:bredpar4;defn:$\beta$-complete development#defn:bcd,defn:bcd1,defn:bcd2,defn:bcd3,defn:bcd4;thm:_#thm:refl;thm:_#thm:cr;lem:_#lem:comp;lem:_#lem:cont	missing	none	-	-	No active declaration covers this Church–Rosser, definability, or remaining syntax section.
lambda-calculus/introduction/basic-pr-lambda.tex	lambda-calculus	section	selected	lambda-calculus	lambda-calculus/introduction/introduction.tex	0	0	0	-	0	yes	74	The Basic Primitive Recursive Functions are \usetoken{S	lem=1;proof=1	-	-	missing	none	-	-	No active declaration covers this Church–Rosser, definability, or remaining syntax section.
lambda-calculus/introduction/church-rosser.tex	lambda-calculus	section	selected	lambda-calculus	lambda-calculus/introduction/introduction.tex	0	0	0	-	0	yes	119	The Church--Rosser Property	thm=1;cor=1;proof=1	thm:church-rosser	thm:_#thm:church-rosser	missing	none	-	-	No active declaration covers this Church–Rosser, definability, or remaining syntax section.
lambda-calculus/introduction/composition.tex	lambda-calculus	section	selected	lambda-calculus	lambda-calculus/introduction/introduction.tex	0	0	0	-	0	yes	59	The \usetoken{S	lem=1;proof=1	-	-	missing	none	-	-	No active declaration covers this Church–Rosser, definability, or remaining syntax section.
lambda-calculus/introduction/computable-lambda.tex	lambda-calculus	section	selected	lambda-calculus	lambda-calculus/introduction/introduction.tex	0	0	0	-	0	yes	196	Computable Functions are \usetoken{S	thm=1;proof=1	thm:computable-lambda	thm:_#thm:computable-lambda	missing	none	-	-	No active declaration covers this Church–Rosser, definability, or remaining syntax section.
lambda-calculus/introduction/currying.tex	lambda-calculus	section	selected	lambda-calculus	lambda-calculus/introduction/introduction.tex	0	0	0	-	0	yes	324	Currying	-	-	-	missing	none	-	-	No active declaration covers this Church–Rosser, definability, or remaining syntax section.
lambda-calculus/introduction/fixed-point-combinator.tex	lambda-calculus	section	selected	lambda-calculus	lambda-calculus/introduction/introduction.tex	0	0	0	-	0	yes	87	Fixed-Point Combinators	-	-	-	missing	none	-	-	No active declaration covers this Church–Rosser, definability, or remaining syntax section.
lambda-calculus/introduction/introduction.tex	lambda-calculus	chapter	selected	lambda-calculus	lambda-calculus/lambda-calculus.tex	13	0	0	-	0	yes	39	lam	editorial=1	-	-	structural-container	aggregator	-	-	Part/chapter container with imports or section assembly; substantive child sections are audited separately.
lambda-calculus/introduction/lambda-computable.tex	lambda-calculus	section	selected	lambda-calculus	lambda-calculus/introduction/introduction.tex	0	0	0	-	0	yes	170	\usetoken{S	thm=1;proof=1	thm:lambda-computable	thm:_#thm:lambda-computable	missing	none	-	-	No active declaration covers this Church–Rosser, definability, or remaining syntax section.
lambda-calculus/introduction/lambda-definability.tex	lambda-calculus	section	selected	lambda-calculus	lambda-calculus/introduction/introduction.tex	0	0	0	-	0	yes	186	\usetoken{S	defn=2;thm=1;explain=1	thm:lambda-def	thm:_#thm:lambda-def	missing	none	-	-	No active declaration covers this Church–Rosser, definability, or remaining syntax section.
lambda-calculus/introduction/minimization.tex	lambda-calculus	section	selected	lambda-calculus	lambda-calculus/introduction/introduction.tex	0	0	0	-	0	yes	209	The \usetoken{S	lem=1;proof=1	-	-	missing	none	-	-	No active declaration covers this Church–Rosser, definability, or remaining syntax section.
lambda-calculus/introduction/overview.tex	lambda-calculus	section	selected	lambda-calculus	lambda-calculus/introduction/introduction.tex	0	0	0	-	0	yes	409	Overview	digress=1	-	-	partial/weaker	manual_fragment_match	FormalOLP/LambdaCalculus/DeBruijn.lean	FormalOLP.LambdaCalculus.Term; FormalOLP.LambdaCalculus.Term.BetaStep	The source overview is about the untyped named calculus; the native typed de Bruijn syntax and beta relation cover only a restricted fragment.
lambda-calculus/introduction/primitive-recursion.tex	lambda-calculus	section	selected	lambda-calculus	lambda-calculus/introduction/introduction.tex	0	0	0	-	0	yes	401	\usetoken{S	lem=2;proof=2	-	-	missing	none	-	-	No active declaration covers this Church–Rosser, definability, or remaining syntax section.
lambda-calculus/introduction/reduction.tex	lambda-calculus	section	selected	lambda-calculus	lambda-calculus/introduction/introduction.tex	0	0	0	-	0	yes	245	Reduction of Lambda Terms	digress=1	-	-	missing	none	-	-	No active declaration covers this Church–Rosser, definability, or remaining syntax section.
lambda-calculus/introduction/syntax.tex	lambda-calculus	section	selected	lambda-calculus	lambda-calculus/introduction/introduction.tex	0	0	0	-	0	yes	283	The Syntax of the Lambda Calculus	conv=1	-	-	partial/weaker	manual_fragment_match	FormalOLP/LambdaCalculus/DeBruijn.lean	FormalOLP.LambdaCalculus.Term	Only the typed de Bruijn presentation is covered; ordinary named syntax and alpha-equivalence are absent.
lambda-calculus/lambda-calculus.tex	lambda-calculus	part	selected	lambda-calculus	content.tex	4	0	0	-	0	yes	58	lam	editorial=1	-	-	structural-container	aggregator	-	-	Part/chapter container with imports or section assembly; substantive child sections are audited separately.
lambda-calculus/lambda-definability/arithmetical-functions.tex	lambda-calculus	section	selected	lambda-calculus	lambda-calculus/lambda-definability/lambda-definability.tex	0	0	0	-	0	yes	228	\usetoken{S	prop=3;ex=1;prob=2;proof=3;editorial=1	prop:succ-ld;prop:add-ld;prop:mult-ld	prop:_#prop:succ-ld;prop:_#prop:add-ld;prop:_#prop:mult-ld	missing	none	-	-	No active declaration covers this Church–Rosser, definability, or remaining syntax section.
lambda-calculus/lambda-definability/fixpoints.tex	lambda-calculus	section	selected	lambda-calculus	lambda-calculus/lambda-definability/lambda-definability.tex	0	0	0	-	0	yes	507	Fixpoints	defn=1;thm=1;proof=1	defn:Turing-Y	defn:_#defn:Turing-Y	missing	none	-	-	No active declaration covers this Church–Rosser, definability, or remaining syntax section.
lambda-calculus/lambda-definability/introduction.tex	lambda-calculus	section	selected	lambda-calculus	lambda-calculus/lambda-definability/lambda-definability.tex	0	0	0	-	0	yes	394	Introduction	defn=2	-	-	missing	none	-	-	No active declaration covers this Church–Rosser, definability, or remaining syntax section.
lambda-calculus/lambda-definability/lambda-definability.tex	lambda-calculus	chapter	selected	lambda-calculus	lambda-calculus/lambda-calculus.tex	9	0	0	-	1	yes	27	lam	editorial=1	-	-	structural-container	aggregator	-	-	Part/chapter container with imports or section assembly; substantive child sections are audited separately.
lambda-calculus/lambda-definability/lambda-definable-recursive.tex	lambda-calculus	section	selected	lambda-calculus	lambda-calculus/lambda-definability/lambda-definability.tex	0	0	0	-	0	yes	201	\usetoken{S	thm=1;proof=1	thm:lambda-computable	thm:_#thm:lambda-computable	missing	none	-	-	No active declaration covers this Church–Rosser, definability, or remaining syntax section.
lambda-calculus/lambda-definability/lists.tex	lambda-calculus	section	orphan_or_unselected	-	-	0	0	0	-	0	yes	160	Lists	prob=2;digress=1	-	-	missing	none	-	-	No active declaration covers this Church–Rosser, definability, or remaining syntax section.
lambda-calculus/lambda-definability/minimization.tex	lambda-calculus	section	selected	lambda-calculus	lambda-calculus/lambda-definability/lambda-definability.tex	0	0	0	-	0	yes	146	Minimization	prop=1;lem=1;proof=2	lem:min	lem:_#lem:min	missing	none	-	-	No active declaration covers this Church–Rosser, definability, or remaining syntax section.
lambda-calculus/lambda-definability/pairs.tex	lambda-calculus	section	selected	lambda-calculus	lambda-calculus/lambda-definability/lambda-definability.tex	0	0	0	-	0	yes	149	Pairs and Predecessor	defn=1;prob=1	-	-	missing	none	-	-	No active declaration covers this Church–Rosser, definability, or remaining syntax section.
lambda-calculus/lambda-definability/partial-recursive-functions.tex	lambda-calculus	section	selected	lambda-calculus	lambda-calculus/lambda-definability/lambda-definability.tex	0	0	0	-	0	yes	221	Partial Recursive Functions are \usetoken{S	thm=1	-	-	missing	none	-	-	No active declaration covers this Church–Rosser, definability, or remaining syntax section.
lambda-calculus/lambda-definability/primitive-recursive-functions.tex	lambda-calculus	section	selected	lambda-calculus	lambda-calculus/lambda-definability/lambda-definability.tex	0	0	0	-	0	yes	349	Primitive Recursive Functions are \usetoken{S	prop=1;lem=3;prob=1;proof=4	lem:basic;lem:comp;lem:prim	lem:_#lem:basic;lem:_#lem:comp;lem:_#lem:prim	missing	none	-	-	No active declaration covers this Church–Rosser, definability, or remaining syntax section.
lambda-calculus/lambda-definability/truth-values.tex	lambda-calculus	section	selected	lambda-calculus	lambda-calculus/lambda-definability/lambda-definability.tex	0	0	0	-	0	yes	325	Truth Values and Relations	defn=1;prob=1	-	-	missing	none	-	-	No active declaration covers this Church–Rosser, definability, or remaining syntax section.
lambda-calculus/syntax/abbreviated-syntax.tex	lambda-calculus	section	selected	lambda-calculus	lambda-calculus/syntax/syntax.tex	0	0	0	-	0	yes	111	Abbreviated Syntax	prob=1	-	-	missing	none	-	-	No active declaration covers this Church–Rosser, definability, or remaining syntax section.
lambda-calculus/syntax/alpha.tex	lambda-calculus	section	selected	lambda-calculus	lambda-calculus/syntax/syntax.tex	0	0	0	-	0	yes	673	$\alpha$-Conversion	defn=6;thm=3;lem=3;cor=1;ex=1;prob=5;proof=7	defn:aconvone;defn:aconvone1;defn:aconvone2;defn:aconvone3;defn:aconvone4;defn:aconv;defn:aconv1;defn:aconv2;defn:aconv3;lem:fv-one;lem:inv;thm:fv;lem:sub:R;thm:sub;cor:sub	defn:Change of bound variable, $\aconvone$;defn:Compatibility of relation;defn:Change of bound variable, $\aconvone$;defn:Change of bound variable, $\aconvone$#defn:aconvone,defn:aconvone1,defn:aconvone2,defn:aconvone3,defn:aconvone4;defn:$\alpha$-conversion, $\aconv$;defn:$\alpha$-conversion, $\aconv$#defn:aconv,defn:aconv1,defn:aconv2,defn:aconv3;thm:_#thm:fv;thm:_#thm:sub;lem:_#lem:fv-one;lem:_#lem:inv;lem:_#lem:sub:R;cor:_#cor:sub	missing	none	-	-	No active declaration covers this Church–Rosser, definability, or remaining syntax section.
lambda-calculus/syntax/beta.tex	lambda-calculus	section	selected	lambda-calculus	lambda-calculus/syntax/syntax.tex	0	0	0	-	0	yes	465	$\beta$-reduction	defn=4;prob=1;digress=1	defn:betacontr;prob:def;defn:betared	defn:$\beta$-contraction, $\bredone$#defn:betacontr;defn:$\beta$-reduction, $\bred$#defn:betared;defn:$\beta$-normal;defn:$\beta$-equivalence, $\equal$;prob:_#prob:def	partial/weaker	manual_fragment_match	FormalOLP/LambdaCalculus/DeBruijn.lean	FormalOLP.LambdaCalculus.Term.BetaStep; FormalOLP.LambdaCalculus.Term.BetaStar; FormalOLP.LambdaCalculus.Term.betaStep_wellScoped; FormalOLP.LambdaCalculus.Term.betaStar_wellScoped	Contextual beta and scope preservation are present; the full named-term reduction metatheory is not.
lambda-calculus/syntax/conversion.tex	lambda-calculus	section	orphan_or_unselected	-	-	0	0	0	-	0	yes	55	Conversion and Reduction	-	-	-	missing	none	-	-	No active declaration covers this Church–Rosser, definability, or remaining syntax section.
lambda-calculus/syntax/de-bruijn.tex	lambda-calculus	section	selected	lambda-calculus	lambda-calculus/syntax/syntax.tex	0	0	0	-	0	yes	298	The De Bruijn Index	defn=3;prop=1	-	-	partial/weaker	manual_fragment_match	FormalOLP/LambdaCalculus/DeBruijn.lean	FormalOLP.LambdaCalculus.Term; FormalOLP.LambdaCalculus.Term.rename; FormalOLP.LambdaCalculus.Term.subst; FormalOLP.LambdaCalculus.Term.rename_composition; FormalOLP.LambdaCalculus.Term.subst_composition	Typed de Bruijn syntax is native; named syntax and the source translation/alpha interface are absent.
lambda-calculus/syntax/eta.tex	lambda-calculus	section	selected	lambda-calculus	lambda-calculus/syntax/syntax.tex	0	0	0	-	0	yes	242	$\eta$-conversion	defn=4;thm=1;proof=1	defn:beredone;defn:bered;defn:bered3;defn:bered4	defn:$\eta$-contraction, $\eredone$#defn:beredone;defn:$\beta\eta$-reduction, $\bered$#defn:bered,defn:bered3,defn:bered4;defn:Extensionality	missing	none	-	-	No active declaration covers this Church–Rosser, definability, or remaining syntax section.
lambda-calculus/syntax/free-variables.tex	lambda-calculus	section	selected	lambda-calculus	lambda-calculus/syntax/syntax.tex	0	0	0	-	0	yes	462	Free Variables	defn=4;lem=1;ex=1;prob=2;proof=1;explain=1	def:fv;def:fv1;def:fv2;def:fv3;lem:fv;lem:fv-abs;lem:fv-app	defn:Scope;defn:Free and bound occurrence;defn:Free variables of a term#def:fv,def:fv1,def:fv2,def:fv3;defn:Closed term, combinator;lem:_#lem:fv,lem:fv-abs,lem:fv-app	missing	none	-	-	No active declaration covers this Church–Rosser, definability, or remaining syntax section.
lambda-calculus/syntax/substitution.tex	lambda-calculus	section	selected	lambda-calculus	lambda-calculus/syntax/syntax.tex	0	0	0	-	0	yes	369	Substitution	defn=1;thm=4;prob=5;proof=4;explain=2	defn:substitution;defn:substitution-1;defn:substitution-2;def:substitution-3;defn:substitution-4;thm:notinfv;thm:infv;thm:clr;thm:inv	defn:Substitution#defn:substitution,defn:substitution-1,defn:substitution-2,def:substitution-3,defn:substitution-4;thm:_#thm:notinfv;thm:_#thm:infv;thm:_#thm:clr;thm:_#thm:inv	partial/weaker	manual_fragment_match	FormalOLP/LambdaCalculus/DeBruijn.lean	FormalOLP.LambdaCalculus.Term.liftSubstitution; FormalOLP.LambdaCalculus.Term.subst; FormalOLP.LambdaCalculus.Term.subst_composition	Capture avoidance and composition are proved for the typed de Bruijn representation; source named-term presentation is not translated.
lambda-calculus/syntax/syntax.tex	lambda-calculus	chapter	selected	lambda-calculus	lambda-calculus/lambda-calculus.tex	10	0	0	-	0	no	2	lam	-	-	-	structural-container	aggregator	-	-	Part/chapter container with imports or section assembly; substantive child sections are audited separately.
lambda-calculus/syntax/term-revisited.tex	lambda-calculus	section	selected	lambda-calculus	lambda-calculus/syntax/syntax.tex	0	0	0	-	0	yes	386	Terms as $\alpha$-Equivalence Classes	defn=3;editorial=1	def:fv;def:sub;eq:1;eq:2	defn:_#def:fv;defn:_#def:sub	missing	none	-	-	No active declaration covers this Church–Rosser, definability, or remaining syntax section.
lambda-calculus/syntax/terms.tex	lambda-calculus	section	selected	lambda-calculus	lambda-calculus/syntax/syntax.tex	0	0	0	-	0	yes	182	Terms	defn=1;prob=1	defn:term;defn:term-var;defn:term-abs;defn:term-app	defn:Terms#defn:term,defn:term-var,defn:term-abs,defn:term-app	missing	none	-	-	No active declaration covers this Church–Rosser, definability, or remaining syntax section.
lambda-calculus/syntax/unique-readability.tex	lambda-calculus	section	selected	lambda-calculus	lambda-calculus/syntax/syntax.tex	0	0	0	-	0	yes	408	Unique Readability	prop=2;lem=3;prob=1;proof=3	lem:term-start;lem:app-start;lem:initial;prop:unq	prop:Unique Readability#prop:unq;lem:_#lem:term-start;lem:_#lem:app-start;lem:_#lem:initial	missing	none	-	-	No active declaration covers this Church–Rosser, definability, or remaining syntax section.
many-valued-logic/infinite-valued-logics/goedel.tex	many-valued-logic	section	selected	many-valued-logic	many-valued-logic/infinite-valued-logics/infinite-valued-logics.tex	0	0	0	-	0	yes	193	"G\""odel logics"	defn=1;prop=2;prob=3;proof=2;editorial=1	def:goedel;prop:god-infty-m	defn:_#def:goedel;prop:_#prop:god-infty-m	missing	no_native_match_found	-	-	No active FormalOLP declaration was found for this substantive source section.
many-valued-logic/infinite-valued-logics/infinite-valued-logics.tex	many-valued-logic	chapter	selected	many-valued-logic	many-valued-logic/many-valued-logic.tex	3	0	0	-	0	no	4	mvl	-	-	-	structural-container	aggregator	-	-	Aggregator/editorial import container; child source files are audited separately.
many-valued-logic/infinite-valued-logics/introduction.tex	many-valued-logic	section	selected	many-valued-logic	many-valued-logic/infinite-valued-logics/infinite-valued-logics.tex	0	0	0	-	0	yes	91	Introduction	-	-	-	missing	no_native_match_found	-	-	No active FormalOLP declaration was found for this substantive source section.
many-valued-logic/infinite-valued-logics/lukasiewicz.tex	many-valued-logic	section	selected	many-valued-logic	many-valued-logic/infinite-valued-logics/infinite-valued-logics.tex	0	0	0	-	0	yes	149	\L ukasiewicz logic	defn=1;prop=2;prob=2;proof=2;editorial=1	def:lukasiewicz;prop:luk-infty-m	defn:_#def:lukasiewicz;prop:_#prop:luk-infty-m	missing	no_native_match_found	-	-	No active FormalOLP declaration was found for this substantive source section.
many-valued-logic/many-valued-logic.tex	many-valued-logic	part	selected	many-valued-logic	content.tex	4	0	0	-	0	yes	13	mvl	editorial=1	-	-	structural-container	aggregator	-	-	Aggregator/editorial import container; child source files are audited separately.
many-valued-logic/sequent-calculus/introduction.tex	many-valued-logic	section	selected	many-valued-logic	many-valued-logic/sequent-calculus/sequent-calculus.tex	0	0	0	-	0	yes	229	Introduction	defish=2	-	-	missing	no_native_match_found	-	-	No active FormalOLP declaration was found for this substantive source section.
many-valued-logic/sequent-calculus/proof-theoretic-notions.tex	many-valued-logic	section	orphan_or_unselected	-	-	0	0	0	-	0	yes	372	Proof-Theoretic Notions	defn=3;prop=5;prob=1;proof=5;explain=1;prooftree=2	prop:reflexivity;prop:monotonicity;prop:transitivity;prop:incons;prop:proves-compact	defn:Theorems;defn:!!^{derivability};defn:Consistency;prop:Reflexivity#prop:reflexivity;prop:Monotonicity#prop:monotonicity;prop:Transitivity#prop:transitivity;prop:_#prop:incons;prop:Compactness#prop:proves-compact	missing	no_native_match_found	-	-	No active FormalOLP declaration was found for this substantive source section.
many-valued-logic/sequent-calculus/propositional-rules.tex	many-valued-logic	section	selected	many-valued-logic	many-valued-logic/sequent-calculus/sequent-calculus.tex	0	0	0	-	0	yes	139	Propositional Rules for Selected Logics;Rules for $\lnot$;Rules for $\land$;Rules for $\lor$;Rules for $\lif$	defish=7	-	-	missing	no_native_match_found	-	-	No active FormalOLP declaration was found for this substantive source section.
many-valued-logic/sequent-calculus/rules-and-proofs.tex	many-valued-logic	section	selected	many-valued-logic	many-valued-logic/sequent-calculus/sequent-calculus.tex	0	0	0	-	0	yes	259	Rules and \usetoken{P	defn=4	-	defn:Sequent;defn:Initial Sequent;defn:Theorems;defn:!!^{derivability}	missing	no_native_match_found	-	-	No active FormalOLP declaration was found for this substantive source section.
many-valued-logic/sequent-calculus/sequent-calculus.tex	many-valued-logic	chapter	selected	many-valued-logic	many-valued-logic/many-valued-logic.tex	4	0	0	-	0	no	3	mvl	-	-	-	structural-container	aggregator	-	-	Aggregator/editorial import container; child source files are audited separately.
many-valued-logic/sequent-calculus/structural-rules.tex	many-valued-logic	section	selected	many-valued-logic	many-valued-logic/sequent-calculus/sequent-calculus.tex	0	0	0	-	0	yes	50	Structural Rules	defish=2	-	-	missing	no_native_match_found	-	-	No active FormalOLP declaration was found for this substantive source section.
many-valued-logic/syntax-and-semantics/connectives.tex	many-valued-logic	section	selected	many-valued-logic	many-valued-logic/syntax-and-semantics/syntax-and-semantics.tex	0	0	0	-	0	yes	212	Languages and Connectives	defn=1;ex=1	-	-	missing	no_native_match_found	-	-	No active FormalOLP declaration was found for this substantive source section.
many-valued-logic/syntax-and-semantics/formulas.tex	many-valued-logic	section	selected	many-valued-logic	many-valued-logic/syntax-and-semantics/syntax-and-semantics.tex	0	0	0	-	0	yes	111	\usetoken{P	defn=1;ex=1	defn:formulas	defn:Formula#defn:formulas	missing	no_native_match_found	-	-	No active FormalOLP declaration was found for this substantive source section.
many-valued-logic/syntax-and-semantics/introduction.tex	many-valued-logic	section	selected	many-valued-logic	many-valued-logic/syntax-and-semantics/syntax-and-semantics.tex	0	0	0	-	0	yes	376	Introduction	-	-	-	missing	no_native_match_found	-	-	No active FormalOLP declaration was found for this substantive source section.
many-valued-logic/syntax-and-semantics/matrices.tex	many-valued-logic	section	selected	many-valued-logic	many-valued-logic/syntax-and-semantics/syntax-and-semantics.tex	0	0	0	-	0	yes	106	Matrices	defn=1;ex=1;figure=1	defn:matrix;fig:tf-CL	defn:Matrix#defn:matrix;ex:_#fig:tf-CL	missing	no_native_match_found	-	-	No active FormalOLP declaration was found for this substantive source section.
many-valued-logic/syntax-and-semantics/semantic-notions.tex	many-valued-logic	section	selected	many-valued-logic	many-valued-logic/syntax-and-semantics/syntax-and-semantics.tex	0	0	0	-	0	yes	169	Semantic Notions	defn=1;prop=1;prob=1;proof=1	prop:semanticalfacts;def:monotonicity;def:Cut	prop:_#prop:semanticalfacts,def:monotonicity,def:Cut	partial/weaker	manual_fragment_match	FormalOLP/ManyValuedLogic/Kleene.lean	FormalOLP/ManyValuedLogic/Kleene.lean:119-235	K3 entailment/validity is exposed; general many-valued semantic notions and cut theory are absent.
many-valued-logic/syntax-and-semantics/sublogics.tex	many-valued-logic	section	selected	many-valued-logic	many-valued-logic/syntax-and-semantics/syntax-and-semantics.tex	0	0	0	-	0	yes	162	Many-valued logics as sublogics of~$\LogCL$	prop=1;cor=1;proof=2	prop:mvl-cl;prop:not;prop:land;prop:lor;prop:lif	prop:_#prop:mvl-cl,prop:not,prop:land,prop:lor,prop:lif	missing	no_native_match_found	-	-	No active FormalOLP declaration was found for this substantive source section.
many-valued-logic/syntax-and-semantics/syntax-and-semantics.tex	many-valued-logic	chapter	selected	many-valued-logic	many-valued-logic/many-valued-logic.tex	7	0	0	-	0	no	4	mvl	-	-	-	structural-container	aggregator	-	-	Aggregator/editorial import container; child source files are audited separately.
many-valued-logic/syntax-and-semantics/valuations-sat.tex	many-valued-logic	section	selected	many-valued-logic	many-valued-logic/syntax-and-semantics/syntax-and-semantics.tex	0	0	0	-	0	yes	85	\usetoken{P	defn=3	defn:pValue;defn:satisfaction	defn:!!^{valuation}s;defn:_#defn:pValue;defn:Satisfaction#defn:satisfaction	partial/weaker	manual_fragment_match	FormalOLP/ManyValuedLogic/Kleene.lean	FormalOLP/ManyValuedLogic/Kleene.lean:89-129	K3 evaluation/designation is native, but the source generic many-valued valuation/matrix interface is not.
many-valued-logic/three-valued-logics/goedel.tex	many-valued-logic	section	selected	many-valued-logic	many-valued-logic/three-valued-logics/three-valued-logics.tex	0	0	0	-	0	yes	207	"G\""odel logics"	defn=1;prob=3	defn:goedel	defn:_#defn:goedel	missing	no_native_match_found	-	-	No active FormalOLP declaration was found for this substantive source section.
many-valued-logic/three-valued-logics/introduction.tex	many-valued-logic	section	selected	many-valued-logic	many-valued-logic/three-valued-logics/three-valued-logics.tex	0	0	0	-	0	yes	78	Introduction	-	-	-	missing	no_native_match_found	-	-	No active FormalOLP declaration was found for this substantive source section.
many-valued-logic/three-valued-logics/kleene.tex	many-valued-logic	section	selected	many-valued-logic	many-valued-logic/three-valued-logics/three-valued-logics.tex	0	0	0	-	0	yes	486	Kleene logics	defn=2;prop=1;prob=2;proof=1	-	-	partial/weaker	manual_fragment_match	FormalOLP/ManyValuedLogic/Kleene.lean	FormalOLP/ManyValuedLogic/Kleene.lean:19-235	Strong K3 tables, designated truth, reflection, modus ponens, and excluded-middle nonvalidity are native; source presentation and broader three-valued systems are absent.
many-valued-logic/three-valued-logics/lukasiewicz.tex	many-valued-logic	section	selected	many-valued-logic	many-valued-logic/three-valued-logics/three-valued-logics.tex	0	0	0	-	0	yes	806	\L ukasiewicz logic	defn=1;prop=1;prob=5;quote=1	def:lukasiewicz;mvl:thr:luk:prob:luk-iff;mvl:thr:luk:prob:luk-taut-2;mvl:thr:luk:prob:luk-taut-3	defn:_#def:lukasiewicz;prob:_#mvl:thr:luk:prob:luk-iff;prob:_#mvl:thr:luk:prob:luk-taut-2,mvl:thr:luk:prob:luk-taut-3	missing	no_native_match_found	-	-	No active FormalOLP declaration was found for this substantive source section.
many-valued-logic/three-valued-logics/multiple-designation.tex	many-valued-logic	section	selected	many-valued-logic	many-valued-logic/three-valued-logics/three-valued-logics.tex	0	0	0	-	0	yes	548	Designating not just $\True$	defn=3;prop=2;prob=5;proof=2	prop:LP-taut-CL;prop:gl-udes	prop:_#prop:LP-taut-CL;prop:_#prop:gl-udes	missing	no_native_match_found	-	-	No active FormalOLP declaration was found for this substantive source section.
many-valued-logic/three-valued-logics/three-valued-logics.tex	many-valued-logic	chapter	selected	many-valued-logic	many-valued-logic/many-valued-logic.tex	5	0	0	-	0	no	4	mvl	-	-	-	structural-container	aggregator	-	-	Aggregator/editorial import container; child source files are audited separately.
methods/induction/induction-on-N.tex	methods	section	selected	methods	methods/induction/induction.tex	0	0	0	-	0	yes	713	Induction on~$\Nat$	thm=1;prop=1;proof=2	-	-	partial/weaker	manual_fragment_match	FormalOLP/Methods/Induction.lean	FormalOLP.Methods.weak_induction	The general zero/successor principle is present; the dice and summation developments are not formalized.
methods/induction/induction.tex	methods	chapter	selected	methods	methods/methods.tex	6	0	0	-	0	no	2	mth	-	-	-	structural-container	aggregator	-	-	Chapter container with imports only.
methods/induction/inductive-definitions.tex	methods	section	selected	methods	methods/induction/induction.tex	0	0	0	-	0	yes	816	Inductive Definitions	defn=1;prop=1;prob=1;proof=1;quote=1	-	defn:Nice terms	missing	none	-	-	Structural/inductive-definition material has no native declaration target.
methods/induction/introduction.tex	methods	section	selected	methods	methods/induction/induction.tex	0	0	0	-	0	yes	307	Introduction	-	-	-	partial/weaker	manual_fragment_match	FormalOLP/Methods/Induction.lean	FormalOLP.Methods.weak_induction; FormalOLP.Methods.strong_induction	The natural-number principles are native; the source structural-induction discussion has no corresponding native theorem.
methods/induction/relations.tex	methods	section	selected	methods	methods/induction/induction.tex	0	0	0	-	0	yes	624	Relations and Functions	defn=3;prop=1;prob=2;proof=1	defn:depth	defn:_#defn:depth	partial/weaker	manual_fragment_match	FormalOLP/Methods/Induction.lean	FormalOLP.Methods.wellFounded_induction; FormalOLP.Methods.measure_induction	Well-founded and measure induction are present; the source unique-readability, subterm, and depth developments are absent.
methods/induction/strong-induction.tex	methods	section	selected	methods	methods/induction/induction.tex	0	0	0	-	0	yes	315	Strong Induction	-	-	-	proved-equivalent	manual_statement_match	FormalOLP/Methods/Induction.lean	FormalOLP.Methods.strong_induction	The general strong-induction principle is proved; source applications/examples remain absent.
methods/induction/structural-induction.tex	methods	section	selected	methods	methods/induction/induction.tex	0	0	0	-	0	yes	537	Structural Induction	prop=2;prob=1;proof=2	prop:initial	prop:_#prop:initial	missing	none	-	-	Structural/inductive-definition material has no native declaration target.
methods/methods.tex	methods	part	selected	methods	content.tex	2	0	0	-	0	yes	48	mth	editorial=1	-	-	structural-container	aggregator	-	-	Part/chapter container with imports or section assembly; substantive child sections are audited separately.
methods/proofs/cant-do-it.tex	methods	section	selected	methods	methods/proofs/proofs.tex	0	0	0	-	0	yes	458	I Can't Do It!{	-	-	-	missing	none	-	-	Proof method/example is not formalized in the active Lean API.
methods/proofs/example-1.tex	methods	section	selected	methods	methods/proofs/proofs.tex	0	0	0	-	0	yes	876	An Example	prop=1;proof=1;quote=15	-	-	missing	none	-	-	Proof method/example is not formalized in the active Lean API.
methods/proofs/example-2.tex	methods	section	selected	methods	methods/proofs/proofs.tex	0	0	0	-	0	yes	488	Another Example	prop=1;proof=1;quote=7	-	-	missing	none	-	-	Proof method/example is not formalized in the active Lean API.
methods/proofs/inference-patterns.tex	methods	section	selected	methods	methods/proofs/proofs.tex	0	0	0	-	0	yes	2202	Inference Patterns;Using a Conjunction;Proving a Conjunction;Proving a Disjunction;Conditional Proof;Universal Claims;Proof by Cases;Proving an Existence Claim;Using Existence Claims	prop=4;proof=4;quote=9	-	-	missing	none	-	-	Proof method/example is not formalized in the active Lean API.
methods/proofs/introduction.tex	methods	section	selected	methods	methods/proofs/proofs.tex	0	0	0	-	0	yes	535	Introduction	-	-	-	non-formal-exposition	documentation_scope	-	-	Proof-method exposition/resources have no formal declaration target.
methods/proofs/proof-by-contradiction.tex	methods	section	selected	methods	methods/proofs/proofs.tex	0	0	0	-	0	yes	1086	Proof by Contradiction	prop=4;prob=1;proof=4;quote=13	-	-	missing	none	-	-	Proof method/example is not formalized in the active Lean API.
methods/proofs/proofs.tex	methods	chapter	selected	methods	methods/methods.tex	10	0	0	-	0	no	2	mth	-	-	-	missing	none	-	-	Proof method/example is not formalized in the active Lean API.
methods/proofs/reading-proofs.tex	methods	section	selected	methods	methods/proofs/proofs.tex	0	0	0	-	0	yes	552	Reading Proofs	prop=1;prob=1;proof=3;quote=2	-	prop:Absorption	partial/weaker	manual_fragment_match	FormalOLP/SetsFunctionsRelations.lean;FormalOLP/SetsFunctionsRelations/Functions.lean	FormalOLP.SetsFunctionsRelations.intersection_union_absorption	The absorption proposition is native, but the section also contains proof-reading instruction and an unformalized exercise.
methods/proofs/resources.tex	methods	section	selected	methods	methods/proofs/proofs.tex	0	0	0	-	0	yes	80	Other Resources;Motivational Videos	-	-	-	non-formal-exposition	documentation_scope	-	-	Proof-method exposition/resources have no formal declaration target.
methods/proofs/starting-proofs.tex	methods	section	selected	methods	methods/proofs/proofs.tex	0	0	0	-	0	yes	205	Starting a Proof	-	-	-	missing	none	-	-	Proof method/example is not formalized in the active Lean API.
methods/proofs/using-definitions.tex	methods	section	selected	methods	methods/proofs/proofs.tex	0	0	0	-	0	yes	679	Using Definitions	defn=1;prop=2;prob=1	-	-	missing	none	-	-	Proof method/example is not formalized in the active Lean API.
model-theory/basics/basics.tex	model-theory	chapter	selected	model-theory	model-theory/model-theory.tex	7	0	0	-	1	no	5	mod	-	-	-	structural-container	aggregator	-	-	Aggregator/editorial import container; child source files are audited separately.
model-theory/basics/dlo.tex	model-theory	section	selected	model-theory	model-theory/basics/basics.tex	0	0	0	-	0	yes	241	Dense Linear Orders	defn=1;thm=1;prob=1;proof=1;rem=1	thm:cantorQ	thm:_#thm:cantorQ	missing	no_native_match_found	-	-	No active FormalOLP declaration was found for this substantive source section.
model-theory/basics/isomorphism.tex	model-theory	section	selected	model-theory	model-theory/basics/basics.tex	0	0	0	-	0	yes	359	Isomorphic Structures	defn=3;thm=1;prob=2;proof=1	defn:elem-equiv;defn:isomorphism;defn:iso-const;defn:iso-pred;defn:iso-func;thm:isom;iso-1;iso-2	defn:_#defn:elem-equiv;defn:_#defn:isomorphism,defn:iso-const,defn:iso-pred,defn:iso-func;thm:_#thm:isom	partial/weaker	manual_fragment_match	FormalOLP/ModelTheory/Basic.lean	FormalOLP/ModelTheory/Basic.lean:23-50	Sentence preservation and theory preservation are proved via Mathlib structures; the source five-clause isomorphism definition and assignment-level proof are delegated to Mathlib.
model-theory/basics/nonstandard-arithmetic.tex	model-theory	section	orphan_or_unselected	-	-	0	0	0	-	0	yes	1074	Non-standard Models of Arithmetic	defn=2;thm=1;prob=3;proof=1	thm:non-std	thm:_#thm:non-std	missing	no_native_match_found	-	-	No active FormalOLP declaration was found for this substantive source section.
model-theory/basics/overspill.tex	model-theory	section	selected	model-theory	model-theory/basics/basics.tex	0	0	0	-	0	yes	129	Overspill	thm=1;prop=1;proof=2	overspill;inf-not-fo	thm:_#overspill;prop:_#inf-not-fo	missing	no_native_match_found	-	-	No active FormalOLP declaration was found for this substantive source section.
model-theory/basics/partial-iso.tex	model-theory	section	selected	model-theory	model-theory/basics/basics.tex	0	0	0	-	0	yes	781	Partial Isomorphisms	defn=6;thm=3;prop=1;cor=1;prob=1;proof=4;rem=1	defn:partialisom;thm:p-isom1;thm:p-isom2;prop:qr-finite;thm:b-n-f;cor:b-n-f	defn:_#defn:partialisom;thm:_#thm:p-isom1;thm:_#thm:p-isom2;thm:_#thm:b-n-f;prop:_#prop:qr-finite;cor:_#cor:b-n-f	missing	no_native_match_found	-	-	No active FormalOLP declaration was found for this substantive source section.
model-theory/basics/reducts-and-expansions.tex	model-theory	section	selected	model-theory	model-theory/basics/basics.tex	0	0	0	-	0	yes	165	Reducts and Expansions	defn=2;prop=1;prob=1;proof=1	defn:reduct;prop:reduct	defn:_#defn:reduct;prop:_#prop:reduct	missing	no_native_match_found	-	-	No active FormalOLP declaration was found for this substantive source section.
model-theory/basics/substructures.tex	model-theory	section	selected	model-theory	model-theory/basics/basics.tex	0	0	0	-	0	yes	95	Sub\printtoken{p	defn=1;rem=1	defn:substructure;rem:substructure	defn:_#defn:substructure	missing	no_native_match_found	-	-	No active FormalOLP declaration was found for this substantive source section.
model-theory/basics/theory-of-m.tex	model-theory	section	selected	model-theory	model-theory/basics/basics.tex	0	0	0	-	0	yes	170	The Theory of a \printtoken{S	defn=1;prop=2;proof=2;rem=1	prop:equiv;remark:R	prop:_#prop:equiv	missing	no_native_match_found	-	-	No active FormalOLP declaration was found for this substantive source section.
model-theory/interpolation/definability.tex	model-theory	section	selected	model-theory	model-theory/interpolation/interpolation.tex	0	0	0	-	0	yes	327	The Definability Theorem	defn=2;thm=1;proof=1	-	thm:Beth Definability Theorem	missing	no_native_match_found	-	-	No active FormalOLP declaration was found for this substantive source section.
model-theory/interpolation/interpolation-proof.tex	model-theory	section	selected	model-theory	model-theory/interpolation/interpolation.tex	0	0	0	-	0	yes	684	Craig's Interpolation Theorem	thm=1;proof=1	thm:interpol;part-a;part-b	thm:Craig's Interpolation Theorem#thm:interpol	missing	no_native_match_found	-	-	No active FormalOLP declaration was found for this substantive source section.
model-theory/interpolation/interpolation.tex	model-theory	chapter	selected	model-theory	model-theory/model-theory.tex	4	0	0	-	0	no	4	mod	-	-	-	structural-container	aggregator	-	-	Aggregator/editorial import container; child source files are audited separately.
model-theory/interpolation/introduction.tex	model-theory	section	selected	model-theory	model-theory/interpolation/interpolation.tex	0	0	0	-	0	yes	95	Introduction	-	-	-	missing	no_native_match_found	-	-	No active FormalOLP declaration was found for this substantive source section.
model-theory/interpolation/separation.tex	model-theory	section	selected	model-theory	model-theory/interpolation/interpolation.tex	0	0	0	-	0	yes	343	Separation of \printtoken{P	defn=1;lem=2;proof=2;figure=1	fig:sep;lem:sep1;lem:sep2	lem:_#lem:sep1;lem:_#lem:sep2	missing	no_native_match_found	-	-	No active FormalOLP declaration was found for this substantive source section.
model-theory/lindstrom/abstract-logics.tex	model-theory	section	selected	model-theory	model-theory/lindstrom/lindstrom.tex	0	0	0	-	0	yes	518	Abstract Logics	defn=4;rem=1	-	-	missing	no_native_match_found	-	-	No active FormalOLP declaration was found for this substantive source section.
model-theory/lindstrom/introduction.tex	model-theory	section	selected	model-theory	model-theory/lindstrom/lindstrom.tex	0	0	0	-	0	yes	79	Introduction	-	-	-	missing	no_native_match_found	-	-	No active FormalOLP declaration was found for this substantive source section.
model-theory/lindstrom/lindstrom-proof.tex	model-theory	section	selected	model-theory	model-theory/lindstrom/lindstrom.tex	0	0	0	-	0	yes	498	"Lindstr\""om's Theorem"	thm=1;lem=1;proof=2	lem:lindstrom;thm:lindstrom	"thm:Lindstr\""om's Theorem#thm:lindstrom;lem:_#lem:lindstrom"	missing	no_native_match_found	-	-	No active FormalOLP declaration was found for this substantive source section.
model-theory/lindstrom/lindstrom.tex	model-theory	chapter	selected	model-theory	model-theory/model-theory.tex	4	0	0	-	0	no	4	mod	-	-	-	structural-container	aggregator	-	-	Aggregator/editorial import container; child source files are audited separately.
model-theory/lindstrom/ls-property.tex	model-theory	section	selected	model-theory	model-theory/lindstrom/lindstrom.tex	0	0	0	-	0	yes	468	"Compactness and L\""owenheim--Skolem Properties"	defn=2;thm=1;proof=1;figure=1	thm:abstract-p-isom	thm:_#thm:abstract-p-isom	missing	no_native_match_found	-	-	No active FormalOLP declaration was found for this substantive source section.
model-theory/model-theory.tex	model-theory	part	selected	model-theory	content.tex	4	0	0	-	0	yes	65	mod	editorial=1	-	-	structural-container	aggregator	-	-	Aggregator/editorial import container; child source files are audited separately.
model-theory/models-of-arithmetic/computable-models.tex	model-theory	section	selected	model-theory	model-theory/models-of-arithmetic/models-of-arithmetic.tex	0	0	0	-	0	yes	378	Computable Models of Arithmetic	defn=1;thm=1;ex=1;prob=1;explain=2	ex:comp-model-q	thm:Tennenbaum's Theorem;ex:_#ex:comp-model-q	missing	no_native_match_found	-	-	No active FormalOLP declaration was found for this substantive source section.
model-theory/models-of-arithmetic/introduction.tex	model-theory	section	selected	model-theory	model-theory/models-of-arithmetic/models-of-arithmetic.tex	0	0	0	-	0	yes	273	Introduction	-	-	-	missing	no_native_match_found	-	-	No active FormalOLP declaration was found for this substantive source section.
model-theory/models-of-arithmetic/models-of-arithmetic.tex	model-theory	chapter	selected	model-theory	model-theory/model-theory.tex	6	0	0	-	0	no	4	mod	-	-	-	structural-container	aggregator	-	-	Aggregator/editorial import container; child source files are audited separately.
model-theory/models-of-arithmetic/models-of-pa.tex	model-theory	section	selected	model-theory	model-theory/models-of-arithmetic/models-of-arithmetic.tex	0	0	0	-	0	yes	893	Models of $\Th{PA	prop=9;cor=1;prob=3;proof=10;explain=3	prop:M-discrete;prop:blocks-dense	prop:_#prop:M-discrete;prop:_#prop:blocks-dense	missing	no_native_match_found	-	-	No active FormalOLP declaration was found for this substantive source section.
model-theory/models-of-arithmetic/models-of-q.tex	model-theory	section	selected	model-theory	model-theory/models-of-arithmetic/models-of-arithmetic.tex	0	0	0	-	0	yes	403	Models of $\Th{Q	ex=2;prob=3;explain=2	ex:model-K-of-Q;ex:model-L-of-Q	ex:_#ex:model-K-of-Q;ex:_#ex:model-L-of-Q	missing	no_native_match_found	-	-	No active FormalOLP declaration was found for this substantive source section.
model-theory/models-of-arithmetic/non-standard-models.tex	model-theory	section	selected	model-theory	model-theory/models-of-arithmetic/models-of-arithmetic.tex	0	0	0	-	0	yes	379	Non-Standard Models	defn=1;prop=2;prob=1;proof=2;explain=3	-	-	missing	no_native_match_found	-	-	No active FormalOLP declaration was found for this substantive source section.
model-theory/models-of-arithmetic/standard-models.tex	model-theory	section	selected	model-theory	model-theory/models-of-arithmetic/models-of-arithmetic.tex	0	0	0	-	0	yes	594	Standard Models of Arithmetic	defn=1;prop=3;prob=1;proof=3;explain=3	prop:standard-domain;prop:thq-standard;prop:thq-unique-iso	prop:_#prop:standard-domain;prop:_#prop:thq-standard;prop:_#prop:thq-unique-iso	missing	no_native_match_found	-	-	No active FormalOLP declaration was found for this substantive source section.
normal-modal-logic/axioms-systems/axioms-systems.tex	normal-modal-logic	chapter	selected	normal-modal-logic	normal-modal-logic/normal-modal-logic.tex	13	0	0	-	0	no	3	nml	-	-	-	structural-container	aggregator	-	-	Aggregator/editorial import container; child source files are audited separately.
normal-modal-logic/axioms-systems/consistency.tex	normal-modal-logic	section	selected	normal-modal-logic	normal-modal-logic/axioms-systems/axioms-systems.tex	0	0	0	-	0	yes	172	Consistency	defn=1;prop=1;proof=1	prop:consistencyfacts;prop:consistencyfacts-b;prop:consistencyfacts-c	prop:_#prop:consistencyfacts,prop:consistencyfacts-b,prop:consistencyfacts-c	missing	no_native_match_found	-	-	No active FormalOLP declaration was found for this substantive source section.
normal-modal-logic/axioms-systems/derived-rules.tex	normal-modal-logic	section	selected	normal-modal-logic	normal-modal-logic/axioms-systems/axioms-systems.tex	0	0	0	-	0	yes	384	Derived Rules	prop=6;prob=1;proof=6;derivation=5	prop:rewriting	prop:_#prop:rewriting	missing	no_native_match_found	-	-	No active FormalOLP declaration was found for this substantive source section.
normal-modal-logic/axioms-systems/duals.tex	normal-modal-logic	section	selected	normal-modal-logic	normal-modal-logic/axioms-systems/axioms-systems.tex	0	0	0	-	0	yes	58	Dual \usetoken{P	defn=1;prop=1;prob=1;proof=1	def:duals;prop:dualsys	defn:_#def:duals;prop:_#prop:dualsys	missing	no_native_match_found	-	-	No active FormalOLP declaration was found for this substantive source section.
normal-modal-logic/axioms-systems/introduction.tex	normal-modal-logic	section	selected	normal-modal-logic	normal-modal-logic/axioms-systems/axioms-systems.tex	0	0	0	-	0	yes	431	Introduction	defn=3;prooftree=2	-	-	missing	no_native_match_found	-	-	No active FormalOLP declaration was found for this substantive source section.
normal-modal-logic/axioms-systems/logics-proofs.tex	normal-modal-logic	section	selected	normal-modal-logic	normal-modal-logic/axioms-systems/axioms-systems.tex	0	0	0	-	0	yes	395	\usetoken{P	defn=1;prop=1;proof=1	-	-	missing	no_native_match_found	-	-	No active FormalOLP declaration was found for this substantive source section.
normal-modal-logic/axioms-systems/more-proofs-in-K.tex	normal-modal-logic	section	selected	normal-modal-logic	normal-modal-logic/axioms-systems/axioms-systems.tex	0	0	0	-	0	yes	32	More Proofs in \Log{K	prop=4;prob=1;proof=4;derivation=4	-	-	missing	no_native_match_found	-	-	No active FormalOLP declaration was found for this substantive source section.
normal-modal-logic/axioms-systems/normal-logics.tex	normal-modal-logic	section	selected	normal-modal-logic	normal-modal-logic/axioms-systems/axioms-systems.tex	0	0	0	-	0	yes	321	Normal Modal Logics	defn=3;prop=3;prob=1;proof=2;prooftree=1	prop:rk;prop:notDiamondBot	prop:_#prop:rk;prop:_#prop:notDiamondBot	missing	no_native_match_found	-	-	No active FormalOLP declaration was found for this substantive source section.
normal-modal-logic/axioms-systems/proofs-in-K.tex	normal-modal-logic	section	selected	normal-modal-logic	normal-modal-logic/axioms-systems/axioms-systems.tex	0	0	0	-	0	yes	101	Proofs in \Log{K	prop=4;prob=1;proof=4;derivation=6	-	-	missing	no_native_match_found	-	-	No active FormalOLP declaration was found for this substantive source section.
normal-modal-logic/axioms-systems/proofs-modal-systems.tex	normal-modal-logic	section	selected	normal-modal-logic	normal-modal-logic/axioms-systems/axioms-systems.tex	0	0	0	-	0	yes	79	Proofs in Modal Systems	defn=1;prop=2;prob=1;proof=2;derivation=6	prop:S5facts;prop:S5facts-KT-D;prop:S5	prop:_#prop:S5facts,prop:S5facts-KT-D;prop:_#prop:S5	missing	no_native_match_found	-	-	No active FormalOLP declaration was found for this substantive source section.
normal-modal-logic/axioms-systems/provability-from-set.tex	normal-modal-logic	section	selected	normal-modal-logic	normal-modal-logic/axioms-systems/axioms-systems.tex	0	0	0	-	0	yes	49	\usetoken{S	defn=1	defn:Gammaproves	defn:_#defn:Gammaproves	missing	no_native_match_found	-	-	No active FormalOLP declaration was found for this substantive source section.
normal-modal-logic/axioms-systems/provability-properties.tex	normal-modal-logic	section	selected	normal-modal-logic	normal-modal-logic/axioms-systems/axioms-systems.tex	0	0	0	-	0	yes	71	Properties of \usetoken{S	defn=1;prop=1	prop:derivabilityfacts;prop:derivabilityfacts-monotonicity;prop:derivabilityfacts-reflexivity;prop:derivabilityfacts-cut;prop:derivabilityfacts-deduction;prop:derivabilityfacts-ruleT	prop:_#prop:derivabilityfacts,prop:derivabilityfacts-monotonicity,prop:derivabilityfacts-reflexivity,prop:derivabilityfacts-cut,prop:derivabilityfacts-deduction,prop:derivabilityfacts-ruleT	missing	no_native_match_found	-	-	No active FormalOLP declaration was found for this substantive source section.
normal-modal-logic/axioms-systems/soundness.tex	normal-modal-logic	section	selected	normal-modal-logic	normal-modal-logic/axioms-systems/axioms-systems.tex	0	0	0	-	0	yes	239	Soundness	thm=1;proof=1	thm:soundness	thm:Soundness Theorem#thm:soundness	missing	no_native_match_found	-	-	No active FormalOLP declaration was found for this substantive source section.
normal-modal-logic/axioms-systems/systems-distinct.tex	normal-modal-logic	section	selected	normal-modal-logic	normal-modal-logic/axioms-systems/axioms-systems.tex	0	0	0	-	0	yes	355	Showing Systems are Distinct	thm=2;prop=2;prob=2;proof=4;figure=3	fig:Bnot4;thm:KTBnot45;fig:KTBnot45;thm:KD5not4;fig:KD5not4	thm:_#thm:KTBnot45;thm:_#thm:KD5not4	missing	no_native_match_found	-	-	No active FormalOLP declaration was found for this substantive source section.
normal-modal-logic/completeness/canonical-models.tex	normal-modal-logic	section	selected	normal-modal-logic	normal-modal-logic/completeness/completeness.tex	0	0	0	-	0	yes	55	Canonical Models	defn=1	-	-	missing	no_native_match_found	-	-	No active FormalOLP declaration was found for this substantive source section.
normal-modal-logic/completeness/complete-consistent-sets.tex	normal-modal-logic	section	selected	normal-modal-logic	normal-modal-logic/completeness/completeness.tex	0	0	0	-	0	yes	338	Complete $\Sigma$-Consistent Sets	defn=1;prop=1;probtag=1;proof=1	prop:ccs-properties;prop:ccs-closed;prop:ccs-sigma;prop:ccs-lfalse;prop:ccs-ltrue;prop:ccs-lnot;prop:ccs-land;prop:ccs-lor;prop:ccs-lif;prop:ccs-liff	prop:_#prop:ccs-properties,prop:ccs-closed,prop:ccs-sigma,prop:ccs-lfalse,prop:ccs-ltrue,prop:ccs-lnot,prop:ccs-land,prop:ccs-lor,prop:ccs-lif,prop:ccs-liff	missing	no_native_match_found	-	-	No active FormalOLP declaration was found for this substantive source section.
normal-modal-logic/completeness/completeness-K.tex	normal-modal-logic	section	selected	normal-modal-logic	normal-modal-logic/completeness/completeness.tex	0	0	0	-	0	yes	198	Determination and Completeness for \Log{K	defn=1;thm=1;cor=1;proof=2	thm:determination;cor:Kcomplete	thm:Determination#thm:determination;cor:_#cor:Kcomplete	missing	no_native_match_found	-	-	No active FormalOLP declaration was found for this substantive source section.
normal-modal-logic/completeness/completeness.tex	normal-modal-logic	chapter	selected	normal-modal-logic	normal-modal-logic/normal-modal-logic.tex	8	0	0	-	0	no	5	nml	-	-	-	structural-container	aggregator	-	-	Aggregator/editorial import container; child source files are audited separately.
normal-modal-logic/completeness/frame-completeness.tex	normal-modal-logic	section	selected	normal-modal-logic	normal-modal-logic/completeness/completeness.tex	0	0	0	-	0	yes	621	Frame Completeness	thm=2;prop=1;proof=2;table=1	thm:completeframeprops;tab:correspondencetable;thm:generaldet;prop:anotherfive-a	thm:_#thm:completeframeprops;thm:_#thm:generaldet;prop:_#prop:anotherfive-a	missing	no_native_match_found	-	-	No active FormalOLP declaration was found for this substantive source section.
normal-modal-logic/completeness/introduction.tex	normal-modal-logic	section	selected	normal-modal-logic	normal-modal-logic/completeness/completeness.tex	0	0	0	-	0	yes	472	Introduction	-	-	-	missing	no_native_match_found	-	-	No active FormalOLP declaration was found for this substantive source section.
normal-modal-logic/completeness/lindenbaums-lemma.tex	normal-modal-logic	section	selected	normal-modal-logic	normal-modal-logic/completeness/completeness.tex	0	0	0	-	0	yes	409	Lindenbaum's Lemma	thm=1;cor=1;proof=2	thm:lindenbaum;cor:provability-characterization	thm:Lindenbaum's Lemma#thm:lindenbaum;cor:_#cor:provability-characterization	missing	no_native_match_found	-	-	No active FormalOLP declaration was found for this substantive source section.
normal-modal-logic/completeness/modalities-ccs.tex	normal-modal-logic	section	selected	normal-modal-logic	normal-modal-logic/completeness/completeness.tex	0	0	0	-	0	yes	664	Modalities and Complete Consistent Sets	defn=1;prop=3;lem=3;prob=1;proof=6;explain=1	lem:box1;lem:box2;prop:box;prop:diamond;lem:box-iff-diamond	prop:_#prop:box;prop:_#prop:diamond;prop:_#prop:diamond;lem:_#lem:box1;lem:_#lem:box2;lem:_#lem:box-iff-diamond	missing	no_native_match_found	-	-	No active FormalOLP declaration was found for this substantive source section.
normal-modal-logic/completeness/truth-lemma.tex	normal-modal-logic	section	selected	normal-modal-logic	normal-modal-logic/completeness/completeness.tex	0	0	0	-	0	yes	301	The Truth Lemma	prop=1;probtag=1;proof=1	prop:truthlemma	prop:Truth Lemma#prop:truthlemma	missing	no_native_match_found	-	-	No active FormalOLP declaration was found for this substantive source section.
normal-modal-logic/filtrations/S5-decidable.tex	normal-modal-logic	section	selected	normal-modal-logic	normal-modal-logic/filtrations/filtrations.tex	0	0	0	-	0	yes	153	\Log{S5	thm=1;proof=1	-	-	missing	no_native_match_found	-	-	No active FormalOLP declaration was found for this substantive source section.
normal-modal-logic/filtrations/S5-fmp.tex	normal-modal-logic	section	selected	normal-modal-logic	normal-modal-logic/filtrations/filtrations.tex	0	0	0	-	0	yes	335	\Log{K	defn=1;prop=2;cor=1;prob=2;proof=3	prop:K-fmp;prop:univ-fin;cor:S5fmp	prop:_#prop:K-fmp;prop:_#prop:univ-fin;cor:_#cor:S5fmp	missing	no_native_match_found	-	-	No active FormalOLP declaration was found for this substantive source section.
normal-modal-logic/filtrations/euclidean-filtrations.tex	normal-modal-logic	section	selected	normal-modal-logic	normal-modal-logic/filtrations/filtrations.tex	0	0	0	-	0	yes	354	Filtrations of Euclidean Models	thm=1;prob=1;proof=1;figure=2	fig:ser-eucl;fig:ser-eucl2;thm:modal-closed-filt	thm:_#thm:modal-closed-filt	missing	no_native_match_found	-	-	No active FormalOLP declaration was found for this substantive source section.
normal-modal-logic/filtrations/examples-of-filtrations.tex	normal-modal-logic	section	selected	normal-modal-logic	normal-modal-logic/filtrations/filtrations.tex	0	0	0	-	0	yes	606	Examples of Filtrations	defn=2;prop=2;ex=1;prob=1;probtag=1;proof=2;figure=1	prop:finest;defn:coarsest-Box;defn:coarsest-Diamond;fig:ex-filtration	defn:_#defn:coarsest-Box,defn:coarsest-Diamond;prop:_#prop:finest;ex:_#fig:ex-filtration	missing	no_native_match_found	-	-	No active FormalOLP declaration was found for this substantive source section.
normal-modal-logic/filtrations/filtrations-def.tex	normal-modal-logic	section	selected	normal-modal-logic	normal-modal-logic/filtrations/filtrations.tex	0	0	0	-	0	yes	442	Filtrations	defn=1;thm=1;cor=1;prob=1;proof=1	defn:filtration;defn:filtration-R;defn:filtration-R1;defn:filtration-R2;defn:filtration-R3;thm:filtrations	defn:_#defn:filtration,defn:filtration-R,defn:filtration-R1,defn:filtration-R2,defn:filtration-R3;thm:_#thm:filtrations	missing	no_native_match_found	-	-	No active FormalOLP declaration was found for this substantive source section.
normal-modal-logic/filtrations/filtrations.tex	normal-modal-logic	chapter	selected	normal-modal-logic	normal-modal-logic/normal-modal-logic.tex	9	0	0	-	0	no	4	nml	-	-	-	structural-container	aggregator	-	-	Aggregator/editorial import container; child source files are audited separately.
normal-modal-logic/filtrations/finite.tex	normal-modal-logic	section	selected	normal-modal-logic	normal-modal-logic/filtrations/filtrations.tex	0	0	0	-	0	yes	189	Filtrations are Finite	prop=1;proof=1	prop:filt-are-finite	prop:_#prop:filt-are-finite	missing	no_native_match_found	-	-	No active FormalOLP declaration was found for this substantive source section.
normal-modal-logic/filtrations/introduction.tex	normal-modal-logic	section	selected	normal-modal-logic	normal-modal-logic/filtrations/filtrations.tex	0	0	0	-	0	yes	1013	Introduction	-	-	-	missing	no_native_match_found	-	-	No active FormalOLP declaration was found for this substantive source section.
normal-modal-logic/filtrations/more-filtrations.tex	normal-modal-logic	section	selected	normal-modal-logic	normal-modal-logic/filtrations/filtrations.tex	0	0	0	-	0	yes	334	Filtrations and Properties of Accessibility	thm=1;prob=1;proof=1;table=1	tab:Cn-filtrations;thm:more-filtrations	thm:_#thm:more-filtrations	missing	no_native_match_found	-	-	No active FormalOLP declaration was found for this substantive source section.
normal-modal-logic/filtrations/preliminaries.tex	normal-modal-logic	section	selected	normal-modal-logic	normal-modal-logic/filtrations/filtrations.tex	0	0	0	-	0	yes	302	Preliminaries	defn=2;prop=1;proof=1	defn:modallyclosed	defn:_#defn:modallyclosed	missing	no_native_match_found	-	-	No active FormalOLP declaration was found for this substantive source section.
normal-modal-logic/frame-definability/definability.tex	normal-modal-logic	section	selected	normal-modal-logic	normal-modal-logic/frame-definability/frame-definability.tex	0	0	0	-	0	yes	786	Frame Definability	defn=1;thm=1;prop=1;cor=2;prob=2;proof=2	thm:fullCorrespondence;prop:D-serial;prop:relation-facts	thm:_#thm:fullCorrespondence;prop:_#prop:relation-facts;cor:_#prop:D-serial	partial/weaker	manual_fragment_match	FormalOLP/NormalModalLogic/Soundness.lean	FormalOLP/NormalModalLogic/Soundness.lean:45-249	Several correspondence theorems are native; full frame-definability and all source schema families are absent.
normal-modal-logic/frame-definability/equivalence-S5.tex	normal-modal-logic	section	selected	normal-modal-logic	normal-modal-logic/frame-definability/frame-definability.tex	0	0	0	-	0	yes	534	Equivalence Relations and \Log{S5	defn=1;prop=3;prob=1;proof=2;figure=1	prop:equivalences;prop:S5=univ;fig:partition	prop:_#prop:equivalences;prop:_#prop:S5=univ	missing	no_native_match_found	-	-	No active FormalOLP declaration was found for this substantive source section.
normal-modal-logic/frame-definability/first-order-definability.tex	normal-modal-logic	section	selected	normal-modal-logic	normal-modal-logic/frame-definability/frame-definability.tex	0	0	0	-	0	yes	410	First-order Definability	defn=1	-	-	missing	no_native_match_found	-	-	No active FormalOLP declaration was found for this substantive source section.
normal-modal-logic/frame-definability/frame-definability.tex	normal-modal-logic	chapter	selected	normal-modal-logic	normal-modal-logic/normal-modal-logic.tex	7	0	0	-	0	no	3	nml	-	-	-	structural-container	aggregator	-	-	Aggregator/editorial import container; child source files are audited separately.
normal-modal-logic/frame-definability/frames.tex	normal-modal-logic	section	selected	normal-modal-logic	normal-modal-logic/frame-definability/frame-definability.tex	0	0	0	-	0	yes	164	Frames	defn=2;rem=1	-	-	missing	no_native_match_found	-	-	No active FormalOLP declaration was found for this substantive source section.
normal-modal-logic/frame-definability/introduction.tex	normal-modal-logic	section	selected	normal-modal-logic	normal-modal-logic/frame-definability/frame-definability.tex	0	0	0	-	0	yes	355	Introduction	-	-	-	missing	no_native_match_found	-	-	No active FormalOLP declaration was found for this substantive source section.
normal-modal-logic/frame-definability/properties-accessibility.tex	normal-modal-logic	section	selected	normal-modal-logic	normal-modal-logic/frame-definability/frame-definability.tex	0	0	0	-	0	yes	570	Properties of Accessibility Relations	thm=1;prop=1;prob=3;proof=1;figure=1;table=2	thm:soundschemas;tab:five;fig:Bsymm;prop:reflexive;tab:anotherfive	thm:_#thm:soundschemas;prop:_#prop:reflexive	partial/weaker	manual_fragment_match	FormalOLP/NormalModalLogic/Soundness.lean	FormalOLP/NormalModalLogic/Soundness.lean:124-249	The first five correspondence directions are native, but the source exercises, counterexample proposition, and additional five correspondence table remain outside the API.
normal-modal-logic/frame-definability/second-order-definability.tex	normal-modal-logic	section	selected	normal-modal-logic	normal-modal-logic/frame-definability/frame-definability.tex	0	0	0	-	0	yes	495	Second-order Definability	defn=2;prop=2;cor=1;proof=3	prop:st	prop:_#prop:st	missing	no_native_match_found	-	-	No active FormalOLP declaration was found for this substantive source section.
normal-modal-logic/normal-modal-logic.tex	normal-modal-logic	part	selected	normal-modal-logic	content.tex	7	0	0	-	0	yes	27	nml	editorial=1	-	-	structural-container	aggregator	-	-	Aggregator/editorial import container; child source files are audited separately.
normal-modal-logic/sequent-calculus/introduction.tex	normal-modal-logic	section	selected	normal-modal-logic	normal-modal-logic/sequent-calculus/sequent-calculus.tex	0	0	0	-	0	yes	81	Introduction	-	-	-	missing	no_native_match_found	-	-	No active FormalOLP declaration was found for this substantive source section.
normal-modal-logic/sequent-calculus/more-rules.tex	normal-modal-logic	section	selected	normal-modal-logic	normal-modal-logic/sequent-calculus/sequent-calculus.tex	0	0	0	-	0	yes	111	Rules for Other Accessibility Relations	ex=6;prob=1;table=4;prooftree=6	tab:more-rules;tab:logics-rules	-	missing	no_native_match_found	-	-	No active FormalOLP declaration was found for this substantive source section.
normal-modal-logic/sequent-calculus/proofs-in-K.tex	normal-modal-logic	section	selected	normal-modal-logic	normal-modal-logic/sequent-calculus/sequent-calculus.tex	0	0	0	-	0	yes	32	Sequent \usetoken{P	ex=2;prob=1;prooftree=3	-	-	missing	no_native_match_found	-	-	No active FormalOLP declaration was found for this substantive source section.
normal-modal-logic/sequent-calculus/rules-for-K.tex	normal-modal-logic	section	selected	normal-modal-logic	normal-modal-logic/sequent-calculus/sequent-calculus.tex	0	0	0	-	0	yes	238	Rules for \Log{K	-	-	-	missing	no_native_match_found	-	-	No active FormalOLP declaration was found for this substantive source section.
normal-modal-logic/sequent-calculus/sequent-calculus.tex	normal-modal-logic	chapter	selected	normal-modal-logic	normal-modal-logic/normal-modal-logic.tex	4	0	0	-	3	yes	19	nml	editorial=1	-	-	structural-container	aggregator	-	-	Aggregator/editorial import container; child source files are audited separately.
normal-modal-logic/syntax-and-semantics/entailment.tex	normal-modal-logic	section	selected	normal-modal-logic	normal-modal-logic/syntax-and-semantics/syntax-and-semantics.tex	0	0	0	-	0	yes	212	Entailment	defn=1;ex=1;prob=2;explain=1;figure=1	fig:counterex	ex:_#fig:counterex	missing	no_native_match_found	-	-	No active FormalOLP declaration was found for this substantive source section.
normal-modal-logic/syntax-and-semantics/introduction.tex	normal-modal-logic	section	selected	normal-modal-logic	normal-modal-logic/syntax-and-semantics/syntax-and-semantics.tex	0	0	0	-	0	yes	616	Introduction	-	-	-	missing	no_native_match_found	-	-	No active FormalOLP declaration was found for this substantive source section.
normal-modal-logic/syntax-and-semantics/language-modal-logic.tex	normal-modal-logic	section	selected	normal-modal-logic	normal-modal-logic/syntax-and-semantics/syntax-and-semantics.tex	0	0	0	-	0	yes	173	The Language of Basic Modal Logic	defn=3	-	-	definition/statement-only	manual_definition_match	FormalOLP/NormalModalLogic/Syntax.lean	FormalOLP/NormalModalLogic/Syntax.lean:21-45	Primitive modal Formula, negation, disjunction, conjunction, and diamond are native.
normal-modal-logic/syntax-and-semantics/modal-validity.tex	normal-modal-logic	section	selected	normal-modal-logic	normal-modal-logic/syntax-and-semantics/syntax-and-semantics.tex	0	0	0	-	0	yes	266	Validity	defn=1;prop=2;prob=2;proof=1;explain=1	prop:subset-class;prop:Nec-rule	prop:_#prop:subset-class;prop:_#prop:Nec-rule	partial/weaker	manual_fragment_match	FormalOLP/NormalModalLogic/Semantics.lean	FormalOLP/NormalModalLogic/Semantics.lean:74-89	Model.Valid and Frame.Valid are native; source entailment/validity exercises and schema theory are not.
normal-modal-logic/syntax-and-semantics/normal-modal-logics.tex	normal-modal-logic	section	orphan_or_unselected	-	-	0	0	0	-	0	yes	247	Normal Modal Logics	defn=2;ex=1	defn:modal-logic;defn:normal-modal-logic	defn:_#defn:modal-logic;defn:_#defn:normal-modal-logic	missing	no_native_match_found	-	-	No active FormalOLP declaration was found for this substantive source section.
normal-modal-logic/syntax-and-semantics/relational-models.tex	normal-modal-logic	section	selected	normal-modal-logic	normal-modal-logic/syntax-and-semantics/syntax-and-semantics.tex	0	0	0	-	0	yes	158	Relational Models	defn=1;figure=1	fig:simple	-	definition/statement-only	manual_definition_match	FormalOLP/NormalModalLogic/Semantics.lean	FormalOLP/NormalModalLogic/Semantics.lean:24-34	Native nonempty Frame/Model structures are present.
normal-modal-logic/syntax-and-semantics/schemas.tex	normal-modal-logic	section	selected	normal-modal-logic	normal-modal-logic/syntax-and-semantics/syntax-and-semantics.tex	0	0	0	-	0	yes	481	Schemas and Validity	defn=2;prop=4;prob=6;proof=3;table=1	prop:Kvalid;prop:Dual-valid;prop:soundMP;prop:valid-instances;tab:valid-invalidSchemas	prop:_#prop:Kvalid;prop:_#prop:Dual-valid;prop:_#prop:soundMP;prop:_#prop:valid-instances	partial/weaker	manual_fragment_match	FormalOLP/NormalModalLogic/Soundness.lean	FormalOLP/NormalModalLogic/Soundness.lean:32-249	K/T/D/4/B/5 validity/correspondence chains exist; general schema substitution and all source schema results do not.
normal-modal-logic/syntax-and-semantics/substitution.tex	normal-modal-logic	section	selected	normal-modal-logic	normal-modal-logic/syntax-and-semantics/syntax-and-semantics.tex	0	0	0	-	0	yes	104	Simultaneous Substitution	defn=1;ex=1	def:subst-inst	defn:_#def:subst-inst	missing	no_native_match_found	-	-	No active FormalOLP declaration was found for this substantive source section.
normal-modal-logic/syntax-and-semantics/syntax-and-semantics.tex	normal-modal-logic	chapter	selected	normal-modal-logic	normal-modal-logic/normal-modal-logic.tex	10	0	0	-	0	no	4	nml	-	-	-	structural-container	aggregator	-	-	Aggregator/editorial import container; child source files are audited separately.
normal-modal-logic/syntax-and-semantics/tautological-instances.tex	normal-modal-logic	section	selected	normal-modal-logic	normal-modal-logic/syntax-and-semantics/syntax-and-semantics.tex	0	0	0	-	0	yes	177	Tautological Instances	defn=1;prop=1;lem=1;proof=2;explain=1	lem:valid-taut;prop:valid-taut	prop:_#prop:valid-taut;lem:_#lem:valid-taut	missing	no_native_match_found	-	-	No active FormalOLP declaration was found for this substantive source section.
normal-modal-logic/syntax-and-semantics/truth-at-w.tex	normal-modal-logic	section	selected	normal-modal-logic	normal-modal-logic/syntax-and-semantics/syntax-and-semantics.tex	0	0	0	-	0	yes	280	Truth at a World	defn=1;prop=1;prob=2;probtag=2;proof=1	defn:mmodels;defn:sub:mmodels-box;defn:sub:mmodels-diamond;prop:dual	defn:_#defn:mmodels,defn:sub:mmodels-box,defn:sub:mmodels-diamond;prop:_#prop:dual	partial/weaker	manual_fragment_match	FormalOLP/NormalModalLogic/Semantics.lean	FormalOLP/NormalModalLogic/Semantics.lean:43-61	Recursive truth clauses are present; source assignment/substitution and all worked examples are absent.
normal-modal-logic/syntax-and-semantics/truth-in-model.tex	normal-modal-logic	section	selected	normal-modal-logic	normal-modal-logic/syntax-and-semantics/syntax-and-semantics.tex	0	0	0	-	0	yes	208	Truth in a Model	defn=1;prop=1;prob=1;proof=1	prop:truthfacts	prop:_#prop:truthfacts	missing	no_native_match_found	-	-	No active FormalOLP declaration was found for this substantive source section.
normal-modal-logic/tableaux/completeness.tex	normal-modal-logic	section	selected	normal-modal-logic	normal-modal-logic/tableaux/tableaux.tex	0	0	0	-	0	yes	729	Completeness for \Log{K	defn=1;thm=1;prop=1;cor=2;prob=1;proof=2;explain=2	prop:complete-tableau;thm:tableau-completeness;cor:entailment-completeness;cor:weak-completeness	thm:Completeness#thm:tableau-completeness;prop:_#prop:complete-tableau;cor:_#cor:entailment-completeness;cor:_#cor:weak-completeness	missing	no_native_match_found	-	-	No active FormalOLP declaration was found for this substantive source section.
normal-modal-logic/tableaux/countermodels.tex	normal-modal-logic	section	selected	normal-modal-logic	normal-modal-logic/tableaux/tableaux.tex	0	0	0	-	0	yes	631	Countermodels from \usetoken{P	ex=2;explain=1;figure=2;oltableau=6	fig:counter-Box;fig:counter-Diamond	ex:_#fig:counter-Box;ex:_#fig:counter-Diamond	missing	no_native_match_found	-	-	No active FormalOLP declaration was found for this substantive source section.
normal-modal-logic/tableaux/introduction.tex	normal-modal-logic	section	selected	normal-modal-logic	normal-modal-logic/tableaux/tableaux.tex	0	0	0	-	0	yes	254	Introduction	-	-	-	missing	no_native_match_found	-	-	No active FormalOLP declaration was found for this substantive source section.
normal-modal-logic/tableaux/more-rules.tex	normal-modal-logic	section	selected	normal-modal-logic	normal-modal-logic/tableaux/tableaux.tex	0	0	0	-	0	yes	82	Rules for Other Accessibility Relations	ex=1;prob=1;table=2;oltableau=1	tab:more-rules;tab:logics-rules	-	missing	no_native_match_found	-	-	No active FormalOLP declaration was found for this substantive source section.
normal-modal-logic/tableaux/more-soundness.tex	normal-modal-logic	section	selected	normal-modal-logic	normal-modal-logic/tableaux/tableaux.tex	0	0	0	-	0	yes	530	Soundness for Additional Rules	prop=5;cor=1;prob=5;proof=5	prop:soundness-T;prop:soundness-D;prop:soundness-B;prop:soundness-4;prop:soundness-4r;cor:soundness-logics	prop:_#prop:soundness-T;prop:_#prop:soundness-D;prop:_#prop:soundness-B;prop:_#prop:soundness-4;prop:_#prop:soundness-4r;cor:_#cor:soundness-logics	missing	no_native_match_found	-	-	No active FormalOLP declaration was found for this substantive source section.
normal-modal-logic/tableaux/proofs-in-K.tex	normal-modal-logic	section	selected	normal-modal-logic	normal-modal-logic/tableaux/tableaux.tex	0	0	0	-	0	yes	48	\usetoken{P	ex=2;prob=1;oltableau=2	-	-	missing	no_native_match_found	-	-	No active FormalOLP declaration was found for this substantive source section.
normal-modal-logic/tableaux/rules-for-K.tex	normal-modal-logic	section	selected	normal-modal-logic	normal-modal-logic/tableaux/tableaux.tex	0	0	0	-	0	yes	384	Rules for \Ax{K	table=2;oltableau=6	tab:prop-rules;tab:rules-K	-	missing	no_native_match_found	-	-	No active FormalOLP declaration was found for this substantive source section.
normal-modal-logic/tableaux/simple-S5.tex	normal-modal-logic	section	selected	normal-modal-logic	normal-modal-logic/tableaux/tableaux.tex	0	0	0	-	0	yes	166	Simple \usetoken{P	ex=1;table=1;oltableau=1	tab:rules-S5	-	missing	no_native_match_found	-	-	No active FormalOLP declaration was found for this substantive source section.
normal-modal-logic/tableaux/soundness.tex	normal-modal-logic	section	selected	normal-modal-logic	normal-modal-logic/tableaux/tableaux.tex	0	0	0	-	0	yes	1031	Soundness for \Log{K	defn=2;thm=1;prop=1;cor=2;prob=1;proof=3;explain=1;editorial=1	thm:tableau-soundness;cor:entailment-soundness;cor:weak-soundness	thm:Soundness#thm:tableau-soundness;cor:_#cor:entailment-soundness;cor:_#cor:weak-soundness	missing	no_native_match_found	-	-	No active FormalOLP declaration was found for this substantive source section.
normal-modal-logic/tableaux/tableaux.tex	normal-modal-logic	chapter	selected	normal-modal-logic	normal-modal-logic/normal-modal-logic.tex	9	0	0	-	0	yes	30	nml	editorial=1	-	-	structural-container	aggregator	-	-	Aggregator/editorial import container; child source files are audited separately.
open-logic-about.tex	root	root-documentation	orphan_or_unselected	-	-	0	0	0	-	0	yes	200	-	-	-	-	non-formal-exposition	documentation_scope	docs/topic-map.md	-	Repository/source attribution and editorial material, not a Lean theorem target.
proof-theory/cut-elimination/ce-largest.tex	proof-theory	section	orphan_or_unselected	-	proof-theory/cut-elimination/cut-elimination.tex	0	0	0	-	0	yes	1281	Removing Largest Cuts	thm=1;lem=2;prob=1;proof=3	lem:inv-G3c-cut;lem:max-cut-red-G3c;thm:cut-elim-G3c-largest	thm:_#thm:cut-elim-G3c-largest;lem:_#lem:inv-G3c-cut;lem:_#lem:max-cut-red-G3c	missing	no_native_match_found	-	-	No active FormalOLP declaration was found for this substantive source section.
proof-theory/cut-elimination/ce-topmost.tex	proof-theory	section	orphan_or_unselected	-	proof-theory/cut-elimination/cut-elimination.tex	0	0	0	-	0	yes	1708	Removing Topmost Cuts;Case A:;Case B:;Cases C and D: Permuting cuts.;Case C:;Case D:;Case E: Reducing cuts.	defn=1;thm=1;lem=1;prob=4;proof=2	lem:cut-adm-G3c;thm:cut-elim-G3c-topmost	thm:_#thm:cut-elim-G3c-topmost;lem:_#lem:cut-adm-G3c	missing	no_native_match_found	-	-	No active FormalOLP declaration was found for this substantive source section.
proof-theory/cut-elimination/cut-elimination.tex	proof-theory	chapter	orphan_or_unselected	-	proof-theory/proof-theory.tex	5	0	0	-	0	no	3	pt	-	-	-	structural-container	aggregator	-	-	Aggregator/editorial import container; child source files are audited separately.
proof-theory/cut-elimination/interpolation.tex	proof-theory	section	orphan_or_unselected	-	proof-theory/cut-elimination/cut-elimination.tex	0	0	0	-	0	yes	1771	Maehara's Lemma and Craig's Interpolation Theorem	thm=2;lem=2;prob=1;proof=4	thm:interpolation;lem:maehara	thm:Craig's Interpolation Theorem#thm:interpolation;thm:Robinson's Joint Consistency Theorem;lem:Maehara's Lemma#lem:maehara;lem:Beth Definability Theorem	missing	no_native_match_found	-	-	No active FormalOLP declaration was found for this substantive source section.
proof-theory/cut-elimination/introduction.tex	proof-theory	section	orphan_or_unselected	-	proof-theory/cut-elimination/cut-elimination.tex	0	0	0	-	0	yes	686	Introduction	-	-	-	missing	no_native_match_found	-	-	No active FormalOLP declaration was found for this substantive source section.
proof-theory/cut-elimination/intuitionistic.tex	proof-theory	aggregate	orphan_or_unselected	-	-	0	0	0	-	0	yes	75	-	-	-	-	missing	no_native_match_found	-	-	No active FormalOLP declaration was found for this substantive source section.
proof-theory/cut-elimination/midsequent.tex	proof-theory	section	orphan_or_unselected	-	proof-theory/cut-elimination/cut-elimination.tex	0	0	0	-	0	yes	1042	The Midsequent Theorem and Herbrand's Theorem	thm=2;prob=1;proof=2	thm:midsequent	thm:Herbrand's Theorem;thm:Midsequent Theorem#thm:midsequent	missing	no_native_match_found	-	-	No active FormalOLP declaration was found for this substantive source section.
proof-theory/natural-deduction/grafting.tex	proof-theory	section	orphan_or_unselected	-	proof-theory/natural-deduction/natural-deduction.tex	0	0	0	-	0	yes	296	Grafting \usetoken{P	defn=2;prop=1;proof=1	-	-	missing	no_native_match_found	-	-	No active FormalOLP declaration was found for this substantive source section.
proof-theory/natural-deduction/introduction.tex	proof-theory	section	orphan_or_unselected	-	proof-theory/natural-deduction/natural-deduction.tex	0	0	0	-	0	yes	620	Introduction	-	-	-	missing	no_native_match_found	-	-	No active FormalOLP declaration was found for this substantive source section.
proof-theory/natural-deduction/natural-deduction.tex	proof-theory	chapter	orphan_or_unselected	-	proof-theory/proof-theory.tex	7	0	0	-	0	no	3	pt	-	-	-	structural-container	aggregator	-	-	Aggregator/editorial import container; child source files are audited separately.
proof-theory/natural-deduction/quantifiers.tex	proof-theory	section	orphan_or_unselected	-	proof-theory/natural-deduction/natural-deduction.tex	0	0	0	-	0	yes	593	Regular \usetoken{P	defn=1;prop=1;lem=1;prob=1;proof=2	lem:subst-regular;prop:regular	prop:_#prop:regular;lem:_#lem:subst-regular	missing	no_native_match_found	-	-	No active FormalOLP declaration was found for this substantive source section.
proof-theory/natural-deduction/rules-N1.tex	proof-theory	aggregate	orphan_or_unselected	-	-	0	0	0	proof-theory/natural-deduction/rules-proofs.tex	0	yes	31	-	table=1	tab:N1	-	missing	no_native_match_found	-	-	No active FormalOLP declaration was found for this substantive source section.
proof-theory/natural-deduction/rules-N2.tex	proof-theory	aggregate	orphan_or_unselected	-	-	0	0	0	proof-theory/natural-deduction/sequents.tex	0	yes	37	-	table=1	tab:N2	-	partial/weaker	manual_fragment_match	FormalOLP/ProofTheory/NaturalDeduction.lean	FormalOLP/ProofTheory/NaturalDeduction.lean:31-56	The propositional N2c constructors are native, including classical raa; quantifier rules and the full labelled-sequent presentation are absent.
proof-theory/natural-deduction/rules-proofs.tex	proof-theory	section	orphan_or_unselected	-	proof-theory/natural-deduction/natural-deduction.tex	0	1	0	-	0	yes	943	Rules and \usetoken{P	defn=2;ex=1	defn:proof;defn:prf:assumption;defn:prf:one-prem	defn:_#defn:proof,defn:prf:assumption,defn:prf:one-prem	partial/weaker	manual_fragment_match	FormalOLP/ProofTheory/NaturalDeduction.lean	FormalOLP/ProofTheory/NaturalDeduction.lean:31-56,78-244	Derivation, weakening, finite support, and soundness cover the propositional proof object, not the source quantifier calculus.
proof-theory/natural-deduction/sequents.tex	proof-theory	section	orphan_or_unselected	-	proof-theory/natural-deduction/natural-deduction.tex	0	1	0	-	0	yes	488	Natural Deduction with Sequents: \Log{N2c	prop=2;proof=2	-	-	missing	no_native_match_found	-	-	No active FormalOLP declaration was found for this substantive source section.
proof-theory/natural-deduction/translation-G2i.tex	proof-theory	section	orphan_or_unselected	-	proof-theory/natural-deduction/natural-deduction.tex	0	0	0	-	0	yes	574	Translating from \Log{G2i	prop=1;proof=1	prop:G2i-to-N2i	prop:_#prop:G2i-to-N2i	missing	no_native_match_found	-	-	No active FormalOLP declaration was found for this substantive source section.
proof-theory/natural-deduction/translation-N2i.tex	proof-theory	section	orphan_or_unselected	-	proof-theory/natural-deduction/natural-deduction.tex	0	0	0	-	0	yes	240	Translating from \Log{N2	prop=1;proof=1	prop:N2-to-G2	prop:_#prop:N2-to-G2	missing	no_native_match_found	-	-	No active FormalOLP declaration was found for this substantive source section.
proof-theory/normalization/introduction.tex	proof-theory	section	orphan_or_unselected	-	proof-theory/normalization/normalization.tex	0	0	0	-	0	yes	275	Introduction	-	-	-	missing	no_native_match_found	-	-	No active FormalOLP declaration was found for this substantive source section.
proof-theory/normalization/normalization-thm.tex	proof-theory	section	orphan_or_unselected	-	proof-theory/normalization/normalization.tex	0	0	0	-	0	yes	261	The Normalization Theorem	thm=2;proof=1	thm:normalization;thm:normalization-N2i	thm:_#thm:normalization;thm:_#thm:normalization-N2i	missing	no_native_match_found	-	-	No active FormalOLP declaration was found for this substantive source section.
proof-theory/normalization/normalization.tex	proof-theory	chapter	orphan_or_unselected	-	proof-theory/proof-theory.tex	6	0	0	-	0	no	2	pt	-	-	-	structural-container	aggregator	-	-	Aggregator/editorial import container; child source files are audited separately.
proof-theory/normalization/permutations.tex	proof-theory	section	orphan_or_unselected	-	proof-theory/normalization/normalization.tex	0	0	0	-	0	yes	583	Permutation Conversions	prob=3	tab:permutation-conversions	-	missing	no_native_match_found	-	-	No active FormalOLP declaration was found for this substantive source section.
proof-theory/normalization/reductions.tex	proof-theory	section	orphan_or_unselected	-	proof-theory/normalization/normalization.tex	0	0	0	-	0	yes	749	Reduction Conversions	prob=1;table=1	tab:reduction-conversions	-	missing	no_native_match_found	-	-	No active FormalOLP declaration was found for this substantive source section.
proof-theory/normalization/segments.tex	proof-theory	section	orphan_or_unselected	-	proof-theory/normalization/normalization.tex	0	0	0	-	0	yes	310	Segments and Cuts	defn=3	-	-	missing	no_native_match_found	-	-	No active FormalOLP declaration was found for this substantive source section.
proof-theory/normalization/translations.tex	proof-theory	section	orphan_or_unselected	-	proof-theory/normalization/normalization.tex	0	0	0	-	0	yes	1036	Translating Between Normal \Log{N2i	prop=1;cor=2;proof=3	prop:normal-N2i-to-G2i	prop:_#prop:normal-N2i-to-G2i	missing	no_native_match_found	-	-	No active FormalOLP declaration was found for this substantive source section.
proof-theory/proof-search/completeness.tex	proof-theory	section	orphan_or_unselected	-	proof-theory/proof-search/proof-search.tex	0	0	0	-	0	yes	790	Completeness	lem=1;cor=2;proof=3	lem:truth;cor:complete	lem:_#lem:truth;cor:_#cor:complete	missing	no_native_match_found	-	-	No active FormalOLP declaration was found for this substantive source section.
proof-theory/proof-search/introduction.tex	proof-theory	section	orphan_or_unselected	-	proof-theory/proof-search/proof-search.tex	0	0	0	-	0	yes	866	Introduction	-	-	-	missing	no_native_match_found	-	-	No active FormalOLP declaration was found for this substantive source section.
proof-theory/proof-search/proof-search.tex	proof-theory	chapter	orphan_or_unselected	-	-	4	0	0	-	0	no	3	pt	-	-	-	structural-container	aggregator	-	-	Aggregator/editorial import container; child source files are audited separately.
proof-theory/proof-search/rules-Tc.tex	proof-theory	aggregate	orphan_or_unselected	-	-	0	0	0	proof-theory/proof-search/tableaux.tex	0	yes	20	-	table=1	tab:Tc	-	missing	no_native_match_found	-	-	No active FormalOLP declaration was found for this substantive source section.
proof-theory/proof-search/search-algorithm.tex	proof-theory	section	orphan_or_unselected	-	proof-theory/proof-search/proof-search.tex	0	0	0	-	0	yes	748	Search Algorithm for \Log{G3c	prop=1	-	-	missing	no_native_match_found	-	-	No active FormalOLP declaration was found for this substantive source section.
proof-theory/proof-search/tableaux.tex	proof-theory	section	orphan_or_unselected	-	proof-theory/proof-search/proof-search.tex	0	1	0	-	0	yes	718	Tableaux	-	-	-	missing	no_native_match_found	-	-	No active FormalOLP declaration was found for this substantive source section.
proof-theory/proof-theory.tex	proof-theory	part	orphan_or_unselected	-	-	5	0	0	-	0	yes	19	pt	editorial=1	-	-	structural-container	aggregator	-	-	Aggregator/editorial import container; child source files are audited separately.
proof-theory/propositions-as-types/introduction.tex	proof-theory	section	orphan_or_unselected	-	proof-theory/propositions-as-types/propositions-as-types.tex	0	0	0	-	0	yes	565	Introduction	prooftree=1	-	-	missing	no_native_match_found	-	-	No active FormalOLP declaration was found for this substantive source section.
proof-theory/propositions-as-types/normalization.tex	proof-theory	section	orphan_or_unselected	-	proof-theory/propositions-as-types/propositions-as-types.tex	0	0	0	-	0	yes	1085	Normalization	thm=1;prop=1;lem=3;proof=5	lem:subst	prop:Weak Church-Rosser Property;lem:_#lem:subst;lem:Newman's Lemma	missing	no_native_match_found	-	-	No active FormalOLP declaration was found for this substantive source section.
proof-theory/propositions-as-types/proof-terms.tex	proof-theory	section	orphan_or_unselected	-	proof-theory/propositions-as-types/propositions-as-types.tex	0	1	0	-	0	yes	601	Proof Terms	defn=1	-	-	missing	no_native_match_found	-	-	No active FormalOLP declaration was found for this substantive source section.
proof-theory/propositions-as-types/proofs-to-terms.tex	proof-theory	section	orphan_or_unselected	-	proof-theory/propositions-as-types/propositions-as-types.tex	0	0	0	-	0	yes	219	Converting \usetoken{P	prop=1;ex=1;proof=1	-	-	missing	no_native_match_found	-	-	No active FormalOLP declaration was found for this substantive source section.
proof-theory/propositions-as-types/propositions-as-types.tex	proof-theory	chapter	orphan_or_unselected	-	proof-theory/proof-theory.tex	8	0	0	-	1	yes	76	int	editorial=1	-	-	structural-container	aggregator	-	-	Aggregator/editorial import container; child source files are audited separately.
proof-theory/propositions-as-types/reduction.tex	proof-theory	section	orphan_or_unselected	-	proof-theory/propositions-as-types/propositions-as-types.tex	0	0	0	-	0	yes	412	Reduction	-	-	-	missing	no_native_match_found	-	-	No active FormalOLP declaration was found for this substantive source section.
proof-theory/propositions-as-types/rules-tN2.tex	proof-theory	aggregate	orphan_or_unselected	-	-	0	0	0	proof-theory/propositions-as-types/proof-terms.tex	0	yes	10	-	table=1	tab:tN2ip	-	missing	no_native_match_found	-	-	No active FormalOLP declaration was found for this substantive source section.
proof-theory/propositions-as-types/rules-tN3.tex	proof-theory	aggregate	orphan_or_unselected	-	-	0	0	0	proof-theory/propositions-as-types/types.tex	0	yes	16	-	table=1	tab:tN3ip	-	missing	no_native_match_found	-	-	No active FormalOLP declaration was found for this substantive source section.
proof-theory/propositions-as-types/sequent-natural-deduction.tex	proof-theory	section	orphan_or_unselected	-	-	0	0	0	-	0	yes	202	Sequent Natural Deduction	prooftree=4	-	-	missing	no_native_match_found	-	-	No active FormalOLP declaration was found for this substantive source section.
proof-theory/propositions-as-types/terms-to-proofs.tex	proof-theory	section	orphan_or_unselected	-	proof-theory/propositions-as-types/propositions-as-types.tex	0	0	0	-	0	yes	242	Recovering \usetoken{P	-	-	-	missing	no_native_match_found	-	-	No active FormalOLP declaration was found for this substantive source section.
proof-theory/propositions-as-types/type-preservation.tex	proof-theory	section	orphan_or_unselected	-	proof-theory/propositions-as-types/propositions-as-types.tex	0	0	0	-	0	yes	374	Type Preservation	prop=1;proof=1	-	-	missing	no_native_match_found	-	-	No active FormalOLP declaration was found for this substantive source section.
proof-theory/propositions-as-types/types.tex	proof-theory	section	orphan_or_unselected	-	proof-theory/propositions-as-types/propositions-as-types.tex	0	1	0	-	0	yes	552	Types	defn=2;prop=1;proof=1	defn:type	defn:_#defn:type	missing	no_native_match_found	-	-	No active FormalOLP declaration was found for this substantive source section.
proof-theory/sequent-calculus/admissible-derivable.tex	proof-theory	section	orphan_or_unselected	-	proof-theory/sequent-calculus/sequent-calculus.tex	0	0	0	-	0	yes	851	Admissible and Derivable Rules	defn=3;prop=2;ex=2;prob=2;proof=2	ex:land-deriv;prop:lor-G3-adm;ex:weak-adm;prop:weak-G3c-adm	prop:_#prop:lor-G3-adm;prop:_#prop:weak-G3c-adm;ex:_#ex:land-deriv;ex:_#ex:weak-adm	missing	no_native_match_found	-	-	No active FormalOLP declaration was found for this substantive source section.
proof-theory/sequent-calculus/interpretation-rules.tex	proof-theory	section	orphan_or_unselected	-	proof-theory/sequent-calculus/sequent-calculus.tex	0	1	0	-	0	yes	702	Interpretation of Rules	prob=1	-	-	missing	no_native_match_found	-	-	No active FormalOLP declaration was found for this substantive source section.
proof-theory/sequent-calculus/introduction.tex	proof-theory	section	orphan_or_unselected	-	proof-theory/sequent-calculus/sequent-calculus.tex	0	2	0	-	0	yes	741	Introduction	defn=1	-	defn:Sequent	missing	no_native_match_found	-	-	No active FormalOLP declaration was found for this substantive source section.
proof-theory/sequent-calculus/invertibility.tex	proof-theory	section	orphan_or_unselected	-	proof-theory/sequent-calculus/sequent-calculus.tex	0	0	0	-	0	yes	974	Invertibility of Rules	defn=1;prop=1;lem=2;prob=3;proof=3	lem:G3c-invert;lem:invert-quant;prop:G3c-cont-adm	prop:_#prop:G3c-cont-adm;lem:_#lem:G3c-invert;lem:_#lem:invert-quant	missing	no_native_match_found	-	-	No active FormalOLP declaration was found for this substantive source section.
proof-theory/sequent-calculus/proof-examples.tex	proof-theory	section	orphan_or_unselected	-	proof-theory/sequent-calculus/sequent-calculus.tex	0	0	0	-	0	yes	810	Examples of Proofs	defn=1;prop=2;prob=2;proof=2	defn:depth;prop:G1c-axioms;prop:G3c-axioms	defn:_#defn:depth;prop:_#prop:G1c-axioms;prop:_#prop:G3c-axioms	missing	no_native_match_found	-	-	No active FormalOLP declaration was found for this substantive source section.
proof-theory/sequent-calculus/quantifiers.tex	proof-theory	section	orphan_or_unselected	-	proof-theory/sequent-calculus/sequent-calculus.tex	0	0	0	-	0	yes	559	Regular Proofs and Substitution	defn=1;prop=1;lem=1;proof=2	lem:subst-regular	lem:_#lem:subst-regular	missing	no_native_match_found	-	-	No active FormalOLP declaration was found for this substantive source section.
proof-theory/sequent-calculus/rules-G1c.tex	proof-theory	aggregate	orphan_or_unselected	-	-	0	0	0	proof-theory/sequent-calculus/introduction.tex	0	yes	23	-	table=1	tab:G1c	-	missing	no_native_match_found	-	-	No active FormalOLP declaration was found for this substantive source section.
proof-theory/sequent-calculus/rules-G1i.tex	proof-theory	aggregate	orphan_or_unselected	-	-	0	0	0	-	0	yes	42	-	table=1	tab:G1i	-	missing	no_native_match_found	-	-	No active FormalOLP declaration was found for this substantive source section.
proof-theory/sequent-calculus/rules-G2c.tex	proof-theory	aggregate	orphan_or_unselected	-	-	0	0	0	proof-theory/sequent-calculus/interpretation-rules.tex	0	yes	23	-	table=1	tab:G2c	-	missing	no_native_match_found	-	-	No active FormalOLP declaration was found for this substantive source section.
proof-theory/sequent-calculus/rules-G3c.tex	proof-theory	aggregate	orphan_or_unselected	-	-	0	0	0	proof-theory/sequent-calculus/introduction.tex	0	yes	28	-	table=1	tab:G3c	-	missing	no_native_match_found	-	-	No active FormalOLP declaration was found for this substantive source section.
proof-theory/sequent-calculus/rules-G3i.tex	proof-theory	aggregate	orphan_or_unselected	-	-	0	0	0	-	0	yes	41	-	table=1	tab:G3i	-	missing	no_native_match_found	-	-	No active FormalOLP declaration was found for this substantive source section.
proof-theory/sequent-calculus/rules-LK.tex	proof-theory	aggregate	orphan_or_unselected	-	-	0	0	0	-	0	yes	23	-	table=1	tab:G1c	-	missing	no_native_match_found	-	-	No active FormalOLP declaration was found for this substantive source section.
proof-theory/sequent-calculus/rules-mG3i.tex	proof-theory	aggregate	orphan_or_unselected	-	-	0	0	0	-	0	yes	36	-	table=1	tab:G3c	-	missing	no_native_match_found	-	-	No active FormalOLP declaration was found for this substantive source section.
proof-theory/sequent-calculus/rules-proofs.tex	proof-theory	section	orphan_or_unselected	-	proof-theory/sequent-calculus/sequent-calculus.tex	0	0	0	-	0	yes	716	Rules and \usetoken{P	defn=2;ex=1	defn:proof;defn:prf:axiom;defn:prf:one-prem;defn:prf:two-prem	defn:_#defn:proof,defn:prf:axiom,defn:prf:one-prem,defn:prf:two-prem	missing	no_native_match_found	-	-	No active FormalOLP declaration was found for this substantive source section.
proof-theory/sequent-calculus/sequent-calculus.tex	proof-theory	chapter	orphan_or_unselected	-	proof-theory/proof-theory.tex	8	0	0	-	0	no	4	pt	-	-	-	structural-container	aggregator	-	-	Aggregator/editorial import container; child source files are audited separately.
proof-theory/sequent-calculus/translations.tex	proof-theory	section	orphan_or_unselected	-	proof-theory/sequent-calculus/sequent-calculus.tex	0	0	0	-	0	yes	281	Translating between \Log{G1c	prop=2;proof=2	-	-	missing	no_native_match_found	-	-	No active FormalOLP declaration was found for this substantive source section.
propositional-logic/propositional-logic.tex	propositional-logic	part	selected	propositional-logic	content.tex	7	0	0	-	0	yes	100	pl	editorial=1	-	-	structural-container	aggregator	-	-	Aggregator/editorial import container; child source files are audited separately.
propositional-logic/syntax-and-semantics/completeness.tex	propositional-logic	section	orphan_or_unselected	-	-	0	0	0	-	0	yes	272	Completeness of Propositional Logic	defn=1;thm=1;prop=1;lem=1;cor=2;prob=1;proof=4	def:MaxCon;lem:truth;lem:truth-1;lem:truth-2;lem:truth-3;thm:completeness;prop:compactness	defn:_#def:MaxCon;thm:Completeness#thm:completeness;prop:Compactness Theorem#prop:compactness;lem:Truth Lemma#lem:truth,lem:truth-1,lem:truth-2,lem:truth-3	missing	no_native_match_found	-	-	No active FormalOLP declaration was found for this substantive source section.
propositional-logic/syntax-and-semantics/formation-sequences.tex	propositional-logic	section	selected	propositional-logic	propositional-logic/syntax-and-semantics/syntax-and-semantics.tex	0	0	0	-	0	yes	404	Formation Sequences	defn=1;thm=1;prop=1;lem=1;ex=1;proof=3	defn:fseq-frm;prop:formed;lem:fseq-init;thm:fseq-frm-equiv	defn:Formation sequences for formulas#defn:fseq-frm;thm:_#thm:fseq-frm-equiv;prop:_#prop:formed;lem:_#lem:fseq-init	missing	no_native_match_found	-	-	No active FormalOLP declaration was found for this substantive source section.
propositional-logic/syntax-and-semantics/formulas.tex	propositional-logic	section	selected	propositional-logic	propositional-logic/syntax-and-semantics/syntax-and-semantics.tex	0	0	0	-	0	yes	578	Propositional \usetoken{P	defn=3;explain=2;intro=1	defn:formulas	defn:Formula#defn:formulas;defn:Syntactic identity	definition/statement-only	manual_definition_match	FormalOLP/PropositionalLogic/Syntax.lean	FormalOLP/PropositionalLogic/Syntax.lean:20-45	Primitive Formula/neg/verum definitions are native; formation-sequence and metatheory results are absent.
propositional-logic/syntax-and-semantics/introduction.tex	propositional-logic	section	selected	propositional-logic	propositional-logic/syntax-and-semantics/syntax-and-semantics.tex	0	0	0	-	0	yes	530	Introduction	-	-	-	missing	no_native_match_found	-	-	No active FormalOLP declaration was found for this substantive source section.
propositional-logic/syntax-and-semantics/preliminaries.tex	propositional-logic	section	selected	propositional-logic	propositional-logic/syntax-and-semantics/syntax-and-semantics.tex	0	0	0	-	0	yes	302	Preliminaries	defn=1;thm=1;prop=3;prob=4;proof=2	thm:induction;prop:balanced;prop:noinit	defn:Uniform Substitution;thm:\emph{Principle of induction on !!{formula}s}#thm:induction;prop:_#prop:balanced;prop:_#prop:noinit;prop:Unique Readability	missing	no_native_match_found	-	-	No active FormalOLP declaration was found for this substantive source section.
propositional-logic/syntax-and-semantics/semantic-notions.tex	propositional-logic	section	selected	propositional-logic	propositional-logic/syntax-and-semantics/syntax-and-semantics.tex	0	0	0	-	0	yes	140	Semantic Notions	defn=1;thm=1;prop=2;prob=4;proof=3	prop:semanticalfacts;def:monotonicity;def:Cut;prop:entails-unsat;thm:sem-deduction	thm:Semantic Deduction Theorem#thm:sem-deduction;prop:_#prop:semanticalfacts,def:monotonicity,def:Cut;prop:_#prop:entails-unsat	partial/weaker	manual_fragment_match	FormalOLP/PropositionalLogic/Semantics.lean	FormalOLP/PropositionalLogic/Semantics.lean:65-129	Entails, monotonicity, unsatisfiable-negation, and deduction links exist; source cut/semantic fact package is incomplete.
propositional-logic/syntax-and-semantics/soundness.tex	propositional-logic	section	orphan_or_unselected	-	-	0	0	0	-	0	yes	59	Soundness of Propositional Logic	thm=1;cor=1;proof=1	thm:soundness	thm:Soundness#thm:soundness	partial/weaker	manual_fragment_match	FormalOLP/ProofTheory/NaturalDeduction.lean	FormalOLP/ProofTheory/NaturalDeduction.lean:248-299	Native N2c derivation soundness is proved, but the source axiomatic propositional calculus is not the same interface.
propositional-logic/syntax-and-semantics/syntax-and-semantics.tex	propositional-logic	chapter	selected	propositional-logic	propositional-logic/propositional-logic.tex	6	0	0	-	0	yes	30	pl	editorial=1	-	-	structural-container	aggregator	-	-	Aggregator/editorial import container; child source files are audited separately.
propositional-logic/syntax-and-semantics/valuations-sat.tex	propositional-logic	section	selected	propositional-logic	propositional-logic/syntax-and-semantics/syntax-and-semantics.tex	0	0	0	-	0	yes	154	\usetoken{P	defn=3;thm=1;prop=1;prob=2;proof=2;explain=1	thm:LocalDetermination;defn:satisfaction;prop:sat-value	defn:!!^{valuation}s;defn:Satisfaction#defn:satisfaction;thm:Local Determination#thm:LocalDetermination;prop:_#prop:sat-value	partial/weaker	manual_fragment_match	FormalOLP/PropositionalLogic/Semantics.lean	FormalOLP/PropositionalLogic/Semantics.lean:24-77	Evaluate/Satisfies covers truth clauses, but Local Determination and the full source development are not separately formalized.
reference/fraktur-alphabet/fraktur-alphabet.tex	reference	chapter	selected	reference	reference/reference.tex	0	0	0	-	0	no	6	ref	-	-	-	non-formal-exposition	documentation_scope	-	-	Notation-reference material; no mathematical Lean theorem target is claimed.
reference/greek-alphabet/greek-alphabet.tex	reference	chapter	selected	reference	reference/reference.tex	0	0	0	-	0	yes	30	ref	-	-	-	non-formal-exposition	documentation_scope	-	-	Notation-reference material; no mathematical Lean theorem target is claimed.
reference/reference.tex	reference	part	selected	reference	content.tex	2	0	0	-	0	yes	18	ref	editorial=1	-	-	structural-container	aggregator	-	-	Part/chapter container with imports or section assembly; substantive child sections are audited separately.
second-order-logic/metatheory/compactness.tex	second-order-logic	section	selected	second-order-logic	second-order-logic/metatheory/metatheory.tex	0	0	0	-	0	yes	187	Second-order Logic is not Compact	thm=1;prob=1;proof=1;explain=1	thm:sol-undecidable	thm:_#thm:sol-undecidable	missing	no_native_match_found	-	-	No active FormalOLP declaration was found for this substantive source section.
second-order-logic/metatheory/introduction.tex	second-order-logic	section	selected	second-order-logic	second-order-logic/metatheory/metatheory.tex	0	0	0	-	0	yes	251	Introduction	-	-	-	missing	no_native_match_found	-	-	No active FormalOLP declaration was found for this substantive source section.
second-order-logic/metatheory/loewenheim-skolem.tex	second-order-logic	section	selected	second-order-logic	second-order-logic/metatheory/metatheory.tex	0	0	0	-	0	yes	149	"The L\""owenheim--Skolem Theorem Fails for Second-order Logic"	thm=2;proof=2;explain=1	thm:sol-no-ls	thm:_#thm:sol-no-ls	missing	no_native_match_found	-	-	No active FormalOLP declaration was found for this substantive source section.
second-order-logic/metatheory/metatheory.tex	second-order-logic	chapter	selected	second-order-logic	second-order-logic/second-order-logic.tex	5	0	0	-	0	no	6	sol	-	-	-	structural-container	aggregator	-	-	Aggregator/editorial import container; child source files are audited separately.
second-order-logic/metatheory/second-order-arithmetic.tex	second-order-logic	section	selected	second-order-logic	second-order-logic/metatheory/metatheory.tex	0	0	0	-	0	yes	356	Second-order Arithmetic	thm=1;prop=1;cor=1;prob=1;proof=3	thm:sol-pa-standard;cor:sol-pa-categorical;prop:sol-pa-definable	thm:_#thm:sol-pa-standard;prop:_#prop:sol-pa-definable;cor:_#cor:sol-pa-categorical	missing	no_native_match_found	-	-	No active FormalOLP declaration was found for this substantive source section.
second-order-logic/metatheory/undecidability-and-axiomatizability.tex	second-order-logic	section	selected	second-order-logic	second-order-logic/metatheory/metatheory.tex	0	0	0	-	0	yes	164	Second-order Logic is not Axiomatizable	thm=2;proof=2	thm:sol-undecidable;cor:sol-not-axiomatizable	thm:_#thm:sol-undecidable;thm:_#cor:sol-not-axiomatizable	missing	no_native_match_found	-	-	No active FormalOLP declaration was found for this substantive source section.
second-order-logic/second-order-logic.tex	second-order-logic	part	selected	second-order-logic	content.tex	3	0	0	-	0	yes	13	sol	editorial=1	-	-	structural-container	aggregator	-	-	Aggregator/editorial import container; child source files are audited separately.
second-order-logic/sol-and-set-theory/cardinalities.tex	second-order-logic	section	selected	second-order-logic	second-order-logic/sol-and-set-theory/sol-and-set-theory.tex	0	0	0	-	0	yes	227	Cardinalities of Sets	prop=2;explain=1	-	-	missing	no_native_match_found	-	-	No active FormalOLP declaration was found for this substantive source section.
second-order-logic/sol-and-set-theory/comparing-sets.tex	second-order-logic	section	selected	second-order-logic	second-order-logic/sol-and-set-theory/sol-and-set-theory.tex	0	0	0	-	0	yes	181	Comparing Sets	prop=6;proof=1	-	-	missing	no_native_match_found	-	-	No active FormalOLP declaration was found for this substantive source section.
second-order-logic/sol-and-set-theory/introduction.tex	second-order-logic	section	selected	second-order-logic	second-order-logic/sol-and-set-theory/sol-and-set-theory.tex	0	0	0	-	0	yes	103	Introduction	-	-	-	missing	no_native_match_found	-	-	No active FormalOLP declaration was found for this substantive source section.
second-order-logic/sol-and-set-theory/power-of-continuum.tex	second-order-logic	section	selected	second-order-logic	second-order-logic/sol-and-set-theory/sol-and-set-theory.tex	0	0	0	-	0	yes	600	The Power of the Continuum	defn=1;prop=6;proof=1;explain=4	-	-	missing	no_native_match_found	-	-	No active FormalOLP declaration was found for this substantive source section.
second-order-logic/sol-and-set-theory/sol-and-set-theory.tex	second-order-logic	chapter	selected	second-order-logic	second-order-logic/second-order-logic.tex	4	0	0	-	0	yes	56	sol	editorial=1	-	-	structural-container	aggregator	-	-	Aggregator/editorial import container; child source files are audited separately.
second-order-logic/syntax-and-semantics/expressive-power.tex	second-order-logic	section	selected	second-order-logic	second-order-logic/syntax-and-semantics/syntax-and-semantics.tex	0	0	0	-	0	yes	433	Expressive Power	defn=1;ex=2;prob=1;explain=1	-	-	missing	no_native_match_found	-	-	No active FormalOLP declaration was found for this substantive source section.
second-order-logic/syntax-and-semantics/inf-count.tex	second-order-logic	section	selected	second-order-logic	second-order-logic/syntax-and-semantics/syntax-and-semantics.tex	0	0	0	-	0	yes	430	Describing Infinite and \usetoken{S	prop=2;prob=1;proof=2	-	-	missing	no_native_match_found	-	-	No active FormalOLP declaration was found for this substantive source section.
second-order-logic/syntax-and-semantics/introduction.tex	second-order-logic	section	selected	second-order-logic	second-order-logic/syntax-and-semantics/syntax-and-semantics.tex	0	0	0	-	0	yes	334	Introduction	-	-	-	missing	no_native_match_found	-	-	No active FormalOLP declaration was found for this substantive source section.
second-order-logic/syntax-and-semantics/language-of-sol.tex	second-order-logic	section	orphan_or_unselected	-	-	0	0	0	-	0	yes	184	The Language of Second-Order Logic	-	-	-	missing	no_native_match_found	-	-	No active FormalOLP declaration was found for this substantive source section.
second-order-logic/syntax-and-semantics/satisfaction.tex	second-order-logic	section	selected	second-order-logic	second-order-logic/syntax-and-semantics/syntax-and-semantics.tex	0	0	0	-	0	yes	606	Satisfaction	defn=5;ex=3;prob=1;explain=2;quote=1	-	defn:Variable Assignment;defn:\usetoken{S}{value} of a Term;defn:$x$-Variant;defn:Satisfaction	partial/weaker	manual_fragment_match	FormalOLP/SecondOrderLogic/Semantics.lean	FormalOLP/SecondOrderLogic/Semantics.lean:49-83	Full relation quantification, object assignments, and satisfaction are native; function-variable semantics and term evaluation are absent.
second-order-logic/syntax-and-semantics/semantic-notions.tex	second-order-logic	section	selected	second-order-logic	second-order-logic/syntax-and-semantics/syntax-and-semantics.tex	0	0	0	-	0	yes	88	Semantic Notions	defn=3;explain=1	-	defn:Validity;defn:Entailment;defn:Satisfiability	partial/weaker	manual_fragment_match	FormalOLP/SecondOrderLogic/Semantics.lean	FormalOLP/SecondOrderLogic/Semantics.lean:85-194	Free-relation agreement and fresh relation quantifier introduction/elimination are proved; source validity/metatheory is absent.
second-order-logic/syntax-and-semantics/syntax-and-semantics.tex	second-order-logic	chapter	selected	second-order-logic	second-order-logic/second-order-logic.tex	6	0	0	-	0	yes	43	sol	editorial=1	-	-	structural-container	aggregator	-	-	Aggregator/editorial import container; child source files are audited separately.
second-order-logic/syntax-and-semantics/terms-formulas.tex	second-order-logic	section	selected	second-order-logic	second-order-logic/syntax-and-semantics/syntax-and-semantics.tex	0	0	0	-	0	yes	373	Terms and \printtoken{P	defn=2;explain=2	-	defn:Second-order Terms;defn:Second-order \usetoken{s}{formula}	definition/statement-only	manual_definition_match	FormalOLP/SecondOrderLogic/Semantics.lean	FormalOLP/SecondOrderLogic/Semantics.lean:27-37	Typed relation-variable Formula syntax is native; function variables and full term syntax are not.
set-theory/card-arithmetic/card-arithmetic.tex	set-theory	chapter	selected	set-theory	set-theory/set-theory.tex	5	0	0	-	0	no	4	sth	-	-	-	structural-container	aggregator	-	-	Part/chapter container with imports or section assembly; substantive child sections are audited separately.
set-theory/card-arithmetic/ch.tex	set-theory	section	selected	set-theory	set-theory/card-arithmetic/card-arithmetic.tex	0	0	0	-	0	yes	592	The Continuum Hypothesis	defn=1;prop=2;proof=2;defish=2	-	-	missing	none	-	-	No active declaration covers this ordinal, replacement, cardinal, choice, or cumulative-hierarchy result.
set-theory/card-arithmetic/expotough.tex	set-theory	section	selected	set-theory	set-theory/card-arithmetic/card-arithmetic.tex	0	0	0	-	0	yes	198	-	prop=4;proof=4	simplecardexpo;cardexpo2reduct	prop:_#simplecardexpo;prop:_#cardexpo2reduct	missing	none	-	-	No active declaration covers this ordinal, replacement, cardinal, choice, or cumulative-hierarchy result.
set-theory/card-arithmetic/fix.tex	set-theory	section	selected	set-theory	set-theory/card-arithmetic/card-arithmetic.tex	0	0	0	-	0	yes	642	$\aleph$-Fixed Points	prop=3;cor=1;proof=4;quote=2	alephfixed;bethfixed;stagesize	prop:_#alephfixed;prop:_#bethfixed;prop:_#stagesize	missing	none	-	-	No active declaration covers this ordinal, replacement, cardinal, choice, or cumulative-hierarchy result.
set-theory/card-arithmetic/opps.tex	set-theory	section	selected	set-theory	set-theory/card-arithmetic/card-arithmetic.tex	0	0	0	-	0	yes	454	Defining the Basic Operations	defn=1;thm=1;prop=2;lem=1;cor=1;prob=3;proof=5	cardplustimescommute;lem:SizePowerset2Exp;cantorcor;continuumis2aleph0	thm:_#continuumis2aleph0;prop:_#cardplustimescommute;lem:_#lem:SizePowerset2Exp;cor:_#cantorcor	missing	none	-	-	No active declaration covers this ordinal, replacement, cardinal, choice, or cumulative-hierarchy result.
set-theory/card-arithmetic/simp.tex	set-theory	section	selected	set-theory	set-theory/card-arithmetic/card-arithmetic.tex	0	0	0	-	0	yes	293	Simplifying Addition and Multiplication	defn=1;thm=1;prop=2;lem=2;proof=5	simplecardproduct;alphatimesalpha;cardplustimesmax;kappaunionkappasize	thm:_#cardplustimesmax;prop:_#simplecardproduct;prop:_#kappaunionkappasize;lem:_#alphatimesalpha	missing	none	-	-	No active declaration covers this ordinal, replacement, cardinal, choice, or cumulative-hierarchy result.
set-theory/cardinals/cardinals.tex	set-theory	chapter	selected	set-theory	set-theory/set-theory.tex	5	0	0	-	0	no	2	sth	-	-	-	structural-container	aggregator	-	-	Part/chapter container with imports or section assembly; substantive child sections are audited separately.
set-theory/cardinals/cardsasords.tex	set-theory	section	selected	set-theory	set-theory/cardinals/cardinals.tex	0	0	0	-	0	yes	538	Cardinals as Ordinals	defn=1;lem=2;axiom=1;proof=3	defcardinalasordinal;lem:CardinalsExist;cardaexists;cardaapprox;cardaidem;lem:CardinalsBehaveRight	defn:_#defcardinalasordinal;lem:_#lem:CardinalsExist,cardaexists,cardaapprox,cardaidem;lem:_#lem:CardinalsBehaveRight;axiom:Well-Ordering	missing	none	-	-	No active declaration covers this ordinal, replacement, cardinal, choice, or cumulative-hierarchy result.
set-theory/cardinals/classing.tex	set-theory	section	selected	set-theory	set-theory/cardinals/cardinals.tex	0	0	0	-	0	yes	544	Finite, \usetoken{S	defn=1;thm=3;prop=3;cor=4;proof=10	finitecardisoequal;naturalsarecardinals;generalinfinitycharacter;card:notinomega;card:omegaplus;card:infinite;defnfinite;omegaisacardinal;unioncardinalscardinal;lem:NoLargestCardinal	defn:_#defnfinite;thm:_#generalinfinitycharacter,card:notinomega,card:omegaplus,card:infinite;thm:_#lem:NoLargestCardinal;prop:_#finitecardisoequal;prop:_#unioncardinalscardinal;cor:_#naturalsarecardinals;cor:_#omegaisacardinal	missing	none	-	-	No active declaration covers this ordinal, replacement, cardinal, choice, or cumulative-hierarchy result.
set-theory/cardinals/cp.tex	set-theory	section	selected	set-theory	set-theory/cardinals/cardinals.tex	0	0	0	-	0	yes	227	Cantor's Principle	-	-	-	missing	none	-	-	No active declaration covers this ordinal, replacement, cardinal, choice, or cumulative-hierarchy result.
set-theory/cardinals/hp.tex	set-theory	section	selected	set-theory	set-theory/cardinals/cardinals.tex	0	0	0	-	0	yes	552	Appendix: Hume's Principle	quote=1	-	-	missing	none	-	-	No active declaration covers this ordinal, replacement, cardinal, choice, or cumulative-hierarchy result.
set-theory/cardinals/milestone.tex	set-theory	section	selected	set-theory	set-theory/cardinals/cardinals.tex	0	0	0	-	0	yes	117	$\ZFC$: A Milestone	defn=1	-	-	definition/statement-only	manual_definition_match	FormalOLP/SetTheory/Basic.lean	FormalOLP.SetTheory.Language; FormalOLP.SetTheory.ModelExtensionality	The source lists the ZF/ZFC milestones; the native module records only the membership language and a few model axioms, without asserting the list.
set-theory/choice/banach.tex	set-theory	section	selected	set-theory	set-theory/choice/choice.tex	0	0	0	-	0	yes	489	The Banach--Tarski Paradox	thm=1	-	thm:Banach--Tarski Paradox (in $\ZFC$)	missing	none	-	-	No active declaration covers this ordinal, replacement, cardinal, choice, or cumulative-hierarchy result.
set-theory/choice/choice.tex	set-theory	chapter	selected	set-theory	set-theory/set-theory.tex	8	0	0	-	0	no	2	sth	-	-	-	structural-container	aggregator	-	-	Part/chapter container with imports or section assembly; substantive child sections are audited separately.
set-theory/choice/countablechoice.tex	set-theory	section	selected	set-theory	set-theory/choice/choice.tex	0	0	0	-	0	yes	804	Countable Choice	thm=2;lem=1;ex=2;proof=3;defish=1;quote=1	-	thm:in $\Zminus + \text{Countable Choice}$;thm:in $\Zminus + \text{Countable Choice}$;lem:in $\Zminus$	missing	none	-	-	No active declaration covers this ordinal, replacement, cardinal, choice, or cumulative-hierarchy result.
set-theory/choice/hartogs.tex	set-theory	section	selected	set-theory	set-theory/choice/choice.tex	0	0	0	-	0	yes	247	Comparability and Hartogs' Lemma	thm=1;lem=1;proof=2	HartogsLemma;equivwo;equivcompare	thm:\emph{in $\ZF$}#equivwo,equivcompare;lem:\emph{in $\ZF$}#HartogsLemma	missing	none	-	-	No active declaration covers this ordinal, replacement, cardinal, choice, or cumulative-hierarchy result.
set-theory/choice/introduction.tex	set-theory	section	selected	set-theory	set-theory/choice/choice.tex	0	0	0	-	0	yes	67	Introduction	-	-	-	non-formal-exposition	documentation_scope	-	-	Introductory exposition without a formal declaration target.
set-theory/choice/justifications.tex	set-theory	section	selected	set-theory	set-theory/choice/choice.tex	0	0	0	-	0	yes	338	Intrinsic Considerations about Choice	thm=1;prob=1	choiceset	thm:in $\ZF$#choiceset	missing	none	-	-	No active declaration covers this ordinal, replacement, cardinal, choice, or cumulative-hierarchy result.
set-theory/choice/tarskiscott.tex	set-theory	section	selected	set-theory	set-theory/choice/choice.tex	0	0	0	-	0	yes	350	The Tarski--Scott Trick	defn=2	-	defn:Tarski--Scott	missing	none	-	-	No active declaration covers this ordinal, replacement, cardinal, choice, or cumulative-hierarchy result.
set-theory/choice/vitali.tex	set-theory	section	selected	set-theory	set-theory/choice/choice.tex	0	0	0	-	0	yes	1296	Appendix: Vitali's Paradox	thm=2;lem=6;cor=1;proof=7;quote=1	vitaliparadox;rotationsgroupabelian;disjointgroup;vitalicover;vitalinooverlap;pseudobanachtarski	thm:Vitali's Paradox (in $\ZFC$)#vitaliparadox;thm:Hausdorff's Paradox (in $\ZFC$);lem:_#rotationsgroupabelian;lem:_#disjointgroup;lem:_#vitalicover;lem:_#vitalinooverlap;lem:_#pseudobanachtarski;cor:Vitali	missing	none	-	-	No active declaration covers this ordinal, replacement, cardinal, choice, or cumulative-hierarchy result.
set-theory/choice/wellorderingproblem.tex	set-theory	section	selected	set-theory	set-theory/choice/choice.tex	0	0	0	-	0	yes	351	The Well-Ordering Problem	defn=1;thm=1;axiom=1;proof=1	thmwochoice	thm:in $\ZF$#thmwochoice;axiom:Choice	missing	none	-	-	No active declaration covers this ordinal, replacement, cardinal, choice, or cumulative-hierarchy result.
set-theory/ord-arithmetic/addition.tex	set-theory	section	selected	set-theory	set-theory/ord-arithmetic/ord-arithmetic.tex	0	0	0	-	0	yes	628	Ordinal Addition	defn=3;prop=2;lem=3;prob=1;proof=5	defdissum;defordplus;ordsumlessiswo;ordadditionrecursion;ordinaladditionisnice;ordaddition1;ordaddition2;ordaddition3;ordaddition4;ordsumnotcommute	defn:_#defdissum;defn:_#defordplus;prop:_#ordsumnotcommute;lem:_#ordsumlessiswo;lem:_#ordadditionrecursion;lem:_#ordinaladditionisnice,ordaddition1,ordaddition2,ordaddition3,ordaddition4	missing	none	-	-	No active declaration covers this ordinal, replacement, cardinal, choice, or cumulative-hierarchy result.
set-theory/ord-arithmetic/exponentiation.tex	set-theory	section	selected	set-theory	set-theory/ord-arithmetic/ord-arithmetic.tex	0	0	0	-	0	yes	215	Ordinal Exponentiation	defn=1;prob=1;quote=1	ordexporecursion	defn:_#ordexporecursion	missing	none	-	-	No active declaration covers this ordinal, replacement, cardinal, choice, or cumulative-hierarchy result.
set-theory/ord-arithmetic/introduction.tex	set-theory	section	selected	set-theory	set-theory/ord-arithmetic/ord-arithmetic.tex	0	0	0	-	0	yes	113	Introduction	-	-	-	missing	none	-	-	No active declaration covers this ordinal, replacement, cardinal, choice, or cumulative-hierarchy result.
set-theory/ord-arithmetic/multiplication.tex	set-theory	section	selected	set-theory	set-theory/ord-arithmetic/ord-arithmetic.tex	0	0	0	-	0	yes	296	Ordinal Multiplication	defn=1;prop=1;lem=3;prob=1;proof=4	ordtimeslessiswo;ordtimesrecursion;ordinalmultiplicationisnice;ordtimes1;ordtimes2;ordtimes3;ordtimes4;ordtimes5	lem:_#ordtimeslessiswo;lem:_#ordtimesrecursion;lem:_#ordinalmultiplicationisnice,ordtimes1,ordtimes2,ordtimes3,ordtimes4,ordtimes5	missing	none	-	-	No active declaration covers this ordinal, replacement, cardinal, choice, or cumulative-hierarchy result.
set-theory/ord-arithmetic/ord-arithmetic.tex	set-theory	chapter	selected	set-theory	set-theory/set-theory.tex	5	0	0	-	0	no	4	sth	-	-	-	structural-container	aggregator	-	-	Part/chapter container with imports or section assembly; substantive child sections are audited separately.
set-theory/ord-arithmetic/using-addition.tex	set-theory	section	selected	set-theory	set-theory/ord-arithmetic/ord-arithmetic.tex	0	0	0	-	0	yes	242	Using Ordinal Addition	lem=2;prob=1;proof=2	rankcomputation;exrankpow;exrankpair;exrankcup;exranktuple;exranktimes;exrankunion;ordinfinitycharacter;ord:notinomega;ord:omegaplus;ord:oneplus;ord:plusone;ord:infinite	lem:_#rankcomputation,exrankpow,exrankpair,exrankcup,exranktuple,exranktimes,exrankunion;lem:_#ordinfinitycharacter,ord:notinomega,ord:omegaplus,ord:oneplus,ord:plusone,ord:infinite	missing	none	-	-	No active declaration covers this ordinal, replacement, cardinal, choice, or cumulative-hierarchy result.
set-theory/ordinals/basic.tex	set-theory	section	selected	set-theory	set-theory/ordinals/ordinals.tex	0	0	0	-	0	yes	647	Basic Properties of the Ordinals	thm=3;prop=3;lem=1;cor=3;prob=2;proof=10;quote=1	ordmemberord;ordissetofsmallerord;ordinductionschema;ordtrichotomy;ordordered;corordtransitiveord;buraliforti;ordinalsaresubsets;ordisoidentity;probunionordinalsordinal	thm:Transfinite Induction#ordinductionschema;thm:Trichotomy#ordtrichotomy;thm:Burali-Forti Paradox#buraliforti;prop:_#ordinalsaresubsets;prop:_#ordisoidentity;lem:_#ordmemberord;cor:_#ordissetofsmallerord;cor:_#ordordered;cor:_#corordtransitiveord;prob:_#probunionordinalsordinal	missing	none	-	-	No active declaration covers this ordinal, replacement, cardinal, choice, or cumulative-hierarchy result.
set-theory/ordinals/idea.tex	set-theory	section	selected	set-theory	set-theory/ordinals/ordinals.tex	0	0	0	-	0	yes	188	The General Idea of an Ordinal	-	-	-	missing	none	-	-	No active declaration covers this ordinal, replacement, cardinal, choice, or cumulative-hierarchy result.
set-theory/ordinals/introduction.tex	set-theory	section	selected	set-theory	set-theory/ordinals/ordinals.tex	0	0	0	-	0	yes	139	Introduction	-	-	-	non-formal-exposition	documentation_scope	-	-	Introductory exposition without a formal declaration target.
set-theory/ordinals/iso.tex	set-theory	section	selected	set-theory	set-theory/ordinals/ordinals.tex	0	0	0	-	0	yes	469	Order-Isomorphisms	defn=2;thm=1;prop=1;lem=4;cor=1;prob=1;proof=6	isoscompose;ordisoisequiv;ordisounique;wellordnotinitial;wellordinitialsegment;lemordsegments;thm:woalwayscomparable	thm:_#thm:woalwayscomparable;prop:_#ordisounique;lem:_#isoscompose;lem:_#wellordnotinitial;lem:_#wellordinitialsegment;lem:_#lemordsegments;cor:_#ordisoisequiv	missing	none	-	-	No active declaration covers this ordinal, replacement, cardinal, choice, or cumulative-hierarchy result.
set-theory/ordinals/milestone.tex	set-theory	section	selected	set-theory	set-theory/ordinals/ordinals.tex	0	0	0	-	0	yes	105	$\ZFminus$: a milestone	defn=1	-	-	missing	none	-	-	No active declaration covers this ordinal, replacement, cardinal, choice, or cumulative-hierarchy result.
set-theory/ordinals/opps.tex	set-theory	section	selected	set-theory	set-theory/ordinals/ordinals.tex	0	0	0	-	0	yes	286	Successor and Limit Ordinals	defn=2;thm=1;prop=2;proof=3	simpletransrecursion;defsupstrict	defn:_#defsupstrict;thm:Simple Transfinite Induction#simpletransrecursion	missing	none	-	-	No active declaration covers this ordinal, replacement, cardinal, choice, or cumulative-hierarchy result.
set-theory/ordinals/ordinals.tex	set-theory	chapter	selected	set-theory	set-theory/set-theory.tex	10	0	0	-	0	no	2	sth	-	-	-	structural-container	aggregator	-	-	Part/chapter container with imports or section assembly; substantive child sections are audited separately.
set-theory/ordinals/ordtype.tex	set-theory	section	selected	set-theory	set-theory/ordinals/ordinals.tex	0	0	0	-	0	yes	214	Ordinals as Order-Types	defn=1;thm=1;cor=1;proof=2	thmOrdinalRepresentation;ordtypesworklikeyouwant	thm:_#thmOrdinalRepresentation;cor:_#ordtypesworklikeyouwant	missing	none	-	-	No active declaration covers this ordinal, replacement, cardinal, choice, or cumulative-hierarchy result.
set-theory/ordinals/replacement.tex	set-theory	section	selected	set-theory	set-theory/ordinals/ordinals.tex	0	0	0	-	0	yes	292	Replacement	cor=1;axiom=1;proof=1;defish=1;quote=1	-	axiom:Scheme of Replacement	missing	none	-	-	No active declaration covers this ordinal, replacement, cardinal, choice, or cumulative-hierarchy result.
set-theory/ordinals/vn.tex	set-theory	section	selected	set-theory	set-theory/ordinals/ordinals.tex	0	0	0	-	0	yes	277	-	defn=1	-	-	missing	none	-	-	No active declaration covers this ordinal, replacement, cardinal, choice, or cumulative-hierarchy result.
set-theory/ordinals/wo.tex	set-theory	section	selected	set-theory	set-theory/ordinals/ordinals.tex	0	0	0	-	0	yes	185	Well-Orderings	defn=1;prop=2;prob=1;proof=2	wo:strictorder;propwoinduction	prop:_#wo:strictorder;prop:_#propwoinduction	missing	none	-	-	No active declaration covers this ordinal, replacement, cardinal, choice, or cumulative-hierarchy result.
set-theory/replacement/absinf.tex	set-theory	section	selected	set-theory	set-theory/replacement/replacement.tex	0	0	0	-	0	yes	705	Replacement and ``Absolute Infinity''	prob=1	-	-	missing	none	-	-	No active declaration covers this ordinal, replacement, cardinal, choice, or cumulative-hierarchy result.
set-theory/replacement/extrinsic.tex	set-theory	section	selected	set-theory	set-theory/replacement/replacement.tex	0	0	0	-	0	yes	782	-	quote=1	-	-	missing	none	-	-	No active declaration covers this ordinal, replacement, cardinal, choice, or cumulative-hierarchy result.
set-theory/replacement/finiteaxiomatizability.tex	set-theory	section	selected	set-theory	set-theory/replacement/replacement.tex	0	0	0	-	0	yes	328	Appendix: Finite axiomatizability	thm=1;prop=1;prob=3;proof=2	zfnotfinitely;Mpsi;finiteextensionofZ	thm:_#zfnotfinitely;prop:_#finiteextensionofZ	missing	none	-	-	No active declaration covers this ordinal, replacement, cardinal, choice, or cumulative-hierarchy result.
set-theory/replacement/introduction.tex	set-theory	section	selected	set-theory	set-theory/replacement/replacement.tex	0	0	0	-	0	yes	145	Introduction	-	-	-	missing	none	-	-	No active declaration covers this ordinal, replacement, cardinal, choice, or cumulative-hierarchy result.
set-theory/replacement/limofsize.tex	set-theory	section	selected	set-theory	set-theory/replacement/replacement.tex	0	0	0	-	0	yes	382	Limitation-of-size	-	-	-	missing	none	-	-	No active declaration covers this ordinal, replacement, cardinal, choice, or cumulative-hierarchy result.
set-theory/replacement/ref.tex	set-theory	section	selected	set-theory	set-theory/replacement/replacement.tex	0	0	0	-	0	yes	199	Replacement and Reflection	thm=1	reflectionschema	thm:Reflection Schema#reflectionschema	missing	none	-	-	No active declaration covers this ordinal, replacement, cardinal, choice, or cumulative-hierarchy result.
set-theory/replacement/refproofs.tex	set-theory	section	selected	set-theory	set-theory/replacement/replacement.tex	0	0	0	-	0	yes	502	Appendix: Results surrounding Replacement	thm=1;lem=2;proof=4;defish=1	lemreflection;reflectionnicelybehaved;lem:reflect;thm:replacement	thm:in $\Z$ + Weak-Reflection#thm:replacement;lem:_#lemreflection;lem:in $\Z + \text{Weak-Reflection}$.#lem:reflect	missing	none	-	-	No active declaration covers this ordinal, replacement, cardinal, choice, or cumulative-hierarchy result.
set-theory/replacement/replacement.tex	set-theory	chapter	selected	set-theory	set-theory/set-theory.tex	8	0	0	-	0	no	2	sth	-	-	-	structural-container	aggregator	-	-	Part/chapter container with imports or section assembly; substantive child sections are audited separately.
set-theory/replacement/strength.tex	set-theory	section	selected	set-theory	set-theory/replacement/replacement.tex	0	0	0	-	0	yes	285	The Strength of Replacement	defn=1	formularelativization	defn:_#formularelativization	missing	none	-	-	No active declaration covers this ordinal, replacement, cardinal, choice, or cumulative-hierarchy result.
set-theory/set-theory.tex	set-theory	part	selected	set-theory	content.tex	9	0	0	-	0	no	2	sth	-	-	-	structural-container	aggregator	-	-	Part/chapter container with imports or section assembly; substantive child sections are audited separately.
set-theory/spine/foundation.tex	set-theory	section	selected	set-theory	set-theory/spine/spine.tex	0	0	0	-	0	yes	330	Foundation	defn=1;thm=1;prop=1;lem=1;axiom=1;proof=3;defish=1	subsetoftrcl;lem:TransitiveWellFounded;zfentailsregularity	thm:_#zfentailsregularity;prop:_#subsetoftrcl;lem:_#lem:TransitiveWellFounded;axiom:Foundation	missing	none	-	-	No active declaration covers this ordinal, replacement, cardinal, choice, or cumulative-hierarchy result.
set-theory/spine/idea.tex	set-theory	section	selected	set-theory	set-theory/spine/spine.tex	0	0	0	-	0	yes	168	Defining the Stages as the $V_\alpha$s	defn=1	defValphas	defn:_#defValphas	missing	none	-	-	No active declaration covers this ordinal, replacement, cardinal, choice, or cumulative-hierarchy result.
set-theory/spine/rank.tex	set-theory	section	selected	set-theory	set-theory/spine/spine.tex	0	0	0	-	0	yes	305	Rank	defn=1;thm=1;prop=5;cor=1;prob=2;proof=7	defnsetrank;ranksexist;valphalowerrank;rankmemberslower;ranksupstrict;ordsetrankalpha;zfminusregularityfoundation	defn:_#defnsetrank;thm:$\in$-Induction Scheme;prop:_#ranksexist;prop:_#valphalowerrank;prop:_#rankmemberslower;prop:_#ranksupstrict;prop:working in $\ZFminus + \text{Regularity}$#zfminusregularityfoundation;cor:_#ordsetrankalpha	missing	none	-	-	No active declaration covers this ordinal, replacement, cardinal, choice, or cumulative-hierarchy result.
set-theory/spine/recursion.tex	set-theory	section	selected	set-theory	set-theory/spine/spine.tex	0	0	0	-	0	yes	385	The Transfinite Recursion Theorem(s)	defn=1;thm=2;lem=1;proof=3	transrecursionfun;transrecursionschema;simplerecursionschema	thm:General Recursion#transrecursionschema;thm:Simple Recursion#simplerecursionschema;lem:Bounded Recursion#transrecursionfun	missing	none	-	-	No active declaration covers this ordinal, replacement, cardinal, choice, or cumulative-hierarchy result.
set-theory/spine/spine.tex	set-theory	chapter	selected	set-theory	set-theory/set-theory.tex	6	0	0	-	0	no	4	sth	-	-	-	structural-container	aggregator	-	-	Part/chapter container with imports or section assembly; substantive child sections are audited separately.
set-theory/spine/stagesbasics.tex	set-theory	section	selected	set-theory	set-theory/spine/spine.tex	0	0	0	-	0	yes	305	Basic Properties of Stages	defn=1;lem=2;cor=1;proof=3	Valphabasicprops;Valphatrans;Valphapotent;Valphacum;Valphanotref	lem:_#Valphabasicprops,Valphatrans,Valphapotent,Valphacum;lem:_#Valphanotref	missing	none	-	-	No active declaration covers this ordinal, replacement, cardinal, choice, or cumulative-hierarchy result.
set-theory/spine/zf.tex	set-theory	section	selected	set-theory	set-theory/spine/spine.tex	0	0	0	-	0	yes	243	$\Z$ and $\ZF$: A Milestone	defn=1	-	-	missing	none	-	-	No active declaration covers this ordinal, replacement, cardinal, choice, or cumulative-hierarchy result.
set-theory/story/cumulative-approach.tex	set-theory	section	selected	set-theory	set-theory/story/story.tex	0	0	0	-	0	yes	409	The Cumulative-Iterative Approach	quote=1	-	-	missing	none	-	-	No active declaration covers this ordinal, replacement, cardinal, choice, or cumulative-hierarchy result.
set-theory/story/extensionality.tex	set-theory	section	selected	set-theory	set-theory/story/story.tex	0	0	0	-	0	yes	141	Extensionality	axiom=1	-	axiom:Extensionality	partial/weaker	manual_fragment_match	FormalOLP/SetTheory/Basic.lean	FormalOLP.SetTheory.Extensionality; FormalOLP.SetTheory.ModelExtensionality.emptyset_unique; FormalOLP.SetTheory.ModelExtensionality.pair_unique; FormalOLP.SetTheory.ModelExtensionality.singleton_unique	Membership-language model fragment covers extensionality and pair/empty-set uniqueness; it is not a ZF/ZFC development.
set-theory/story/grundgesetze.tex	set-theory	section	selected	set-theory	set-theory/story/story.tex	0	0	0	-	0	yes	228	Appendix: Frege's Basic Law V	lem=2;proof=2	lem:Fregeextensions	lem:in \emph{Grundgesetze}#lem:Fregeextensions;lem:in \emph{Grundgesetze}.	missing	none	-	-	No active declaration covers this ordinal, replacement, cardinal, choice, or cumulative-hierarchy result.
set-theory/story/predicativity.tex	set-theory	section	selected	set-theory	set-theory/story/story.tex	0	0	0	-	0	yes	711	Predicative and Impredicative	defish=1;quote=2	-	-	missing	none	-	-	No active declaration covers this ordinal, replacement, cardinal, choice, or cumulative-hierarchy result.
set-theory/story/russells-paradox-again.tex	set-theory	section	selected	set-theory	set-theory/story/story.tex	0	0	0	-	0	yes	355	Russell's Paradox (again)	thm=1;proof=1;defish=1	-	thm:Russell's Paradox	missing	none	-	-	No active declaration covers this ordinal, replacement, cardinal, choice, or cumulative-hierarchy result.
set-theory/story/story.tex	set-theory	chapter	selected	set-theory	set-theory/set-theory.tex	6	0	0	-	0	no	4	sth	-	-	-	structural-container	aggregator	-	-	Part/chapter container with imports or section assembly; substantive child sections are audited separately.
set-theory/story/urelements.tex	set-theory	section	selected	set-theory	set-theory/story/story.tex	0	0	0	-	0	yes	423	Urelements or Not?	quote=1	-	-	missing	none	-	-	No active declaration covers this ordinal, replacement, cardinal, choice, or cumulative-hierarchy result.
set-theory/z/arbintersections.tex	set-theory	section	selected	set-theory	set-theory/z/z.tex	0	0	0	-	0	yes	240	Appendix: Closure, Comprehension, and Intersection	-	bicondelimarbintersection	-	missing	none	-	-	No active declaration covers this ordinal, replacement, cardinal, choice, or cumulative-hierarchy result.
set-theory/z/infinity-again.tex	set-theory	section	selected	set-theory	set-theory/z/z.tex	0	0	0	-	0	yes	698	Infinity	defn=1;prop=1;axiom=1;proof=1	defnomega;naturalnumbersarentinfinite	defn:_#defnomega;prop:_#naturalnumbersarentinfinite;axiom:Infinity	missing	none	-	-	No active declaration covers this ordinal, replacement, cardinal, choice, or cumulative-hierarchy result.
set-theory/z/milestone.tex	set-theory	section	selected	set-theory	set-theory/z/z.tex	0	0	0	-	0	yes	154	$\Z^-$: a Milestone	defn=1	-	-	missing	none	-	-	No active declaration covers this ordinal, replacement, cardinal, choice, or cumulative-hierarchy result.
set-theory/z/nat.tex	set-theory	section	selected	set-theory	set-theory/z/z.tex	0	0	0	-	0	yes	298	Selecting our Natural Numbers	defish=1	-	-	missing	none	-	-	No active declaration covers this ordinal, replacement, cardinal, choice, or cumulative-hierarchy result.
set-theory/z/pairs.tex	set-theory	section	selected	set-theory	set-theory/z/z.tex	0	0	0	-	0	yes	234	Pairs	prop=1;axiom=1;prob=2;proof=1	prop:pairsconsequences;singleton;binunion;tuples	prop:_#prop:pairsconsequences,singleton,binunion,tuples;axiom:Pairs	partial/weaker	manual_fragment_match	FormalOLP/SetTheory/Basic.lean	FormalOLP.SetTheory.Extensionality; FormalOLP.SetTheory.ModelExtensionality.emptyset_unique; FormalOLP.SetTheory.ModelExtensionality.pair_unique; FormalOLP.SetTheory.ModelExtensionality.singleton_unique	Membership-language model fragment covers extensionality and pair/empty-set uniqueness; it is not a ZF/ZFC development.
set-theory/z/powerset.tex	set-theory	section	selected	set-theory	set-theory/z/z.tex	0	0	0	-	0	yes	211	Powersets	prop=1;axiom=1;prob=2;proof=1	thm:Products	prop:_#thm:Products;axiom:Powersets	missing	none	-	-	No active declaration covers this ordinal, replacement, cardinal, choice, or cumulative-hierarchy result.
set-theory/z/separation.tex	set-theory	section	selected	set-theory	set-theory/z/z.tex	0	0	0	-	0	yes	453	Separation	thm=1;prop=3;axiom=1;proof=4;defish=1	thm:NoUniversalSet;prop:emptyexists;prop:intersectionsexist	thm:_#thm:NoUniversalSet;prop:_#prop:emptyexists;prop:_#prop:intersectionsexist;axiom:Scheme of Separation	missing	none	-	-	No active declaration covers this ordinal, replacement, cardinal, choice, or cumulative-hierarchy result.
set-theory/z/story.tex	set-theory	section	selected	set-theory	set-theory/z/z.tex	0	0	0	-	0	yes	195	The Story in More Detail	-	-	-	missing	none	-	-	No active declaration covers this ordinal, replacement, cardinal, choice, or cumulative-hierarchy result.
set-theory/z/union.tex	set-theory	section	selected	set-theory	set-theory/z/z.tex	0	0	0	-	0	yes	85	Union	axiom=1	-	axiom:Union	missing	none	-	-	No active declaration covers this ordinal, replacement, cardinal, choice, or cumulative-hierarchy result.
set-theory/z/z.tex	set-theory	chapter	selected	set-theory	set-theory/set-theory.tex	9	0	0	-	0	no	2	sth	-	-	-	structural-container	aggregator	-	-	Part/chapter container with imports or section assembly; substantive child sections are audited separately.
sets-functions-relations/arithmetization/arithmetization.tex	sets-functions-relations	chapter	selected	sets-functions-relations-complete	sets-functions-relations/sets-functions-relations-complete.tex	7	0	0	-	0	yes	29	sfr	editorial=1	-	-	missing	none	-	-	No active declaration covers this sets, relation, cardinality, infinity, or arithmetization result.
sets-functions-relations/arithmetization/cauchy.tex	sets-functions-relations	section	selected	sets-functions-relations-complete	sets-functions-relations/arithmetization/arithmetization.tex	0	0	0	-	0	yes	1163	Appendix: the Reals as Cauchy Sequences	defn=1;thm=2;prob=2;proof=2	def:CauchySequence;thm:cauchyorderedfield	defn:_#def:CauchySequence;thm:_#thm:cauchyorderedfield	missing	none	-	-	No active declaration covers this sets, relation, cardinality, infinity, or arithmetization result.
sets-functions-relations/arithmetization/checking-details.tex	sets-functions-relations	section	selected	sets-functions-relations-complete	sets-functions-relations/arithmetization/arithmetization.tex	0	0	0	-	0	yes	702	Ordered Rings and Fields	defn=3;prob=4;proof=5	orderedfield	defn:_#orderedfield	missing	none	-	-	No active declaration covers this sets, relation, cardinality, infinity, or arithmetization result.
sets-functions-relations/arithmetization/cuts.tex	sets-functions-relations	section	selected	sets-functions-relations-complete	sets-functions-relations/arithmetization/arithmetization.tex	0	0	0	-	0	yes	498	From $\Rat$ to $\Real$	defn=1;thm=1;proof=1	realcompleteness	defn:Cut;thm:_#realcompleteness	missing	none	-	-	No active declaration covers this sets, relation, cardinality, infinity, or arithmetization result.
sets-functions-relations/arithmetization/integers.tex	sets-functions-relations	section	selected	sets-functions-relations-complete	sets-functions-relations/arithmetization/arithmetization.tex	0	0	0	-	0	yes	469	From $\Nat$ to $\Int$	defn=1;prop=1;prob=1;proof=1	-	-	missing	none	-	-	No active declaration covers this sets, relation, cardinality, infinity, or arithmetization result.
sets-functions-relations/arithmetization/rationals.tex	sets-functions-relations	section	selected	sets-functions-relations-complete	sets-functions-relations/arithmetization/arithmetization.tex	0	0	0	-	0	yes	250	From $\Int$ to $\Rat$	defn=1;prob=2	-	-	missing	none	-	-	No active declaration covers this sets, relation, cardinality, infinity, or arithmetization result.
sets-functions-relations/arithmetization/reals.tex	sets-functions-relations	section	selected	sets-functions-relations-complete	sets-functions-relations/arithmetization/arithmetization.tex	0	0	0	-	0	yes	482	The Real Line	thm=1;proof=1	root2irrational	thm:_#root2irrational	missing	none	-	-	No active declaration covers this sets, relation, cardinality, infinity, or arithmetization result.
sets-functions-relations/arithmetization/reflections.tex	sets-functions-relations	section	selected	sets-functions-relations-complete	sets-functions-relations/arithmetization/arithmetization.tex	0	0	0	-	0	yes	635	Some Philosophical Reflections	-	-	-	missing	none	-	-	No active declaration covers this sets, relation, cardinality, infinity, or arithmetization result.
sets-functions-relations/functions/composition.tex	sets-functions-relations	section	selected	sets-functions-relations-complete	sets-functions-relations/functions/functions.tex	0	0	0	-	0	yes	197	Composition of Functions	defn=1;ex=1;prob=3;explain=1;figure=1	fig:composition	defn:Composition	partial/weaker	manual_fragment_match	FormalOLP/SetsFunctionsRelations.lean;FormalOLP/SetsFunctionsRelations/Functions.lean	FormalOLP.SetsFunctionsRelations.composition_mapsTo; FormalOLP.SetsFunctionsRelations.composition_injOn; FormalOLP.SetsFunctionsRelations.composition_surjOn; FormalOLP.SetsFunctionsRelations.composition_bijOn	Composition preservation lemmas are proved with Mathlib Set.MapsTo/Set.BijOn; source graph and full function-object development are absent.
sets-functions-relations/functions/function-basics.tex	sets-functions-relations	section	selected	sets-functions-relations-complete	sets-functions-relations/functions/functions.tex	0	0	0	-	0	yes	640	Basics	defn=1;ex=6;explain=3;figure=1	fig:function;examplefunext	defn:Function;ex:_#examplefunext	missing	none	-	-	No active declaration covers this sets, relation, cardinality, infinity, or arithmetization result.
sets-functions-relations/functions/function-kinds.tex	sets-functions-relations	section	selected	sets-functions-relations-complete	sets-functions-relations/functions/functions.tex	0	0	0	-	0	yes	351	Kinds of Functions	defn=3;ex=1;explain=5;figure=3	fig:surjective;fig:injective;fig:bijective	defn:!!^{surjective} function;defn:!!^{injective} function;defn:!!^{bijection}	missing	none	-	-	No active declaration covers this sets, relation, cardinality, infinity, or arithmetization result.
sets-functions-relations/functions/functions-relations.tex	sets-functions-relations	section	selected	sets-functions-relations-complete	sets-functions-relations/functions/functions.tex	0	0	0	-	0	yes	382	Functions as Relations	defn=2;prop=1;proof=1;explain=4	prop:graph-function;defn:funimage	defn:Graph of a function;defn:_#defn:funimage;prop:_#prop:graph-function	missing	none	-	-	No active declaration covers this sets, relation, cardinality, infinity, or arithmetization result.
sets-functions-relations/functions/functions.tex	sets-functions-relations	chapter	selected	sets-functions-relations-complete	sets-functions-relations/sets-functions-relations-complete.tex;sets-functions-relations/sets-functions-relations.tex	6	0	0	-	1	no	2	sfr	-	-	-	structural-container	aggregator	-	-	Part/chapter container with imports or section assembly; substantive child sections are audited separately.
sets-functions-relations/functions/inverses.tex	sets-functions-relations	section	selected	sets-functions-relations-complete	sets-functions-relations/functions/functions.tex	0	0	0	-	0	yes	685	Inverses of Functions	defn=1;prop=5;prob=4;proof=5;explain=4	prop:bijection-inverse;prop:left-right;prop:inverse-unique	prop:_#prop:bijection-inverse;prop:_#prop:left-right;prop:_#prop:inverse-unique	partial/weaker	manual_fragment_match	FormalOLP/SetsFunctionsRelations.lean;FormalOLP/SetsFunctionsRelations/Functions.lean	FormalOLP.SetsFunctionsRelations.leftInverse_injOn; FormalOLP.SetsFunctionsRelations.rightInverse_surjOn; FormalOLP.SetsFunctionsRelations.inverse_bijOn	Inverse implications are covered with explicit maps-to hypotheses; the source choice-based existence and inverse uniqueness theorems are not all formalized.
sets-functions-relations/functions/isomorphic-functions.tex	sets-functions-relations	section	orphan_or_unselected	-	-	0	0	0	-	0	yes	143	Isomorphism	defn=1;ex=1;explain=1	-	defn:Isomorphism	missing	none	-	-	No active declaration covers this sets, relation, cardinality, infinity, or arithmetization result.
sets-functions-relations/functions/partial-functions.tex	sets-functions-relations	section	selected	sets-functions-relations-complete	sets-functions-relations/functions/functions.tex	0	0	0	-	0	yes	230	Partial Functions	defn=2;prop=1;ex=2;prob=1;proof=1;explain=1	-	defn:Graph of a partial function	missing	none	-	-	No active declaration covers this sets, relation, cardinality, infinity, or arithmetization result.
sets-functions-relations/inductive-defs-proofs/introduction.tex	sets-functions-relations	section	orphan_or_unselected	-	-	0	0	0	-	0	yes	517	Introduction	defn=4;ex=1;explain=5	-	defn:Induction on $\Nat$;defn:Induction on !!{formula}s	missing	none	-	-	No active declaration covers this sets, relation, cardinality, infinity, or arithmetization result.
sets-functions-relations/infinite/card-sb.tex	sets-functions-relations	section	selected	sets-functions-relations-complete	sets-functions-relations/infinite/infinite.tex	0	0	0	-	0	yes	319	"Appendix: Proving Schr\""oder-Bernstein"	prop=1;lem=1;proof=3	Closureprops;Closurehaselem;Closureclosed;Closuresmallest;sbhelper	prop:_#sbhelper;lem:_#Closureprops,Closurehaselem,Closureclosed,Closuresmallest	missing	none	-	-	No active declaration covers this sets, relation, cardinality, infinity, or arithmetization result.
sets-functions-relations/infinite/dedekind-algebra.tex	sets-functions-relations	section	selected	sets-functions-relations-complete	sets-functions-relations/infinite/infinite.tex	0	0	0	-	0	yes	395	Dedekind Algebras	defn=2;thm=1;lem=1;proof=2	repeatedapplication;Closure;closureproperties;closurehaselem;closureclosed;closuresmallest;ded:proper;ded:injection;ded:closure;thm:DedekindInfiniteAlgebra	defn:_#Closure;defn:_#ded:proper,ded:injection,ded:closure;thm:_#thm:DedekindInfiniteAlgebra;lem:_#closureproperties,closurehaselem,closureclosed,closuresmallest	missing	none	-	-	No active declaration covers this sets, relation, cardinality, infinity, or arithmetization result.
sets-functions-relations/infinite/dedekind-induction.tex	sets-functions-relations	section	selected	sets-functions-relations-complete	sets-functions-relations/infinite/infinite.tex	0	0	0	-	0	yes	276	-	thm=1;cor=1;proof=2	thm:dedinfiniteinduction;natinductionschema	thm:Arithmetical induction#thm:dedinfiniteinduction;cor:_#natinductionschema	missing	none	-	-	No active declaration covers this sets, relation, cardinality, infinity, or arithmetization result.
sets-functions-relations/infinite/dedekinds-proof.tex	sets-functions-relations	section	selected	sets-functions-relations-complete	sets-functions-relations/infinite/infinite.tex	0	0	0	-	0	yes	792	-	quote=2	-	-	missing	none	-	-	No active declaration covers this sets, relation, cardinality, infinity, or arithmetization result.
sets-functions-relations/infinite/hilberts-hotel.tex	sets-functions-relations	section	selected	sets-functions-relations-complete	sets-functions-relations/infinite/infinite.tex	0	0	0	-	0	yes	248	Hilbert's Hotel	defn=1;quote=1	defn:DedekindInfinite	defn:_#defn:DedekindInfinite	missing	none	-	-	No active declaration covers this sets, relation, cardinality, infinity, or arithmetization result.
sets-functions-relations/infinite/infinite.tex	sets-functions-relations	chapter	selected	sets-functions-relations-complete	sets-functions-relations/sets-functions-relations-complete.tex	5	0	0	-	0	yes	13	sfr	editorial=1	-	-	structural-container	aggregator	-	-	Part/chapter container with imports or section assembly; substantive child sections are audited separately.
sets-functions-relations/relations/equivalence-relations.tex	sets-functions-relations	section	selected	sets-functions-relations-complete	sets-functions-relations/relations/relations-complete.tex;sets-functions-relations/relations/relations.tex	0	0	0	-	0	yes	298	Equivalence Relations	defn=2;prop=1;ex=1;prob=1;proof=1	def:equivalenceclass	defn:Equivalence relation;defn:_#def:equivalenceclass	missing	none	-	-	No active declaration covers this sets, relation, cardinality, infinity, or arithmetization result.
sets-functions-relations/relations/graphs.tex	sets-functions-relations	section	selected	sets-functions-relations-complete	sets-functions-relations/relations/relations-complete.tex;sets-functions-relations/relations/relations.tex	0	0	0	-	0	yes	260	Graphs	defn=1;ex=1;prob=1;explain=1	-	defn:Directed graph	missing	none	-	-	No active declaration covers this sets, relation, cardinality, infinity, or arithmetization result.
sets-functions-relations/relations/operations.tex	sets-functions-relations	section	selected	sets-functions-relations-complete	sets-functions-relations/relations/relations-complete.tex;sets-functions-relations/relations/relations.tex	0	0	0	-	0	yes	144	Operations on Relations	defn=2;ex=2;prob=1	relationoperations	defn:_#relationoperations;defn:Transitive closure	missing	none	-	-	No active declaration covers this sets, relation, cardinality, infinity, or arithmetization result.
sets-functions-relations/relations/orders.tex	sets-functions-relations	section	selected	sets-functions-relations-complete	sets-functions-relations/relations/relations-complete.tex;sets-functions-relations/relations/relations.tex	0	0	0	-	0	yes	582	Orders	defn=5;prop=3;ex=6;prob=1;proof=3;explain=1	def:linearorder;def:strictlinearorder;prop:stricttopartial;prop:partialtostrict;prop:extensionality-strictlinearorders	defn:Preorder;defn:Partial order;defn:Linear order#def:linearorder;defn:Strict order;defn:Strict linear order#def:strictlinearorder;prop:_#prop:stricttopartial;prop:_#prop:partialtostrict;prop:_#prop:extensionality-strictlinearorders	missing	none	-	-	No active declaration covers this sets, relation, cardinality, infinity, or arithmetization result.
sets-functions-relations/relations/reflections.tex	sets-functions-relations	section	selected	sets-functions-relations-complete	sets-functions-relations/relations/relations-complete.tex	0	0	0	-	0	yes	473	Philosophical Reflections	-	-	-	missing	none	-	-	No active declaration covers this sets, relation, cardinality, infinity, or arithmetization result.
sets-functions-relations/relations/relations-as-sets.tex	sets-functions-relations	section	selected	sets-functions-relations-complete	sets-functions-relations/relations/relations-complete.tex;sets-functions-relations/relations/relations.tex	0	0	0	-	0	yes	478	Relations as Sets	defn=1;ex=1;prob=1;explain=2	relations	defn:Binary relation;ex:_#relations	missing	none	-	-	No active declaration covers this sets, relation, cardinality, infinity, or arithmetization result.
sets-functions-relations/relations/relations-complete.tex	sets-functions-relations	chapter	selected	sets-functions-relations-complete	sets-functions-relations/sets-functions-relations-complete.tex	8	0	0	-	0	no	2	sfr	-	-	-	structural-container	aggregator	-	-	Part/chapter container with imports or section assembly; substantive child sections are audited separately.
sets-functions-relations/relations/relations.tex	sets-functions-relations	chapter	orphan_or_unselected	-	sets-functions-relations/sets-functions-relations.tex	7	0	0	-	0	no	2	sfr	-	-	-	structural-container	aggregator	-	-	Part/chapter container with imports or section assembly; substantive child sections are audited separately.
sets-functions-relations/relations/special-properties.tex	sets-functions-relations	section	selected	sets-functions-relations-complete	sets-functions-relations/relations/relations-complete.tex;sets-functions-relations/relations/relations.tex	0	0	0	-	0	yes	319	Special Properties of Relations	defn=7;prob=1;explain=1;intro=1	-	defn:Reflexivity;defn:Transitivity;defn:Symmetry;defn:Anti-symmetry;defn:Connectivity;defn:Irreflexivity;defn:Asymmetry	missing	none	-	-	No active declaration covers this sets, relation, cardinality, infinity, or arithmetization result.
sets-functions-relations/relations/trees.tex	sets-functions-relations	section	selected	sets-functions-relations-complete	sets-functions-relations/relations/relations-complete.tex;sets-functions-relations/relations/relations.tex	0	0	0	-	0	yes	542	Trees	defn=4;prop=2;ex=2;proof=1	-	defn:Tree;defn:Successors;defn:Branches;prop:K\H{o}nig's lemma	missing	none	-	-	No active declaration covers this sets, relation, cardinality, infinity, or arithmetization result.
sets-functions-relations/sets-functions-relations-complete.tex	sets-functions-relations	part	selected	sets-functions-relations-complete	content.tex	6	0	0	-	0	yes	49	sfr	editorial=1	-	-	structural-container	aggregator	-	-	Part/chapter container with imports or section assembly; substantive child sections are audited separately.
sets-functions-relations/sets-functions-relations.tex	sets-functions-relations	part	orphan_or_unselected	-	-	4	0	0	-	0	yes	98	sfr	editorial=1	-	-	structural-container	aggregator	-	-	Part/chapter container with imports or section assembly; substantive child sections are audited separately.
sets-functions-relations/sets/basics.tex	sets-functions-relations	section	selected	sets-functions-relations-complete	sets-functions-relations/sets/sets.tex	0	0	0	-	0	yes	436	Extensionality	defn=1;ex=3;prob=1;explain=1	-	defn:Extensionality	missing	none	-	-	No active declaration covers this sets, relation, cardinality, infinity, or arithmetization result.
sets-functions-relations/sets/important-sets.tex	sets-functions-relations	section	selected	sets-functions-relations-complete	sets-functions-relations/sets/sets.tex	0	0	0	-	0	yes	220	Some Important Sets	ex=3	-	ex:Strings;ex:Infinite sequences	missing	none	-	-	No active declaration covers this sets, relation, cardinality, infinity, or arithmetization result.
sets-functions-relations/sets/pairs-and-products.tex	sets-functions-relations	section	selected	sets-functions-relations-complete	sets-functions-relations/sets/sets.tex	0	0	0	-	0	yes	373	Pairs, Tuples, Cartesian Products	defn=2;prop=1;ex=3;prob=3;proof=1;explain=2	wienerkuratowski;cardnmprod	defn:Ordered pair#wienerkuratowski;defn:Cartesian product;prop:_#cardnmprod	missing	none	-	-	No active declaration covers this sets, relation, cardinality, infinity, or arithmetization result.
sets-functions-relations/sets/proofs-about-sets.tex	sets-functions-relations	section	orphan_or_unselected	-	-	0	0	0	-	0	yes	487	Proofs about Sets	prop=1;prob=1;proof=1;explain=1;editorial=1;quote=2	-	prop:Absorption	missing	none	-	-	No active declaration covers this sets, relation, cardinality, infinity, or arithmetization result.
sets-functions-relations/sets/russells-paradox.tex	sets-functions-relations	section	selected	sets-functions-relations-complete	sets-functions-relations/sets/sets.tex	0	0	0	-	0	yes	462	Russell's Paradox	thm=1;proof=1;explain=1;digress=1	thm:russells-paradox	thm:Russell's Paradox#thm:russells-paradox	missing	none	-	-	No active declaration covers this sets, relation, cardinality, infinity, or arithmetization result.
sets-functions-relations/sets/sets.tex	sets-functions-relations	chapter	selected	sets-functions-relations-complete	sets-functions-relations/sets-functions-relations-complete.tex;sets-functions-relations/sets-functions-relations.tex	6	0	0	-	0	no	2	sfr	-	-	-	structural-container	aggregator	-	-	Part/chapter container with imports or section assembly; substantive child sections are audited separately.
sets-functions-relations/sets/subsets.tex	sets-functions-relations	section	selected	sets-functions-relations-complete	sets-functions-relations/sets/sets.tex	0	0	0	-	0	yes	348	Subsets and Power Sets	defn=3;prop=1;ex=3;prob=2;explain=1	forallxina	defn:Subset;defn:_#forallxina;defn:Power Set	missing	none	-	-	No active declaration covers this sets, relation, cardinality, infinity, or arithmetization result.
sets-functions-relations/sets/unions-and-intersections.tex	sets-functions-relations	section	selected	sets-functions-relations-complete	sets-functions-relations/sets/sets.tex	0	0	0	-	0	yes	561	Unions and Intersections	defn=5;ex=3;prob=4;explain=3;figure=3	fig:union;fig:intersection;difference	defn:Union;defn:Intersection;defn:Difference	partial/weaker	manual_fragment_match	FormalOLP/SetsFunctionsRelations.lean;FormalOLP/SetsFunctionsRelations/Functions.lean	FormalOLP.SetsFunctionsRelations.mem_intersection_union_absorption_iff; FormalOLP.SetsFunctionsRelations.intersection_union_absorption	Only one absorption identity is formalized; union/intersection definitions, indexed operations, and exercises remain outside the native chain.
sets-functions-relations/size-of-sets/comparing-size.tex	sets-functions-relations	section	selected	sets-functions-relations-complete	sets-functions-relations/size-of-sets/size-of-sets-complete.tex;sets-functions-relations/size-of-sets/size-of-sets.tex	0	0	0	-	0	yes	677	Sets of Different Sizes, and Cantor's Theorem	defn=2;thm=1;prob=1;proof=1;explain=2;editorial=1	thm:cantor	thm:Cantor#thm:cantor	missing	none	-	-	No active declaration covers this sets, relation, cardinality, infinity, or arithmetization result.
sets-functions-relations/size-of-sets/enumerability-alt.tex	sets-functions-relations	section	selected	sets-functions-relations-complete	sets-functions-relations/size-of-sets/size-of-sets-complete.tex	0	0	0	-	0	yes	432	Enumerations and \usetoken{S	defn=2;ex=3;prob=4;explain=2;editorial=1	defn:enumerable	defn:Enumeration, set-theoretic;defn:_#defn:enumerable	missing	none	-	-	No active declaration covers this sets, relation, cardinality, infinity, or arithmetization result.
sets-functions-relations/size-of-sets/enumerability.tex	sets-functions-relations	section	selected	sets-functions-relations-complete	sets-functions-relations/size-of-sets/size-of-sets-complete.tex;sets-functions-relations/size-of-sets/size-of-sets.tex	0	0	0	-	0	yes	1244	Enumerations and \usetoken{S	defn=3;prop=3;cor=2;ex=3;prob=5;proof=4;explain=3;editorial=1	defn:enumerable;prop:enum-shift;cor:enum-nat;prop:enum-bij;cor:enum-nat-bij	defn:Enumeration, informally;defn:Enumeration, formally;defn:_#defn:enumerable;prop:_#prop:enum-shift;prop:_#prop:enum-bij;cor:_#cor:enum-nat;cor:_#cor:enum-nat-bij	missing	none	-	-	No active declaration covers this sets, relation, cardinality, infinity, or arithmetization result.
sets-functions-relations/size-of-sets/equinumerous-sets.tex	sets-functions-relations	section	selected	sets-functions-relations-complete	sets-functions-relations/size-of-sets/size-of-sets-complete.tex;sets-functions-relations/size-of-sets/size-of-sets.tex	0	0	0	-	0	yes	393	Equinumerosity	defn=1;prop=2;prob=2;proof=2;editorial=1;quote=1	comparisondef;equinumerosityisequi	defn:_#comparisondef;prop:_#equinumerosityisequi	missing	none	-	-	No active declaration covers this sets, relation, cardinality, infinity, or arithmetization result.
sets-functions-relations/size-of-sets/introduction.tex	sets-functions-relations	section	selected	sets-functions-relations-complete	sets-functions-relations/size-of-sets/size-of-sets-complete.tex;sets-functions-relations/size-of-sets/size-of-sets.tex	0	0	0	-	0	yes	143	Introduction	-	-	-	missing	none	-	-	No active declaration covers this sets, relation, cardinality, infinity, or arithmetization result.
sets-functions-relations/size-of-sets/non-enumerability-alt.tex	sets-functions-relations	section	selected	sets-functions-relations-complete	sets-functions-relations/size-of-sets/size-of-sets-complete.tex	0	0	0	-	0	yes	689	\printtoken{S	thm=2;prob=1;proof=2;explain=3;editorial=1	thm:nonenum-bin-omega;thm:nonenum-pownat	thm:_#thm:nonenum-bin-omega;thm:_#thm:nonenum-pownat	missing	none	-	-	No active declaration covers this sets, relation, cardinality, infinity, or arithmetization result.
sets-functions-relations/size-of-sets/non-enumerability.tex	sets-functions-relations	section	selected	sets-functions-relations-complete	sets-functions-relations/size-of-sets/size-of-sets-complete.tex;sets-functions-relations/size-of-sets/size-of-sets.tex	0	0	0	-	0	yes	995	\printtoken{S	thm=2;prob=2;proof=2;explain=2;editorial=1	thm:nonenum-bin-omega;thm:nonenum-pownat;sfr:siz:nen:prob:f-posint	thm:_#thm:nonenum-bin-omega;thm:_#thm:nonenum-pownat;prob:_#sfr:siz:nen:prob:f-posint	missing	none	-	-	No active declaration covers this sets, relation, cardinality, infinity, or arithmetization result.
sets-functions-relations/size-of-sets/pairing-alt.tex	sets-functions-relations	section	selected	sets-functions-relations-complete	sets-functions-relations/size-of-sets/size-of-sets-complete.tex;sets-functions-relations/size-of-sets/size-of-sets.tex	0	0	0	-	0	yes	339	An Alternative Pairing Function	ex=2;explain=2	-	-	missing	none	-	-	No active declaration covers this sets, relation, cardinality, infinity, or arithmetization result.
sets-functions-relations/size-of-sets/pairing.tex	sets-functions-relations	section	selected	sets-functions-relations-complete	sets-functions-relations/size-of-sets/size-of-sets-complete.tex;sets-functions-relations/size-of-sets/size-of-sets.tex	0	0	0	-	0	yes	446	Pairing Functions and Codes	defn=1;prob=9;explain=2	-	defn:Pairing function	missing	none	-	-	No active declaration covers this sets, relation, cardinality, infinity, or arithmetization result.
sets-functions-relations/size-of-sets/reduction-alt.tex	sets-functions-relations	section	selected	sets-functions-relations-complete	sets-functions-relations/size-of-sets/size-of-sets-complete.tex	0	0	0	-	0	yes	424	Reduction	prob=6;proof=1;editorial=1	sfr:siz:red:prob:nat-nat	prob:_#sfr:siz:red:prob:nat-nat	missing	none	-	-	No active declaration covers this sets, relation, cardinality, infinity, or arithmetization result.
sets-functions-relations/size-of-sets/reduction.tex	sets-functions-relations	section	selected	sets-functions-relations-complete	sets-functions-relations/size-of-sets/size-of-sets-complete.tex;sets-functions-relations/size-of-sets/size-of-sets.tex	0	0	0	-	0	yes	568	Reduction	prob=7;proof=1;explain=1;editorial=1	sfr:siz:red:prob:nat-nat	prob:_#sfr:siz:red:prob:nat-nat	missing	none	-	-	No active declaration covers this sets, relation, cardinality, infinity, or arithmetization result.
sets-functions-relations/size-of-sets/schroder-bernstein.tex	sets-functions-relations	section	selected	sets-functions-relations-complete	sets-functions-relations/size-of-sets/size-of-sets-complete.tex;sets-functions-relations/size-of-sets/size-of-sets.tex	0	0	0	-	0	yes	212	"The Notion of Size, and Schr\""oder-Bernstein"	thm=1;explain=2	thm:schroder-bernstein	"thm:Schr\""oder-Bernstein#thm:schroder-bernstein"	missing	none	-	-	No active declaration covers this sets, relation, cardinality, infinity, or arithmetization result.
sets-functions-relations/size-of-sets/size-of-sets-complete.tex	sets-functions-relations	chapter	selected	sets-functions-relations-complete	sets-functions-relations/sets-functions-relations-complete.tex	13	0	0	-	0	yes	114	sfr	editorial=2	-	-	structural-container	aggregator	-	-	Part/chapter container with imports or section assembly; substantive child sections are audited separately.
sets-functions-relations/size-of-sets/size-of-sets.tex	sets-functions-relations	chapter	orphan_or_unselected	-	sets-functions-relations/sets-functions-relations.tex	10	0	0	-	0	yes	55	sfr	editorial=1	-	-	structural-container	aggregator	-	-	Part/chapter container with imports or section assembly; substantive child sections are audited separately.
sets-functions-relations/size-of-sets/zig-zag.tex	sets-functions-relations	section	selected	sets-functions-relations-complete	sets-functions-relations/size-of-sets/size-of-sets-complete.tex;sets-functions-relations/size-of-sets/size-of-sets.tex	0	0	0	-	0	yes	244	Cantor's Zig-Zag Method	prop=2;prob=2;proof=1;explain=2	natsquaredenumerable;sfr:siz:zigzag:prob:posint-n;sfr:siz:zigzag:prob:posint-star	prop:_#natsquaredenumerable;prob:_#sfr:siz:zigzag:prob:posint-n;prob:_#sfr:siz:zigzag:prob:posint-star	missing	none	-	-	No active declaration covers this sets, relation, cardinality, infinity, or arithmetization result.
turing-machines/machines-computations/church-turing-thesis.tex	turing-machines	section	selected	turing-machines	turing-machines/machines-computations/machines-computations.tex	0	0	0	-	0	yes	313	The Church--Turing Thesis	defn=1	-	defn:Church--Turing thesis	missing	none	-	-	No active declaration covers this machine construction or undecidability result.
turing-machines/machines-computations/combining-machines.tex	turing-machines	section	selected	turing-machines	turing-machines/machines-computations/machines-computations.tex	0	0	0	-	0	yes	683	Combining Turing Machines	prop=1;ex=1;prob=1;proof=1;explain=1;figure=1	fig:combined	ex:_#fig:combined	missing	none	-	-	No active declaration covers this machine construction or undecidability result.
turing-machines/machines-computations/configuration.tex	turing-machines	section	selected	turing-machines	turing-machines/machines-computations/machines-computations.tex	0	0	0	-	0	yes	409	Configurations and Computations	defn=4;explain=4	defn:run-output	defn:Configuration;defn:Initial configuration;defn:_#defn:run-output	partial/weaker	manual_fragment_match	FormalOLP/TuringMachines/Basic.lean	FormalOLP.TuringMachines.Machine; FormalOLP.TuringMachines.Configuration; FormalOLP.TuringMachines.step; FormalOLP.TuringMachines.initial; FormalOLP.TuringMachines.Halted; FormalOLP.TuringMachines.Computation	Finite deterministic machine/configuration/run API is present, but the source string-tape conventions and later construction/undecidability chapters are not fully represented.
turing-machines/machines-computations/disciplined-machines.tex	turing-machines	section	selected	turing-machines	turing-machines/machines-computations/machines-computations.tex	0	0	0	-	0	yes	394	Disciplined Machines	defn=1;prop=1;ex=1;prob=2;explain=2;figure=1	defn:disciplined;fig:adder-disc;prop:disciplined;tur:mac:dis:prob:disc-succ;tur:mac:dis:prob:copier	defn:_#defn:disciplined;prop:_#prop:disciplined;ex:_#fig:adder-disc;prob:_#tur:mac:dis:prob:disc-succ;prob:_#tur:mac:dis:prob:copier	missing	none	-	-	No active declaration covers this machine construction or undecidability result.
turing-machines/machines-computations/halting-states.tex	turing-machines	section	selected	turing-machines	turing-machines/machines-computations/machines-computations.tex	0	0	0	-	0	yes	291	Halting States	ex=1;explain=2	-	-	partial/weaker	manual_fragment_match	FormalOLP/TuringMachines/Basic.lean	FormalOLP.TuringMachines.Machine; FormalOLP.TuringMachines.Configuration; FormalOLP.TuringMachines.step; FormalOLP.TuringMachines.initial; FormalOLP.TuringMachines.Halted; FormalOLP.TuringMachines.Computation	Finite deterministic machine/configuration/run API is present, but the source string-tape conventions and later construction/undecidability chapters are not fully represented.
turing-machines/machines-computations/introduction.tex	turing-machines	section	selected	turing-machines	turing-machines/machines-computations/machines-computations.tex	0	0	0	-	0	yes	896	Introduction	explain=1;digress=1;history=1;figure=1	fig:tm	-	partial/weaker	manual_fragment_match	FormalOLP/TuringMachines/Basic.lean	FormalOLP.TuringMachines.Machine; FormalOLP.TuringMachines.Configuration; FormalOLP.TuringMachines.step	The source introduction motivates the machine/configuration model; the native finite deterministic API covers only that restricted fragment.
turing-machines/machines-computations/machines-computations.tex	turing-machines	chapter	selected	turing-machines	turing-machines/turing-machines.tex	10	0	0	-	0	no	4	tur	-	-	-	structural-container	aggregator	-	-	Part/chapter container with imports or section assembly; substantive child sections are audited separately.
turing-machines/machines-computations/representing-tms.tex	turing-machines	section	selected	turing-machines	turing-machines/machines-computations/machines-computations.tex	0	0	0	-	0	yes	1254	Representing Turing Machines	ex=4;prob=5;explain=5;figure=1	ex:doubler;fig:doubler	ex:_#ex:doubler,fig:doubler	missing	none	-	-	No active declaration covers this machine construction or undecidability result.
turing-machines/machines-computations/turing-machines.tex	turing-machines	section	selected	turing-machines	turing-machines/machines-computations/machines-computations.tex	0	0	0	-	0	yes	195	Turing Machines	defn=1;ex=1;explain=2	-	defn:Turing machine	partial/weaker	manual_fragment_match	FormalOLP/TuringMachines/Basic.lean	FormalOLP.TuringMachines.Machine; FormalOLP.TuringMachines.Configuration; FormalOLP.TuringMachines.step; FormalOLP.TuringMachines.initial; FormalOLP.TuringMachines.Halted; FormalOLP.TuringMachines.Computation	Finite deterministic machine/configuration/run API is present, but the source string-tape conventions and later construction/undecidability chapters are not fully represented.
turing-machines/machines-computations/unary-numbers.tex	turing-machines	section	selected	turing-machines	turing-machines/machines-computations/machines-computations.tex	0	0	0	-	0	yes	828	Unary Representation of Numbers	defn=2;ex=3;prob=6;explain=2;figure=3	ex:adder;fig:adder;fig:doubler-disc;ex:mover;fig:mover	defn:Computation;ex:_#ex:adder,fig:adder;ex:_#fig:doubler-disc;ex:_#ex:mover,fig:mover	missing	none	-	-	No active declaration covers this machine construction or undecidability result.
turing-machines/machines-computations/variants.tex	turing-machines	section	selected	turing-machines	turing-machines/machines-computations/machines-computations.tex	0	0	0	-	0	yes	604	Variants of Turing Machines	-	-	-	missing	none	-	-	No active declaration covers this machine construction or undecidability result.
turing-machines/turing-machines.tex	turing-machines	part	selected	turing-machines	content.tex	2	0	0	-	0	no	2	tur	-	-	-	structural-container	aggregator	-	-	Part/chapter container with imports or section assembly; substantive child sections are audited separately.
turing-machines/undecidability/decision-problem.tex	turing-machines	section	selected	turing-machines	turing-machines/undecidability/undecidability.tex	0	0	0	-	0	yes	291	The Decision Problem	quote=1	-	-	missing	none	-	-	No active declaration covers this machine construction or undecidability result.
turing-machines/undecidability/enumerating-tms.tex	turing-machines	section	selected	turing-machines	turing-machines/undecidability/undecidability.tex	0	0	0	-	0	yes	713	Enumerating Turing Machines	thm=1;prob=1;proof=1;explain=1;figure=2	fig:variants;fig:standard-even	-	missing	none	-	-	No active declaration covers this machine construction or undecidability result.
turing-machines/undecidability/halting-problem.tex	turing-machines	section	selected	turing-machines	turing-machines/undecidability/undecidability.tex	0	0	0	-	0	yes	665	The Halting Problem	defn=3;thm=1;lem=1;prob=4;proof=2;explain=2	thm:halting-problem	defn:Halting function;defn:Halting problem;thm:Unsolvability of the Halting Problem#thm:halting-problem	missing	none	-	-	No active declaration covers this machine construction or undecidability result.
turing-machines/undecidability/introduction.tex	turing-machines	section	selected	turing-machines	turing-machines/undecidability/undecidability.tex	0	0	0	-	0	yes	733	Introduction	-	-	-	missing	none	-	-	The source introduction states cardinality and undecidability claims; no universal-machine or undecidability declaration is active.
turing-machines/undecidability/representing-tms.tex	turing-machines	section	selected	turing-machines	turing-machines/undecidability/undecidability.tex	0	0	0	-	0	yes	732	Representing Turing Machines	defn=1;prop=1;prob=1;proof=1;explain=1	defn:tm-descr;rep-right;rep-left;rep-stay;prop:mlessk	defn:_#defn:tm-descr;prop:_#prop:mlessk	missing	none	-	-	No active declaration covers this machine construction or undecidability result.
turing-machines/undecidability/trakhtenbrot.tex	turing-machines	section	selected	turing-machines	turing-machines/undecidability/undecidability.tex	0	0	0	-	0	yes	808	Trakhtenbrot's Theorem	thm=1;lem=2;cor=1;prob=4;proof=4;explain=1	rep-right;rep-left;rep-stay;lem:halts-sat;lem:sat-halts;thm:trakhtenbrodt;cor:fproof-incomp	thm:Trakhtenbrot's Theorem#thm:trakhtenbrodt;lem:_#lem:halts-sat;lem:_#lem:sat-halts;cor:_#cor:fproof-incomp	missing	none	-	-	No active declaration covers this machine construction or undecidability result.
turing-machines/undecidability/undecidability.tex	turing-machines	chapter	selected	turing-machines	turing-machines/turing-machines.tex	9	0	0	-	0	no	2	tur	-	-	-	structural-container	aggregator	-	-	Part/chapter container with imports or section assembly; substantive child sections are audited separately.
turing-machines/undecidability/universal-tm.tex	turing-machines	section	selected	turing-machines	turing-machines/undecidability/undecidability.tex	0	0	0	-	0	yes	859	Universal Turing Machines	defn=1;thm=1;proof=1	thm:universal-tm;find-inst	thm:_#thm:universal-tm	missing	none	-	-	No active declaration covers this machine construction or undecidability result.
turing-machines/undecidability/unsolvability-decision-problem.tex	turing-machines	section	selected	turing-machines	turing-machines/undecidability/undecidability.tex	0	0	0	-	0	yes	445	The Decision Problem is Unsolvable	thm=2;cor=1;proof=3;explain=1	thm:decision-prob;cor:undecidable-sat;thm:valid-ce	thm:_#thm:decision-prob;thm:_#thm:valid-ce;cor:_#cor:undecidable-sat	missing	none	-	-	No active declaration covers this machine construction or undecidability result.
turing-machines/undecidability/verification.tex	turing-machines	section	selected	turing-machines	turing-machines/undecidability/undecidability.tex	0	0	0	-	0	yes	992	Verifying the Representation	defn=1;lem=4;prob=3;proof=4;explain=3	lem:halt-config-implies-halt;lem:config;right;left;stay;lem:valid-if-halt;lem:halt-if-valid	lem:_#lem:halt-config-implies-halt;lem:_#lem:config;lem:_#lem:valid-if-halt;lem:_#lem:halt-if-valid	missing	none	-	-	No active declaration covers this machine construction or undecidability result.
