source_file	source_root	file_kind	source_unit	selection	selected_roots	direct_importers	active_imports	commented_imports	substantive	prose_words	headings	construct_counts	labels	named_items	unit_start_line	unit_end_line	file_lines	file_words	coverage_status	coverage_basis	formalolp_evidence	formal_declarations	audit_note
propositional-logic/propositional-logic.tex	propositional-logic	part	section	selected	propositional-logic	content.tex	7	0	yes	100	pl	editorial=1	-	-	1	53	54	189	structural_container	aggregator	-	-	Aggregator/editorial import container; child source files are audited separately.
propositional-logic/syntax-and-semantics/completeness.tex	propositional-logic	section	section	orphan_or_unselected	-	-	0	0	yes	272	Completeness of Propositional Logic	defn=1;thm=1;prop=1;lem=1;cor=2;prob=1;proof=4	def:MaxCon;lem:truth;lem:truth-1;lem:truth-2;lem:truth-3;thm:completeness;prop:compactness	defn:_#def:MaxCon;thm:Completeness#thm:completeness;prop:Compactness Theorem#prop:compactness;lem:Truth Lemma#lem:truth,lem:truth-1,lem:truth-2,lem:truth-3	1	123	124	621	missing	no_native_match_found	-	-	No active FormalOLP declaration was found for this substantive source section.
propositional-logic/syntax-and-semantics/completeness.tex	propositional-logic	unit	defn#1; label=def:MaxCon	orphan_or_unselected	-	-	0	0	yes	272	Completeness of Propositional Logic	-	def:MaxCon	defn#1; label=def:MaxCon	13	18	124	621	missing	no_native_match_found	-	-	No active declaration was found for this source unit.
propositional-logic/syntax-and-semantics/completeness.tex	propositional-logic	unit	lem#1; label=lem:truth	orphan_or_unselected	-	-	0	0	yes	272	Completeness of Propositional Logic	-	lem:truth	lem#1; label=lem:truth	20	30	124	621	missing	no_native_match_found	-	-	No active declaration was found for this source unit.
propositional-logic/syntax-and-semantics/completeness.tex	propositional-logic	unit	prob#1	orphan_or_unselected	-	-	0	0	yes	272	Completeness of Propositional Logic	-	-	prob#1	51	53	124	621	missing	no_native_match_found	-	-	No active declaration was found for this source unit.
propositional-logic/syntax-and-semantics/completeness.tex	propositional-logic	unit	thm#1; label=thm:completeness	orphan_or_unselected	-	-	0	0	yes	272	Completeness of Propositional Logic	-	thm:completeness	thm#1; label=thm:completeness	55	58	124	621	missing	no_native_match_found	-	-	No active declaration was found for this source unit.
propositional-logic/syntax-and-semantics/completeness.tex	propositional-logic	unit	cor#1	orphan_or_unselected	-	-	0	0	yes	272	Completeness of Propositional Logic	-	-	cor#1	95	97	124	621	missing	no_native_match_found	-	-	No active declaration was found for this source unit.
propositional-logic/syntax-and-semantics/completeness.tex	propositional-logic	unit	prop#1; label=prop:compactness	orphan_or_unselected	-	-	0	0	yes	272	Completeness of Propositional Logic	-	prop:compactness	prop#1; label=prop:compactness	105	109	124	621	missing	no_native_match_found	-	-	No active declaration was found for this source unit.
propositional-logic/syntax-and-semantics/completeness.tex	propositional-logic	unit	cor#2	orphan_or_unselected	-	-	0	0	yes	272	Completeness of Propositional Logic	-	-	cor#2	118	121	124	621	missing	no_native_match_found	-	-	No active declaration was found for this source unit.
propositional-logic/syntax-and-semantics/formation-sequences.tex	propositional-logic	section	section	selected	propositional-logic	propositional-logic/syntax-and-semantics/syntax-and-semantics.tex	0	0	yes	404	Formation Sequences	defn=1;thm=1;prop=1;lem=1;ex=1;proof=3	defn:fseq-frm;prop:formed;lem:fseq-init;thm:fseq-frm-equiv	defn:Formation sequences for formulas#defn:fseq-frm;thm:_#thm:fseq-frm-equiv;prop:_#prop:formed;lem:_#lem:fseq-init	1	153	154	828	missing	no_native_match_found	-	-	No active FormalOLP declaration was found for this substantive source section.
propositional-logic/syntax-and-semantics/formation-sequences.tex	propositional-logic	unit	defn#1; label=defn:fseq-frm	selected	propositional-logic	propositional-logic/syntax-and-semantics/syntax-and-semantics.tex	0	0	yes	404	Formation Sequences	-	defn:fseq-frm	defn#1; label=defn:fseq-frm	20	34	154	828	missing	no_native_match_found	-	-	No active declaration was found for this source unit.
propositional-logic/syntax-and-semantics/formation-sequences.tex	propositional-logic	unit	ex#1	selected	propositional-logic	propositional-logic/syntax-and-semantics/syntax-and-semantics.tex	0	0	yes	404	Formation Sequences	-	-	ex#1	36	61	154	828	missing	no_native_match_found	-	-	No active declaration was found for this source unit.
propositional-logic/syntax-and-semantics/formation-sequences.tex	propositional-logic	unit	prop#1; label=prop:formed	selected	propositional-logic	propositional-logic/syntax-and-semantics/syntax-and-semantics.tex	0	0	yes	404	Formation Sequences	-	prop:formed	prop#1; label=prop:formed	63	66	154	828	missing	no_native_match_found	-	-	No active declaration was found for this source unit.
propositional-logic/syntax-and-semantics/formation-sequences.tex	propositional-logic	unit	lem#1; label=lem:fseq-init	selected	propositional-logic	propositional-logic/syntax-and-semantics/syntax-and-semantics.tex	0	0	yes	404	Formation Sequences	-	lem:fseq-init	lem#1; label=lem:fseq-init	103	108	154	828	missing	no_native_match_found	-	-	No active declaration was found for this source unit.
propositional-logic/syntax-and-semantics/formation-sequences.tex	propositional-logic	unit	thm#1; label=thm:fseq-frm-equiv	selected	propositional-logic	propositional-logic/syntax-and-semantics/syntax-and-semantics.tex	0	0	yes	404	Formation Sequences	-	thm:fseq-frm-equiv	thm#1; label=thm:fseq-frm-equiv	114	118	154	828	missing	no_native_match_found	-	-	No active declaration was found for this source unit.
propositional-logic/syntax-and-semantics/formulas.tex	propositional-logic	section	section	selected	propositional-logic	propositional-logic/syntax-and-semantics/syntax-and-semantics.tex	0	0	yes	578	Propositional \usetoken{P	defn=3;explain=2;intro=1	defn:formulas	defn:Formula#defn:formulas;defn:Syntactic identity	1	182	183	982	defined_only	manual_definition_match	FormalOLP/PropositionalLogic/Syntax.lean	FormalOLP/PropositionalLogic/Syntax.lean:20-45	Primitive Formula/neg/verum definitions are native; formation-sequence and metatheory results are absent.
propositional-logic/syntax-and-semantics/formulas.tex	propositional-logic	unit	defn#1; label=defn:formulas	selected	propositional-logic	propositional-logic/syntax-and-semantics/syntax-and-semantics.tex	0	0	yes	578	Propositional \usetoken{P	-	defn:formulas	defn#1; label=defn:formulas	78	107	183	982	defined_only	manual_definition_match	FormalOLP/PropositionalLogic/Syntax.lean	FormalOLP/PropositionalLogic/Syntax.lean:20-45	Primitive Formula/neg/verum definitions are native; formation-sequence and metatheory results are absent.
propositional-logic/syntax-and-semantics/formulas.tex	propositional-logic	unit	defn#2	selected	propositional-logic	propositional-logic/syntax-and-semantics/syntax-and-semantics.tex	0	0	yes	578	Propositional \usetoken{P	-	-	defn#2	134	164	183	982	defined_only	manual_definition_match	FormalOLP/PropositionalLogic/Syntax.lean	FormalOLP/PropositionalLogic/Syntax.lean:20-45	Primitive Formula/neg/verum definitions are native; formation-sequence and metatheory results are absent.
propositional-logic/syntax-and-semantics/formulas.tex	propositional-logic	unit	defn#3	selected	propositional-logic	propositional-logic/syntax-and-semantics/syntax-and-semantics.tex	0	0	yes	578	Propositional \usetoken{P	-	-	defn#3	167	171	183	982	defined_only	manual_definition_match	FormalOLP/PropositionalLogic/Syntax.lean	FormalOLP/PropositionalLogic/Syntax.lean:20-45	Primitive Formula/neg/verum definitions are native; formation-sequence and metatheory results are absent.
propositional-logic/syntax-and-semantics/introduction.tex	propositional-logic	section	section	selected	propositional-logic	propositional-logic/syntax-and-semantics/syntax-and-semantics.tex	0	0	yes	530	Introduction	-	-	-	1	79	80	640	missing	no_native_match_found	-	-	No active FormalOLP declaration was found for this substantive source section.
propositional-logic/syntax-and-semantics/preliminaries.tex	propositional-logic	section	section	selected	propositional-logic	propositional-logic/syntax-and-semantics/syntax-and-semantics.tex	0	0	yes	302	Preliminaries	defn=1;thm=1;prop=3;prob=4;proof=2	thm:induction;prop:balanced;prop:noinit	defn:Uniform Substitution;thm:\emph{Principle of induction on !!{formula}s}#thm:induction;prop:_#prop:balanced;prop:_#prop:noinit;prop:Unique Readability	1	120	121	646	missing	no_native_match_found	-	-	No active FormalOLP declaration was found for this substantive source section.
propositional-logic/syntax-and-semantics/preliminaries.tex	propositional-logic	unit	thm#1; label=thm:induction	selected	propositional-logic	propositional-logic/syntax-and-semantics/syntax-and-semantics.tex	0	0	yes	302	Preliminaries	-	thm:induction	thm#1; label=thm:induction	13	30	121	646	missing	no_native_match_found	-	-	No active declaration was found for this source unit.
propositional-logic/syntax-and-semantics/preliminaries.tex	propositional-logic	unit	prop#1; label=prop:balanced	selected	propositional-logic	propositional-logic/syntax-and-semantics/syntax-and-semantics.tex	0	0	yes	302	Preliminaries	-	prop:balanced	prop#1; label=prop:balanced	41	44	121	646	missing	no_native_match_found	-	-	No active declaration was found for this source unit.
propositional-logic/syntax-and-semantics/preliminaries.tex	propositional-logic	unit	prob#1	selected	propositional-logic	propositional-logic/syntax-and-semantics/syntax-and-semantics.tex	0	0	yes	302	Preliminaries	-	-	prob#1	46	48	121	646	missing	no_native_match_found	-	-	No active declaration was found for this source unit.
propositional-logic/syntax-and-semantics/preliminaries.tex	propositional-logic	unit	prop#2; label=prop:noinit	selected	propositional-logic	propositional-logic/syntax-and-semantics/syntax-and-semantics.tex	0	0	yes	302	Preliminaries	-	prop:noinit	prop#2; label=prop:noinit	50	52	121	646	missing	no_native_match_found	-	-	No active declaration was found for this source unit.
propositional-logic/syntax-and-semantics/preliminaries.tex	propositional-logic	unit	prob#2	selected	propositional-logic	propositional-logic/syntax-and-semantics/syntax-and-semantics.tex	0	0	yes	302	Preliminaries	-	-	prob#2	54	56	121	646	missing	no_native_match_found	-	-	No active declaration was found for this source unit.
propositional-logic/syntax-and-semantics/preliminaries.tex	propositional-logic	unit	prop#3	selected	propositional-logic	propositional-logic/syntax-and-semantics/syntax-and-semantics.tex	0	0	yes	302	Preliminaries	-	-	prop#3	58	79	121	646	missing	no_native_match_found	-	-	No active declaration was found for this source unit.
propositional-logic/syntax-and-semantics/preliminaries.tex	propositional-logic	unit	defn#1	selected	propositional-logic	propositional-logic/syntax-and-semantics/syntax-and-semantics.tex	0	0	yes	302	Preliminaries	-	-	defn#1	91	98	121	646	missing	no_native_match_found	-	-	No active declaration was found for this source unit.
propositional-logic/syntax-and-semantics/preliminaries.tex	propositional-logic	unit	prob#3	selected	propositional-logic	propositional-logic/syntax-and-semantics/syntax-and-semantics.tex	0	0	yes	302	Preliminaries	-	-	prob#3	100	112	121	646	missing	no_native_match_found	-	-	No active declaration was found for this source unit.
propositional-logic/syntax-and-semantics/preliminaries.tex	propositional-logic	unit	prob#4	selected	propositional-logic	propositional-logic/syntax-and-semantics/syntax-and-semantics.tex	0	0	yes	302	Preliminaries	-	-	prob#4	114	117	121	646	missing	no_native_match_found	-	-	No active declaration was found for this source unit.
propositional-logic/syntax-and-semantics/semantic-notions.tex	propositional-logic	section	section	selected	propositional-logic	propositional-logic/syntax-and-semantics/syntax-and-semantics.tex	0	0	yes	140	Semantic Notions	defn=1;thm=1;prop=2;prob=4;proof=3	prop:semanticalfacts;def:monotonicity;def:Cut;prop:entails-unsat;thm:sem-deduction	thm:Semantic Deduction Theorem#thm:sem-deduction;prop:_#prop:semanticalfacts,def:monotonicity,def:Cut;prop:_#prop:entails-unsat	1	96	97	447	proved_weaker	manual_fragment_match	FormalOLP/PropositionalLogic/Semantics.lean	FormalOLP/PropositionalLogic/Semantics.lean:65-129	Entails, monotonicity, unsatisfiable-negation, and deduction links exist; source cut/semantic fact package is incomplete.
propositional-logic/syntax-and-semantics/semantic-notions.tex	propositional-logic	unit	defn#1	selected	propositional-logic	propositional-logic/syntax-and-semantics/syntax-and-semantics.tex	0	0	yes	140	Semantic Notions	-	-	defn#1	15	32	97	447	defined_only	manual_definition_match	FormalOLP/PropositionalLogic/Semantics.lean	FormalOLP/PropositionalLogic/Semantics.lean:62-77	SatisfiesContext, Entails, Satisfiable, and Tautology interfaces are native.
propositional-logic/syntax-and-semantics/semantic-notions.tex	propositional-logic	unit	prob#1	selected	propositional-logic	propositional-logic/syntax-and-semantics/syntax-and-semantics.tex	0	0	yes	140	Semantic Notions	-	-	prob#1	34	43	97	447	missing	no_native_match_found	-	-	Source exercise/proof unit has no separate active declaration.
propositional-logic/syntax-and-semantics/semantic-notions.tex	propositional-logic	unit	prop#1; label=prop:semanticalfacts	selected	propositional-logic	propositional-logic/syntax-and-semantics/syntax-and-semantics.tex	0	0	yes	140	Semantic Notions	-	prop:semanticalfacts	prop#1; label=prop:semanticalfacts	45	60	97	447	proved_weaker	manual_fragment_match	FormalOLP/PropositionalLogic/Semantics.lean	FormalOLP/PropositionalLogic/Semantics.lean:104-129	Matching semantic law is present for native Formula/Set semantics; the source bundle and proof calculus remain incomplete.
propositional-logic/syntax-and-semantics/semantic-notions.tex	propositional-logic	unit	prob#2	selected	propositional-logic	propositional-logic/syntax-and-semantics/syntax-and-semantics.tex	0	0	yes	140	Semantic Notions	-	-	prob#2	66	68	97	447	missing	no_native_match_found	-	-	Source exercise/proof unit has no separate active declaration.
propositional-logic/syntax-and-semantics/semantic-notions.tex	propositional-logic	unit	prop#2; label=prop:entails-unsat	selected	propositional-logic	propositional-logic/syntax-and-semantics/syntax-and-semantics.tex	0	0	yes	140	Semantic Notions	-	prop:entails-unsat	prop#2; label=prop:entails-unsat	70	73	97	447	proved_weaker	manual_fragment_match	FormalOLP/PropositionalLogic/Semantics.lean	FormalOLP/PropositionalLogic/Semantics.lean:104-129	Matching semantic law is present for native Formula/Set semantics; the source bundle and proof calculus remain incomplete.
propositional-logic/syntax-and-semantics/semantic-notions.tex	propositional-logic	unit	prob#3	selected	propositional-logic	propositional-logic/syntax-and-semantics/syntax-and-semantics.tex	0	0	yes	140	Semantic Notions	-	-	prob#3	79	81	97	447	missing	no_native_match_found	-	-	Source exercise/proof unit has no separate active declaration.
propositional-logic/syntax-and-semantics/semantic-notions.tex	propositional-logic	unit	thm#1; label=thm:sem-deduction	selected	propositional-logic	propositional-logic/syntax-and-semantics/syntax-and-semantics.tex	0	0	yes	140	Semantic Notions	-	thm:sem-deduction	thm#1; label=thm:sem-deduction	83	86	97	447	proved_weaker	manual_fragment_match	FormalOLP/PropositionalLogic/Semantics.lean	FormalOLP/PropositionalLogic/Semantics.lean:104-129	Matching semantic law is present for native Formula/Set semantics; the source bundle and proof calculus remain incomplete.
propositional-logic/syntax-and-semantics/semantic-notions.tex	propositional-logic	unit	prob#4	selected	propositional-logic	propositional-logic/syntax-and-semantics/syntax-and-semantics.tex	0	0	yes	140	Semantic Notions	-	-	prob#4	92	94	97	447	missing	no_native_match_found	-	-	Source exercise/proof unit has no separate active declaration.
propositional-logic/syntax-and-semantics/soundness.tex	propositional-logic	section	section	orphan_or_unselected	-	-	0	0	yes	59	Soundness of Propositional Logic	thm=1;cor=1;proof=1	thm:soundness	thm:Soundness#thm:soundness	1	33	34	136	proved_weaker	manual_fragment_match	FormalOLP/ProofTheory/NaturalDeduction.lean	FormalOLP/ProofTheory/NaturalDeduction.lean:248-299	Native N2c derivation soundness is proved, but the source axiomatic propositional calculus is not the same interface.
propositional-logic/syntax-and-semantics/soundness.tex	propositional-logic	unit	thm#1; label=thm:soundness	orphan_or_unselected	-	-	0	0	yes	59	Soundness of Propositional Logic	-	thm:soundness	thm#1; label=thm:soundness	13	17	34	136	proved_weaker	manual_fragment_match	FormalOLP/ProofTheory/NaturalDeduction.lean	FormalOLP/ProofTheory/NaturalDeduction.lean:248-299	Soundness is proved for native N2c derivations, not the source axiomatic calculus.
propositional-logic/syntax-and-semantics/soundness.tex	propositional-logic	unit	cor#1	orphan_or_unselected	-	-	0	0	yes	59	Soundness of Propositional Logic	-	-	cor#1	28	31	34	136	missing	no_native_match_found	-	-	The consistency corollary is not separately proved.
propositional-logic/syntax-and-semantics/syntax-and-semantics.tex	propositional-logic	chapter	section	selected	propositional-logic	propositional-logic/propositional-logic.tex	6	0	yes	30	pl	editorial=1	-	-	1	30	31	71	structural_container	aggregator	-	-	Aggregator/editorial import container; child source files are audited separately.
propositional-logic/syntax-and-semantics/valuations-sat.tex	propositional-logic	section	section	selected	propositional-logic	propositional-logic/syntax-and-semantics/syntax-and-semantics.tex	0	0	yes	154	\usetoken{P	defn=3;thm=1;prop=1;prob=2;proof=2;explain=1	thm:LocalDetermination;defn:satisfaction;prop:sat-value	defn:!!^{valuation}s;defn:Satisfaction#defn:satisfaction;thm:Local Determination#thm:LocalDetermination;prop:_#prop:sat-value	1	198	199	804	proved_weaker	manual_fragment_match	FormalOLP/PropositionalLogic/Semantics.lean	FormalOLP/PropositionalLogic/Semantics.lean:24-77	Evaluate/Satisfies covers truth clauses, but Local Determination and the full source development are not separately formalized.
propositional-logic/syntax-and-semantics/valuations-sat.tex	propositional-logic	unit	defn#1	selected	propositional-logic	propositional-logic/syntax-and-semantics/syntax-and-semantics.tex	0	0	yes	154	\usetoken{P	-	-	defn#1	13	19	199	804	defined_only	manual_definition_match	FormalOLP/PropositionalLogic/Semantics.lean	FormalOLP/PropositionalLogic/Semantics.lean:24-77	Valuation, recursive evaluation, and satisfaction interfaces are present; source truth-value theorem remains separate.
propositional-logic/syntax-and-semantics/valuations-sat.tex	propositional-logic	unit	defn#2	selected	propositional-logic	propositional-logic/syntax-and-semantics/syntax-and-semantics.tex	0	0	yes	154	\usetoken{P	-	-	defn#2	21	57	199	804	defined_only	manual_definition_match	FormalOLP/PropositionalLogic/Semantics.lean	FormalOLP/PropositionalLogic/Semantics.lean:24-77	Valuation, recursive evaluation, and satisfaction interfaces are present; source truth-value theorem remains separate.
propositional-logic/syntax-and-semantics/valuations-sat.tex	propositional-logic	unit	prob#1	selected	propositional-logic	propositional-logic/syntax-and-semantics/syntax-and-semantics.tex	0	0	yes	154	\usetoken{P	-	-	prob#1	119	131	199	804	missing	no_native_match_found	-	-	Local Determination, satisfaction/value equivalence, and exercises are not separately proved.
propositional-logic/syntax-and-semantics/valuations-sat.tex	propositional-logic	unit	thm#1; label=thm:LocalDetermination	selected	propositional-logic	propositional-logic/syntax-and-semantics/syntax-and-semantics.tex	0	0	yes	154	\usetoken{P	-	thm:LocalDetermination	thm#1; label=thm:LocalDetermination	133	140	199	804	missing	no_native_match_found	-	-	Local Determination, satisfaction/value equivalence, and exercises are not separately proved.
propositional-logic/syntax-and-semantics/valuations-sat.tex	propositional-logic	unit	defn#3; label=defn:satisfaction	selected	propositional-logic	propositional-logic/syntax-and-semantics/syntax-and-semantics.tex	0	0	yes	154	\usetoken{P	-	defn:satisfaction	defn#3; label=defn:satisfaction	146	184	199	804	defined_only	manual_definition_match	FormalOLP/PropositionalLogic/Semantics.lean	FormalOLP/PropositionalLogic/Semantics.lean:24-77	Valuation, recursive evaluation, and satisfaction interfaces are present; source truth-value theorem remains separate.
propositional-logic/syntax-and-semantics/valuations-sat.tex	propositional-logic	unit	prop#1; label=prop:sat-value	selected	propositional-logic	propositional-logic/syntax-and-semantics/syntax-and-semantics.tex	0	0	yes	154	\usetoken{P	-	prop:sat-value	prop#1; label=prop:sat-value	186	188	199	804	missing	no_native_match_found	-	-	Local Determination, satisfaction/value equivalence, and exercises are not separately proved.
propositional-logic/syntax-and-semantics/valuations-sat.tex	propositional-logic	unit	prob#2	selected	propositional-logic	propositional-logic/syntax-and-semantics/syntax-and-semantics.tex	0	0	yes	154	\usetoken{P	-	-	prob#2	194	196	199	804	missing	no_native_match_found	-	-	Local Determination, satisfaction/value equivalence, and exercises are not separately proved.
first-order-logic/axiomatic-deduction/axiomatic-deduction.tex	first-order-logic	chapter	section	selected	first-order-logic;propositional-logic	first-order-logic/first-order-logic.tex;propositional-logic/propositional-logic.tex	13	0	yes	58	fol;pl	editorial=1	-	-	1	59	60	145	structural_container	aggregator	-	-	Aggregator/editorial import container; child source files are audited separately.
first-order-logic/axiomatic-deduction/axioms-rules-propositional.tex	first-order-logic	section	section	selected	first-order-logic;propositional-logic	first-order-logic/axiomatic-deduction/axiomatic-deduction.tex	0	0	yes	41	Axioms and Rules for the Propositional Connectives	defn=2	ax:land1;ax:land2;ax:land3;ax:lor1;ax:lor2;ax:lor3;ax:lif1;ax:lif2;ax:lnot1;ax:lnot2;ax:ltrue;ax:lfalse1;ax:lfalse2;ax:dne	defn:Axioms#ax:land1,ax:land2,ax:land3,ax:lor1,ax:lor2,ax:lor3,ax:lif1,ax:lif2,ax:lnot1,ax:lnot2,ax:ltrue,ax:lfalse1,ax:lfalse2,ax:dne;defn:Modus ponens	1	43	44	232	missing	no_native_match_found	-	-	No active FormalOLP declaration was found for this substantive source section.
first-order-logic/axiomatic-deduction/axioms-rules-propositional.tex	first-order-logic	unit	defn#1; label=ax:land1	selected	first-order-logic;propositional-logic	first-order-logic/axiomatic-deduction/axiomatic-deduction.tex	0	0	yes	41	Axioms and Rules for the Propositional Connectives	-	ax:land1	defn#1; label=ax:land1	15	34	44	232	missing	no_native_match_found	-	-	No active declaration was found for this source unit.
first-order-logic/axiomatic-deduction/axioms-rules-propositional.tex	first-order-logic	unit	defn#2	selected	first-order-logic;propositional-logic	first-order-logic/axiomatic-deduction/axiomatic-deduction.tex	0	0	yes	41	Axioms and Rules for the Propositional Connectives	-	-	defn#2	36	39	44	232	missing	no_native_match_found	-	-	No active declaration was found for this source unit.
first-order-logic/axiomatic-deduction/axioms-rules-quantifiers.tex	first-order-logic	section	section	selected	first-order-logic;propositional-logic	first-order-logic/axiomatic-deduction/axiomatic-deduction.tex	0	0	yes	62	Axioms and Rules for Quantifiers	defn=2	ax:q1;ax:q2	defn:Axioms for quantifiers#ax:q1,ax:q2;defn:Rules for quantifiers	1	34	35	155	missing	no_native_match_found	-	-	No active FormalOLP declaration was found for this substantive source section.
first-order-logic/axiomatic-deduction/axioms-rules-quantifiers.tex	first-order-logic	unit	defn#1; label=ax:q1	selected	first-order-logic;propositional-logic	first-order-logic/axiomatic-deduction/axiomatic-deduction.tex	0	0	yes	62	Axioms and Rules for Quantifiers	-	ax:q1	defn#1; label=ax:q1	13	21	35	155	missing	no_native_match_found	-	-	No active declaration was found for this source unit.
first-order-logic/axiomatic-deduction/axioms-rules-quantifiers.tex	first-order-logic	unit	defn#2	selected	first-order-logic;propositional-logic	first-order-logic/axiomatic-deduction/axiomatic-deduction.tex	0	0	yes	62	Axioms and Rules for Quantifiers	-	-	defn#2	23	30	35	155	missing	no_native_match_found	-	-	No active declaration was found for this source unit.
first-order-logic/axiomatic-deduction/deduction-theorem-quantifiers.tex	first-order-logic	section	section	selected	first-order-logic;propositional-logic	first-order-logic/axiomatic-deduction/axiomatic-deduction.tex	0	0	yes	140	The Deduction Theorem with Quantifiers	thm=1;prob=1;proof=1	thm:deduction-thm-q	thm:Deduction Theorem#thm:deduction-thm-q	1	58	59	363	missing	no_native_match_found	-	-	No active FormalOLP declaration was found for this substantive source section.
first-order-logic/axiomatic-deduction/deduction-theorem-quantifiers.tex	first-order-logic	unit	thm#1; label=thm:deduction-thm-q	selected	first-order-logic;propositional-logic	first-order-logic/axiomatic-deduction/axiomatic-deduction.tex	0	0	yes	140	The Deduction Theorem with Quantifiers	-	thm:deduction-thm-q	thm#1; label=thm:deduction-thm-q	13	16	59	363	missing	no_native_match_found	-	-	No active declaration was found for this source unit.
first-order-logic/axiomatic-deduction/deduction-theorem-quantifiers.tex	first-order-logic	unit	prob#1	selected	first-order-logic;propositional-logic	first-order-logic/axiomatic-deduction/axiomatic-deduction.tex	0	0	yes	140	The Deduction Theorem with Quantifiers	-	-	prob#1	54	56	59	363	missing	no_native_match_found	-	-	No active declaration was found for this source unit.
first-order-logic/axiomatic-deduction/deduction-theorem.tex	first-order-logic	section	section	selected	first-order-logic;propositional-logic	first-order-logic/axiomatic-deduction/axiomatic-deduction.tex	0	0	yes	335	The Deduction Theorem	thm=1;prop=2;prob=2;proof=2;derivation=1	prop:mp;thm:deduction-thm;prop:derivfacts;derivfacts:a;derivfacts:b;derivfacts:c;derivfacts:d;derivfacts:e	thm:Deduction Theorem#thm:deduction-thm;prop:_#prop:mp;prop:_#prop:derivfacts,derivfacts:a,derivfacts:b,derivfacts:c,derivfacts:d,derivfacts:e	1	132	133	762	missing	no_native_match_found	-	-	No active FormalOLP declaration was found for this substantive source section.
first-order-logic/axiomatic-deduction/deduction-theorem.tex	first-order-logic	unit	prop#1; label=prop:mp	selected	first-order-logic;propositional-logic	first-order-logic/axiomatic-deduction/axiomatic-deduction.tex	0	0	yes	335	The Deduction Theorem	-	prop:mp	prop#1; label=prop:mp	31	34	133	762	missing	no_native_match_found	-	-	No active declaration was found for this source unit.
first-order-logic/axiomatic-deduction/deduction-theorem.tex	first-order-logic	unit	thm#1; label=thm:deduction-thm	selected	first-order-logic;propositional-logic	first-order-logic/axiomatic-deduction/axiomatic-deduction.tex	0	0	yes	335	The Deduction Theorem	-	thm:deduction-thm	thm#1; label=thm:deduction-thm	49	52	133	762	missing	no_native_match_found	-	-	No active declaration was found for this source unit.
first-order-logic/axiomatic-deduction/deduction-theorem.tex	first-order-logic	unit	prop#2; label=prop:derivfacts	selected	first-order-logic;propositional-logic	first-order-logic/axiomatic-deduction/axiomatic-deduction.tex	0	0	yes	335	The Deduction Theorem	-	prop:derivfacts	prop#2; label=prop:derivfacts	103	118	133	762	missing	no_native_match_found	-	-	No active declaration was found for this source unit.
first-order-logic/axiomatic-deduction/deduction-theorem.tex	first-order-logic	unit	prob#1	selected	first-order-logic;propositional-logic	first-order-logic/axiomatic-deduction/axiomatic-deduction.tex	0	0	yes	335	The Deduction Theorem	-	-	prob#1	121	123	133	762	missing	no_native_match_found	-	-	No active declaration was found for this source unit.
first-order-logic/axiomatic-deduction/deduction-theorem.tex	first-order-logic	unit	prob#2	selected	first-order-logic;propositional-logic	first-order-logic/axiomatic-deduction/axiomatic-deduction.tex	0	0	yes	335	The Deduction Theorem	-	-	prob#2	127	129	133	762	missing	no_native_match_found	-	-	No active declaration was found for this source unit.
first-order-logic/axiomatic-deduction/identity.tex	first-order-logic	section	section	selected	first-order-logic;propositional-logic	first-order-logic/axiomatic-deduction/axiomatic-deduction.tex	0	0	yes	71	\usetoken{P	defn=1;prop=3;prob=1;proof=2	ax:id1;ax:id2;prop:sound;prop:iden1;prop:iden2	defn:Axioms for !!{identity}#ax:id1,ax:id2;prop:_#prop:sound;prop:_#prop:iden1;prop:_#prop:iden2	1	56	57	203	missing	no_native_match_found	-	-	No active FormalOLP declaration was found for this substantive source section.
first-order-logic/axiomatic-deduction/identity.tex	first-order-logic	unit	defn#1; label=ax:id1	selected	first-order-logic;propositional-logic	first-order-logic/axiomatic-deduction/axiomatic-deduction.tex	0	0	yes	71	\usetoken{P	-	ax:id1	defn#1; label=ax:id1	17	24	57	203	missing	no_native_match_found	-	-	No active declaration was found for this source unit.
first-order-logic/axiomatic-deduction/identity.tex	first-order-logic	unit	prop#1; label=prop:sound	selected	first-order-logic;propositional-logic	first-order-logic/axiomatic-deduction/axiomatic-deduction.tex	0	0	yes	71	\usetoken{P	-	prop:sound	prop#1; label=prop:sound	26	28	57	203	missing	no_native_match_found	-	-	No active declaration was found for this source unit.
first-order-logic/axiomatic-deduction/identity.tex	first-order-logic	unit	prob#1	selected	first-order-logic;propositional-logic	first-order-logic/axiomatic-deduction/axiomatic-deduction.tex	0	0	yes	71	\usetoken{P	-	-	prob#1	34	36	57	203	missing	no_native_match_found	-	-	No active declaration was found for this source unit.
first-order-logic/axiomatic-deduction/identity.tex	first-order-logic	unit	prop#2; label=prop:iden1	selected	first-order-logic;propositional-logic	first-order-logic/axiomatic-deduction/axiomatic-deduction.tex	0	0	yes	71	\usetoken{P	-	prop:iden1	prop#2; label=prop:iden1	38	40	57	203	missing	no_native_match_found	-	-	No active declaration was found for this source unit.
first-order-logic/axiomatic-deduction/identity.tex	first-order-logic	unit	prop#3; label=prop:iden2	selected	first-order-logic;propositional-logic	first-order-logic/axiomatic-deduction/axiomatic-deduction.tex	0	0	yes	71	\usetoken{P	-	prop:iden2	prop#3; label=prop:iden2	42	45	57	203	missing	no_native_match_found	-	-	No active declaration was found for this source unit.
first-order-logic/axiomatic-deduction/proof-theoretic-notions.tex	first-order-logic	section	section	selected	first-order-logic;propositional-logic	first-order-logic/axiomatic-deduction/axiomatic-deduction.tex	0	0	yes	309	Proof-Theoretic Notions	defn=3;prop=5;prob=2;proof=5;explain=1	prop:reflexivity;prop:monotonicity;prop:transitivity;prop:incons;prop:proves-compact	defn:!!^{derivability};defn:Theorems;defn:Consistency;prop:Reflexivity#prop:reflexivity;prop:Monotonicity#prop:monotonicity;prop:Transitivity#prop:transitivity;prop:_#prop:incons;prop:Compactness#prop:proves-compact	1	136	137	640	missing	no_native_match_found	-	-	No active FormalOLP declaration was found for this substantive source section.
first-order-logic/axiomatic-deduction/proof-theoretic-notions.tex	first-order-logic	unit	defn#1	selected	first-order-logic;propositional-logic	first-order-logic/axiomatic-deduction/axiomatic-deduction.tex	0	0	yes	309	Proof-Theoretic Notions	-	-	defn#1	26	30	137	640	missing	no_native_match_found	-	-	No active declaration was found for this source unit.
first-order-logic/axiomatic-deduction/proof-theoretic-notions.tex	first-order-logic	unit	defn#2	selected	first-order-logic;propositional-logic	first-order-logic/axiomatic-deduction/axiomatic-deduction.tex	0	0	yes	309	Proof-Theoretic Notions	-	-	defn#2	32	36	137	640	missing	no_native_match_found	-	-	No active declaration was found for this source unit.
first-order-logic/axiomatic-deduction/proof-theoretic-notions.tex	first-order-logic	unit	defn#3	selected	first-order-logic;propositional-logic	first-order-logic/axiomatic-deduction/axiomatic-deduction.tex	0	0	yes	309	Proof-Theoretic Notions	-	-	defn#3	38	41	137	640	missing	no_native_match_found	-	-	No active declaration was found for this source unit.
first-order-logic/axiomatic-deduction/proof-theoretic-notions.tex	first-order-logic	unit	prop#1; label=prop:reflexivity	selected	first-order-logic;propositional-logic	first-order-logic/axiomatic-deduction/axiomatic-deduction.tex	0	0	yes	309	Proof-Theoretic Notions	-	prop:reflexivity	prop#1; label=prop:reflexivity	43	46	137	640	missing	no_native_match_found	-	-	No active declaration was found for this source unit.
first-order-logic/axiomatic-deduction/proof-theoretic-notions.tex	first-order-logic	unit	prop#2; label=prop:monotonicity	selected	first-order-logic;propositional-logic	first-order-logic/axiomatic-deduction/axiomatic-deduction.tex	0	0	yes	309	Proof-Theoretic Notions	-	prop:monotonicity	prop#2; label=prop:monotonicity	52	56	137	640	missing	no_native_match_found	-	-	No active declaration was found for this source unit.
first-order-logic/axiomatic-deduction/proof-theoretic-notions.tex	first-order-logic	unit	prop#3; label=prop:transitivity	selected	first-order-logic;propositional-logic	first-order-logic/axiomatic-deduction/axiomatic-deduction.tex	0	0	yes	309	Proof-Theoretic Notions	-	prop:transitivity	prop#3; label=prop:transitivity	63	67	137	640	missing	no_native_match_found	-	-	No active declaration was found for this source unit.
first-order-logic/axiomatic-deduction/proof-theoretic-notions.tex	first-order-logic	unit	prop#4; label=prop:incons	selected	first-order-logic;propositional-logic	first-order-logic/axiomatic-deduction/axiomatic-deduction.tex	0	0	yes	309	Proof-Theoretic Notions	-	prop:incons	prop#4; label=prop:incons	91	94	137	640	missing	no_native_match_found	-	-	No active declaration was found for this source unit.
first-order-logic/axiomatic-deduction/proof-theoretic-notions.tex	first-order-logic	unit	prob#1	selected	first-order-logic;propositional-logic	first-order-logic/axiomatic-deduction/axiomatic-deduction.tex	0	0	yes	309	Proof-Theoretic Notions	-	-	prob#1	101	103	137	640	missing	no_native_match_found	-	-	No active declaration was found for this source unit.
first-order-logic/axiomatic-deduction/proof-theoretic-notions.tex	first-order-logic	unit	prob#2	selected	first-order-logic;propositional-logic	first-order-logic/axiomatic-deduction/axiomatic-deduction.tex	0	0	yes	309	Proof-Theoretic Notions	-	-	prob#2	107	109	137	640	missing	no_native_match_found	-	-	No active declaration was found for this source unit.
first-order-logic/axiomatic-deduction/proof-theoretic-notions.tex	first-order-logic	unit	prop#5; label=prop:proves-compact	selected	first-order-logic;propositional-logic	first-order-logic/axiomatic-deduction/axiomatic-deduction.tex	0	0	yes	309	Proof-Theoretic Notions	-	prop:proves-compact	prop#5; label=prop:proves-compact	112	120	137	640	missing	no_native_match_found	-	-	No active declaration was found for this source unit.
first-order-logic/axiomatic-deduction/provability-consistency.tex	first-order-logic	section	section	selected	first-order-logic;propositional-logic	first-order-logic/axiomatic-deduction/axiomatic-deduction.tex	0	0	yes	128	\usetoken{S	prop=4;prob=3;proof=4	prop:provability-contr;prop:prov-incons;prop:explicit-inc;prop:provability-exhaustive	prop:_#prop:provability-contr;prop:_#prop:prov-incons;prop:_#prop:explicit-inc;prop:_#prop:provability-exhaustive	1	93	94	428	missing	no_native_match_found	-	-	No active FormalOLP declaration was found for this substantive source section.
first-order-logic/axiomatic-deduction/provability-consistency.tex	first-order-logic	unit	prop#1; label=prop:provability-contr	selected	first-order-logic;propositional-logic	first-order-logic/axiomatic-deduction/axiomatic-deduction.tex	0	0	yes	128	\usetoken{S	-	prop:provability-contr	prop#1; label=prop:provability-contr	19	22	94	428	missing	no_native_match_found	-	-	No active declaration was found for this source unit.
first-order-logic/axiomatic-deduction/provability-consistency.tex	first-order-logic	unit	prop#2; label=prop:prov-incons	selected	first-order-logic;propositional-logic	first-order-logic/axiomatic-deduction/axiomatic-deduction.tex	0	0	yes	128	\usetoken{S	-	prop:prov-incons	prop#2; label=prop:prov-incons	33	36	94	428	missing	no_native_match_found	-	-	No active declaration was found for this source unit.
first-order-logic/axiomatic-deduction/provability-consistency.tex	first-order-logic	unit	prob#1	selected	first-order-logic;propositional-logic	first-order-logic/axiomatic-deduction/axiomatic-deduction.tex	0	0	yes	128	\usetoken{S	-	-	prob#1	55	58	94	428	missing	no_native_match_found	-	-	No active declaration was found for this source unit.
first-order-logic/axiomatic-deduction/provability-consistency.tex	first-order-logic	unit	prop#3; label=prop:explicit-inc	selected	first-order-logic;propositional-logic	first-order-logic/axiomatic-deduction/axiomatic-deduction.tex	0	0	yes	128	\usetoken{S	-	prop:explicit-inc	prop#3; label=prop:explicit-inc	60	63	94	428	missing	no_native_match_found	-	-	No active declaration was found for this source unit.
first-order-logic/axiomatic-deduction/provability-consistency.tex	first-order-logic	unit	prop#4; label=prop:provability-exhaustive	selected	first-order-logic;propositional-logic	first-order-logic/axiomatic-deduction/axiomatic-deduction.tex	0	0	yes	128	\usetoken{S	-	prop:provability-exhaustive	prop#4; label=prop:provability-exhaustive	71	74	94	428	missing	no_native_match_found	-	-	No active declaration was found for this source unit.
first-order-logic/axiomatic-deduction/provability-consistency.tex	first-order-logic	unit	prob#2	selected	first-order-logic;propositional-logic	first-order-logic/axiomatic-deduction/axiomatic-deduction.tex	0	0	yes	128	\usetoken{S	-	-	prob#2	81	83	94	428	missing	no_native_match_found	-	-	No active declaration was found for this source unit.
first-order-logic/axiomatic-deduction/provability-consistency.tex	first-order-logic	unit	prob#3	selected	first-order-logic;propositional-logic	first-order-logic/axiomatic-deduction/axiomatic-deduction.tex	0	0	yes	128	\usetoken{S	-	-	prob#3	87	89	94	428	missing	no_native_match_found	-	-	No active declaration was found for this source unit.
first-order-logic/axiomatic-deduction/provability-propositional.tex	first-order-logic	section	section	selected	first-order-logic;propositional-logic	first-order-logic/axiomatic-deduction/axiomatic-deduction.tex	0	0	yes	101	\usetoken{S	prop=3;proof=3;explain=1;derivation=1	prop:provability-land;prop:provability-land-left;prop:provability-land-right;prop:provability-lor;prop:provability-lif;prop:provability-lif-left;prop:provability-lif-right	prop:_#prop:provability-land,prop:provability-land-left,prop:provability-land-right;prop:_#prop:provability-lor;prop:_#prop:provability-lif,prop:provability-lif-left,prop:provability-lif-right	1	84	85	386	missing	no_native_match_found	-	-	No active FormalOLP declaration was found for this substantive source section.
first-order-logic/axiomatic-deduction/provability-propositional.tex	first-order-logic	unit	prop#1; label=prop:provability-land	selected	first-order-logic;propositional-logic	first-order-logic/axiomatic-deduction/axiomatic-deduction.tex	0	0	yes	101	\usetoken{S	-	prop:provability-land	prop#1; label=prop:provability-land	23	29	85	386	missing	no_native_match_found	-	-	No active declaration was found for this source unit.
first-order-logic/axiomatic-deduction/provability-propositional.tex	first-order-logic	unit	prop#2; label=prop:provability-lor	selected	first-order-logic;propositional-logic	first-order-logic/axiomatic-deduction/axiomatic-deduction.tex	0	0	yes	101	\usetoken{S	-	prop:provability-lor	prop#2; label=prop:provability-lor	41	46	85	386	missing	no_native_match_found	-	-	No active declaration was found for this source unit.
first-order-logic/axiomatic-deduction/provability-propositional.tex	first-order-logic	unit	prop#3; label=prop:provability-lif	selected	first-order-logic;propositional-logic	first-order-logic/axiomatic-deduction/axiomatic-deduction.tex	0	0	yes	101	\usetoken{S	-	prop:provability-lif	prop#3; label=prop:provability-lif	62	68	85	386	missing	no_native_match_found	-	-	No active declaration was found for this source unit.
first-order-logic/axiomatic-deduction/provability-quantifiers.tex	first-order-logic	section	section	selected	first-order-logic;propositional-logic	first-order-logic/axiomatic-deduction/axiomatic-deduction.tex	0	0	yes	62	\usetoken{S	thm=1;prop=1;proof=2;explain=1	thm:strong-generalization;prop:provability-quantifiers	thm:_#thm:strong-generalization;prop:_#prop:provability-quantifiers	1	50	51	206	missing	no_native_match_found	-	-	No active FormalOLP declaration was found for this substantive source section.
first-order-logic/axiomatic-deduction/provability-quantifiers.tex	first-order-logic	unit	thm#1; label=thm:strong-generalization	selected	first-order-logic;propositional-logic	first-order-logic/axiomatic-deduction/axiomatic-deduction.tex	0	0	yes	62	\usetoken{S	-	thm:strong-generalization	thm#1; label=thm:strong-generalization	21	25	51	206	missing	no_native_match_found	-	-	No active declaration was found for this source unit.
first-order-logic/axiomatic-deduction/provability-quantifiers.tex	first-order-logic	unit	prop#1; label=prop:provability-quantifiers	selected	first-order-logic;propositional-logic	first-order-logic/axiomatic-deduction/axiomatic-deduction.tex	0	0	yes	62	\usetoken{S	-	prop:provability-quantifiers	prop#1; label=prop:provability-quantifiers	34	41	51	206	missing	no_native_match_found	-	-	No active declaration was found for this source unit.
first-order-logic/axiomatic-deduction/provability.tex	first-order-logic	section	section	orphan_or_unselected	-	-	0	0	yes	626	Properties of \usetoken{S	thm=4;prop=3;lem=2;probtag=1;proof=8;explain=1;derivation=9	prop:provability;prop:provability-contr;prop:provability-lnot;prop:provability-exhaustive;prop:provability-lor-left;prop:provability-lor-right;prop:provability-land-left;prop:provability-land-right;prop:provability-mp;prop:provability-lif;thm:Generalization;thm:WeakGen;lem:free-for;lem:ChangeBdVar;thm:StrongGen;thm:provability-quantifiers	thm:Generalization#thm:Generalization;thm:_#thm:WeakGen;thm:Strong Generalization on Constants#thm:StrongGen;thm:_#thm:provability-quantifiers;prop:Monotonicity;prop:_#prop:provability;prop:_#prop:provability-contr,prop:provability-lnot,prop:provability-exhaustive,prop:provability-lor-left,prop:provability-lor-right,prop:provability-land-left,prop:provability-land-right,prop:provability-mp,prop:provability-lif;lem:_#lem:free-for;lem:Change of Bound Variable#lem:ChangeBdVar	1	306	307	1883	missing	no_native_match_found	-	-	No active FormalOLP declaration was found for this substantive source section.
first-order-logic/axiomatic-deduction/provability.tex	first-order-logic	unit	prop#1	orphan_or_unselected	-	-	0	0	yes	626	Properties of \usetoken{S	-	-	prop#1	18	19	307	1883	missing	no_native_match_found	-	-	No active declaration was found for this source unit.
first-order-logic/axiomatic-deduction/provability.tex	first-order-logic	unit	prop#2; label=prop:provability	orphan_or_unselected	-	-	0	0	yes	626	Properties of \usetoken{S	-	prop:provability	prop#2; label=prop:provability	25	26	307	1883	missing	no_native_match_found	-	-	No active declaration was found for this source unit.
first-order-logic/axiomatic-deduction/provability.tex	first-order-logic	unit	prop#3; label=prop:provability-contr	orphan_or_unselected	-	-	0	0	yes	626	Properties of \usetoken{S	-	prop:provability-contr	prop#3; label=prop:provability-contr	28	61	307	1883	missing	no_native_match_found	-	-	No active declaration was found for this source unit.
first-order-logic/axiomatic-deduction/provability.tex	first-order-logic	unit	thm#1; label=thm:Generalization	orphan_or_unselected	-	-	0	0	yes	626	Properties of \usetoken{S	-	thm:Generalization	thm#1; label=thm:Generalization	171	174	307	1883	missing	no_native_match_found	-	-	No active declaration was found for this source unit.
first-order-logic/axiomatic-deduction/provability.tex	first-order-logic	unit	thm#2; label=thm:WeakGen	orphan_or_unselected	-	-	0	0	yes	626	Properties of \usetoken{S	-	thm:WeakGen	thm#2; label=thm:WeakGen	187	191	307	1883	missing	no_native_match_found	-	-	No active declaration was found for this source unit.
first-order-logic/axiomatic-deduction/provability.tex	first-order-logic	unit	lem#1; label=lem:free-for	orphan_or_unselected	-	-	0	0	yes	626	Properties of \usetoken{S	-	lem:free-for	lem#1; label=lem:free-for	220	224	307	1883	missing	no_native_match_found	-	-	No active declaration was found for this source unit.
first-order-logic/axiomatic-deduction/provability.tex	first-order-logic	unit	lem#2; label=lem:ChangeBdVar	orphan_or_unselected	-	-	0	0	yes	626	Properties of \usetoken{S	-	lem:ChangeBdVar	lem#2; label=lem:ChangeBdVar	234	239	307	1883	missing	no_native_match_found	-	-	No active declaration was found for this source unit.
first-order-logic/axiomatic-deduction/provability.tex	first-order-logic	unit	thm#3; label=thm:StrongGen	orphan_or_unselected	-	-	0	0	yes	626	Properties of \usetoken{S	-	thm:StrongGen	thm#3; label=thm:StrongGen	262	267	307	1883	missing	no_native_match_found	-	-	No active declaration was found for this source unit.
first-order-logic/axiomatic-deduction/provability.tex	first-order-logic	unit	thm#4; label=thm:provability-quantifiers	orphan_or_unselected	-	-	0	0	yes	626	Properties of \usetoken{S	-	thm:provability-quantifiers	thm#4; label=thm:provability-quantifiers	281	289	307	1883	missing	no_native_match_found	-	-	No active declaration was found for this source unit.
first-order-logic/axiomatic-deduction/proving-things-quant.tex	first-order-logic	section	section	selected	first-order-logic;propositional-logic	first-order-logic/axiomatic-deduction/axiomatic-deduction.tex	0	0	yes	56	\usetoken{P	ex=1	-	-	1	36	37	245	missing	no_native_match_found	-	-	No active FormalOLP declaration was found for this substantive source section.
first-order-logic/axiomatic-deduction/proving-things-quant.tex	first-order-logic	unit	ex#1	selected	first-order-logic;propositional-logic	first-order-logic/axiomatic-deduction/axiomatic-deduction.tex	0	0	yes	56	\usetoken{P	-	-	ex#1	13	34	37	245	missing	no_native_match_found	-	-	No active declaration was found for this source unit.
first-order-logic/axiomatic-deduction/proving-things.tex	first-order-logic	section	section	selected	first-order-logic;propositional-logic	first-order-logic/axiomatic-deduction/axiomatic-deduction.tex	0	0	yes	425	Examples of \usetoken{P	prop=1;ex=3;prob=1;proof=1;derivation=3	ex:identity;ex:chain;prop:chain	prop:_#prop:chain;ex:_#ex:identity;ex:_#ex:chain	1	132	133	992	missing	no_native_match_found	-	-	No active FormalOLP declaration was found for this substantive source section.
first-order-logic/axiomatic-deduction/proving-things.tex	first-order-logic	unit	ex#1	selected	first-order-logic;propositional-logic	first-order-logic/axiomatic-deduction/axiomatic-deduction.tex	0	0	yes	425	Examples of \usetoken{P	-	-	ex#1	16	39	133	992	missing	no_native_match_found	-	-	No active declaration was found for this source unit.
first-order-logic/axiomatic-deduction/proving-things.tex	first-order-logic	unit	ex#2; label=ex:identity	selected	first-order-logic;propositional-logic	first-order-logic/axiomatic-deduction/axiomatic-deduction.tex	0	0	yes	425	Examples of \usetoken{P	-	ex:identity	ex#2; label=ex:identity	41	80	133	992	missing	no_native_match_found	-	-	No active declaration was found for this source unit.
first-order-logic/axiomatic-deduction/proving-things.tex	first-order-logic	unit	ex#3; label=ex:chain	selected	first-order-logic;propositional-logic	first-order-logic/axiomatic-deduction/axiomatic-deduction.tex	0	0	yes	425	Examples of \usetoken{P	-	ex:chain	ex#3; label=ex:chain	82	99	133	992	missing	no_native_match_found	-	-	No active declaration was found for this source unit.
first-order-logic/axiomatic-deduction/proving-things.tex	first-order-logic	unit	prop#1; label=prop:chain	selected	first-order-logic;propositional-logic	first-order-logic/axiomatic-deduction/axiomatic-deduction.tex	0	0	yes	425	Examples of \usetoken{P	-	prop:chain	prop#1; label=prop:chain	101	104	133	992	missing	no_native_match_found	-	-	No active declaration was found for this source unit.
first-order-logic/axiomatic-deduction/proving-things.tex	first-order-logic	unit	prob#1	selected	first-order-logic;propositional-logic	first-order-logic/axiomatic-deduction/axiomatic-deduction.tex	0	0	yes	425	Examples of \usetoken{P	-	-	prob#1	120	128	133	992	missing	no_native_match_found	-	-	No active declaration was found for this source unit.
first-order-logic/axiomatic-deduction/rules-and-proofs.tex	first-order-logic	section	section	selected	first-order-logic;propositional-logic	first-order-logic/axiomatic-deduction/axiomatic-deduction.tex	0	0	yes	382	Rules and \usetoken{P	defn=4;explain=1;quote=3	-	defn:!!^{derivability};defn:Rule of inference;defn:!!^{derivability};defn:Theorems	1	96	97	597	missing	no_native_match_found	-	-	No active FormalOLP declaration was found for this substantive source section.
first-order-logic/axiomatic-deduction/rules-and-proofs.tex	first-order-logic	unit	defn#1	selected	first-order-logic;propositional-logic	first-order-logic/axiomatic-deduction/axiomatic-deduction.tex	0	0	yes	382	Rules and \usetoken{P	-	-	defn#1	24	35	97	597	missing	no_native_match_found	-	-	No active declaration was found for this source unit.
first-order-logic/axiomatic-deduction/rules-and-proofs.tex	first-order-logic	unit	defn#2	selected	first-order-logic;propositional-logic	first-order-logic/axiomatic-deduction/axiomatic-deduction.tex	0	0	yes	382	Rules and \usetoken{P	-	-	defn#2	43	46	97	597	missing	no_native_match_found	-	-	No active declaration was found for this source unit.
first-order-logic/axiomatic-deduction/rules-and-proofs.tex	first-order-logic	unit	defn#3	selected	first-order-logic;propositional-logic	first-order-logic/axiomatic-deduction/axiomatic-deduction.tex	0	0	yes	382	Rules and \usetoken{P	-	-	defn#3	83	87	97	597	missing	no_native_match_found	-	-	No active declaration was found for this source unit.
first-order-logic/axiomatic-deduction/rules-and-proofs.tex	first-order-logic	unit	defn#4	selected	first-order-logic;propositional-logic	first-order-logic/axiomatic-deduction/axiomatic-deduction.tex	0	0	yes	382	Rules and \usetoken{P	-	-	defn#4	89	93	97	597	missing	no_native_match_found	-	-	No active declaration was found for this source unit.
first-order-logic/axiomatic-deduction/soundness.tex	first-order-logic	section	section	selected	first-order-logic;propositional-logic	first-order-logic/axiomatic-deduction/axiomatic-deduction.tex	0	0	yes	501	Soundness	thm=1;prop=1;cor=2;prob=1;proof=3;explain=1	thm:soundness;cor:weak-soundness;cor:consistency-soundness	thm:Soundness#thm:soundness;cor:_#cor:weak-soundness;cor:_#cor:consistency-soundness	1	143	144	938	missing	no_native_match_found	-	-	No active FormalOLP declaration was found for this substantive source section.
first-order-logic/axiomatic-deduction/soundness.tex	first-order-logic	unit	prop#1	selected	first-order-logic;propositional-logic	first-order-logic/axiomatic-deduction/axiomatic-deduction.tex	0	0	yes	501	Soundness	-	-	prop#1	34	39	144	938	missing	no_native_match_found	-	-	No active declaration was found for this source unit.
first-order-logic/axiomatic-deduction/soundness.tex	first-order-logic	unit	thm#1; label=thm:soundness	selected	first-order-logic;propositional-logic	first-order-logic/axiomatic-deduction/axiomatic-deduction.tex	0	0	yes	501	Soundness	-	thm:soundness	thm#1; label=thm:soundness	54	57	144	938	missing	no_native_match_found	-	-	No active declaration was found for this source unit.
first-order-logic/axiomatic-deduction/soundness.tex	first-order-logic	unit	prob#1	selected	first-order-logic;propositional-logic	first-order-logic/axiomatic-deduction/axiomatic-deduction.tex	0	0	yes	501	Soundness	-	-	prob#1	114	116	144	938	missing	no_native_match_found	-	-	No active declaration was found for this source unit.
first-order-logic/axiomatic-deduction/soundness.tex	first-order-logic	unit	cor#1; label=cor:weak-soundness	selected	first-order-logic;propositional-logic	first-order-logic/axiomatic-deduction/axiomatic-deduction.tex	0	0	yes	501	Soundness	-	cor:weak-soundness	cor#1; label=cor:weak-soundness	119	122	144	938	missing	no_native_match_found	-	-	No active declaration was found for this source unit.
first-order-logic/axiomatic-deduction/soundness.tex	first-order-logic	unit	cor#2; label=cor:consistency-soundness	selected	first-order-logic;propositional-logic	first-order-logic/axiomatic-deduction/axiomatic-deduction.tex	0	0	yes	501	Soundness	-	cor:consistency-soundness	cor#2; label=cor:consistency-soundness	124	127	144	938	missing	no_native_match_found	-	-	No active declaration was found for this source unit.
first-order-logic/beyond/beyond.tex	first-order-logic	chapter	section	selected	first-order-logic	first-order-logic/first-order-logic.tex	7	0	yes	63	fol	editorial=1	-	-	1	35	36	112	structural_container	aggregator	-	-	Aggregator/editorial import container; child source files are audited separately.
first-order-logic/beyond/higher-order-logic.tex	first-order-logic	section	section	selected	first-order-logic	first-order-logic/beyond/beyond.tex	0	0	yes	801	Higher-Order logic	quote=1	-	-	1	125	126	1067	missing	no_native_match_found	-	-	No active FormalOLP declaration was found for this substantive source section.
first-order-logic/beyond/introduction.tex	first-order-logic	section	section	selected	first-order-logic	first-order-logic/beyond/beyond.tex	0	0	yes	367	Overview	-	-	-	1	50	51	402	missing	no_native_match_found	-	-	No active FormalOLP declaration was found for this substantive source section.
first-order-logic/beyond/intuitionistic-logic.tex	first-order-logic	section	section	selected	first-order-logic	first-order-logic/beyond/beyond.tex	0	0	yes	1290	Intuitionistic Logic	thm=4;proof=1	-	-	1	224	225	1762	missing	no_native_match_found	-	-	No active FormalOLP declaration was found for this substantive source section.
first-order-logic/beyond/intuitionistic-logic.tex	first-order-logic	unit	thm#1	selected	first-order-logic	first-order-logic/beyond/beyond.tex	0	0	yes	1290	Intuitionistic Logic	-	-	thm#1	45	47	225	1762	missing	no_native_match_found	-	-	No active declaration was found for this source unit.
first-order-logic/beyond/intuitionistic-logic.tex	first-order-logic	unit	thm#2	selected	first-order-logic	first-order-logic/beyond/beyond.tex	0	0	yes	1290	Intuitionistic Logic	-	-	thm#2	117	124	225	1762	missing	no_native_match_found	-	-	No active declaration was found for this source unit.
first-order-logic/beyond/intuitionistic-logic.tex	first-order-logic	unit	thm#3	selected	first-order-logic	first-order-logic/beyond/beyond.tex	0	0	yes	1290	Intuitionistic Logic	-	-	thm#3	151	157	225	1762	missing	no_native_match_found	-	-	No active declaration was found for this source unit.
first-order-logic/beyond/intuitionistic-logic.tex	first-order-logic	unit	thm#4	selected	first-order-logic	first-order-logic/beyond/beyond.tex	0	0	yes	1290	Intuitionistic Logic	-	-	thm#4	172	175	225	1762	missing	no_native_match_found	-	-	No active declaration was found for this source unit.
first-order-logic/beyond/many-sorted-logic.tex	first-order-logic	section	section	selected	first-order-logic	first-order-logic/beyond/beyond.tex	0	0	yes	402	Many-Sorted Logic	-	-	-	1	67	68	515	missing	no_native_match_found	-	-	No active FormalOLP declaration was found for this substantive source section.
first-order-logic/beyond/modal-logics.tex	first-order-logic	section	section	selected	first-order-logic	first-order-logic/beyond/beyond.tex	0	0	yes	537	Modal Logics	quote=1	-	-	1	91	92	704	missing	no_native_match_found	-	-	No active FormalOLP declaration was found for this substantive source section.
first-order-logic/beyond/other-logics.tex	first-order-logic	section	section	selected	first-order-logic	first-order-logic/beyond/beyond.tex	0	0	yes	249	Other Logics	-	-	-	1	42	43	281	missing	no_native_match_found	-	-	No active FormalOLP declaration was found for this substantive source section.
first-order-logic/beyond/second-order-logic.tex	first-order-logic	section	section	selected	first-order-logic	first-order-logic/beyond/beyond.tex	0	0	yes	1538	Second-Order logic	-	-	-	1	245	246	2079	missing	no_native_match_found	-	-	No active FormalOLP declaration was found for this substantive source section.
first-order-logic/completeness/compactness-direct.tex	first-order-logic	section	section	selected	first-order-logic;propositional-logic	first-order-logic/completeness/completeness.tex	0	0	yes	440	A Direct Proof of the Compactness Theorem	thm=1;prop=2;lem=2;prob=8;proof=1	prop:fsat-ccs;lem:fsat-henkin;prop:fsat-instances;lem:fsat-lindenbaum;thm:compactness-direct	thm:Compactness#thm:compactness-direct;prop:_#prop:fsat-ccs;prop:_#prop:fsat-instances;lem:_#lem:fsat-henkin;lem:_#lem:fsat-lindenbaum	1	161	162	820	missing	no_native_match_found	-	-	No active FormalOLP declaration was found for this substantive source section.
first-order-logic/completeness/compactness-direct.tex	first-order-logic	unit	prop#1; label=prop:fsat-ccs	selected	first-order-logic;propositional-logic	first-order-logic/completeness/completeness.tex	0	0	yes	440	A Direct Proof of the Compactness Theorem	-	prop:fsat-ccs	prop#1; label=prop:fsat-ccs	31	44	162	820	missing	no_native_match_found	-	-	No active declaration was found for this source unit.
first-order-logic/completeness/compactness-direct.tex	first-order-logic	unit	prob#1	selected	first-order-logic;propositional-logic	first-order-logic/completeness/completeness.tex	0	0	yes	440	A Direct Proof of the Compactness Theorem	-	-	prob#1	47	49	162	820	missing	no_native_match_found	-	-	No active declaration was found for this source unit.
first-order-logic/completeness/compactness-direct.tex	first-order-logic	unit	prob#2	selected	first-order-logic;propositional-logic	first-order-logic/completeness/completeness.tex	0	0	yes	440	A Direct Proof of the Compactness Theorem	-	-	prob#2	53	55	162	820	missing	no_native_match_found	-	-	No active declaration was found for this source unit.
first-order-logic/completeness/compactness-direct.tex	first-order-logic	unit	lem#1; label=lem:fsat-henkin	selected	first-order-logic;propositional-logic	first-order-logic/completeness/completeness.tex	0	0	yes	440	A Direct Proof of the Compactness Theorem	-	lem:fsat-henkin	lem#1; label=lem:fsat-henkin	59	62	162	820	missing	no_native_match_found	-	-	No active declaration was found for this source unit.
first-order-logic/completeness/compactness-direct.tex	first-order-logic	unit	prob#3	selected	first-order-logic;propositional-logic	first-order-logic/completeness/completeness.tex	0	0	yes	440	A Direct Proof of the Compactness Theorem	-	-	prob#3	66	70	162	820	missing	no_native_match_found	-	-	No active declaration was found for this source unit.
first-order-logic/completeness/compactness-direct.tex	first-order-logic	unit	prop#2; label=prop:fsat-instances	selected	first-order-logic;propositional-logic	first-order-logic/completeness/completeness.tex	0	0	yes	440	A Direct Proof of the Compactness Theorem	-	prop:fsat-instances	prop#2; label=prop:fsat-instances	74	82	162	820	missing	no_native_match_found	-	-	No active declaration was found for this source unit.
first-order-logic/completeness/compactness-direct.tex	first-order-logic	unit	prob#4	selected	first-order-logic;propositional-logic	first-order-logic/completeness/completeness.tex	0	0	yes	440	A Direct Proof of the Compactness Theorem	-	-	prob#4	86	88	162	820	missing	no_native_match_found	-	-	No active declaration was found for this source unit.
first-order-logic/completeness/compactness-direct.tex	first-order-logic	unit	lem#2; label=lem:fsat-lindenbaum	selected	first-order-logic;propositional-logic	first-order-logic/completeness/completeness.tex	0	0	yes	440	A Direct Proof of the Compactness Theorem	-	lem:fsat-lindenbaum	lem#2; label=lem:fsat-lindenbaum	91	95	162	820	missing	no_native_match_found	-	-	No active declaration was found for this source unit.
first-order-logic/completeness/compactness-direct.tex	first-order-logic	unit	prob#5	selected	first-order-logic;propositional-logic	first-order-logic/completeness/completeness.tex	0	0	yes	440	A Direct Proof of the Compactness Theorem	-	-	prob#5	98	103	162	820	missing	no_native_match_found	-	-	No active declaration was found for this source unit.
first-order-logic/completeness/compactness-direct.tex	first-order-logic	unit	prob#6	selected	first-order-logic;propositional-logic	first-order-logic/completeness/completeness.tex	0	0	yes	440	A Direct Proof of the Compactness Theorem	-	-	prob#6	107	112	162	820	missing	no_native_match_found	-	-	No active declaration was found for this source unit.
first-order-logic/completeness/compactness-direct.tex	first-order-logic	unit	thm#1; label=thm:compactness-direct	selected	first-order-logic;propositional-logic	first-order-logic/completeness/completeness.tex	0	0	yes	440	A Direct Proof of the Compactness Theorem	-	thm:compactness-direct	thm#1; label=thm:compactness-direct	115	118	162	820	missing	no_native_match_found	-	-	No active declaration was found for this source unit.
first-order-logic/completeness/compactness-direct.tex	first-order-logic	unit	prob#7	selected	first-order-logic;propositional-logic	first-order-logic/completeness/completeness.tex	0	0	yes	440	A Direct Proof of the Compactness Theorem	-	-	prob#7	146	150	162	820	missing	no_native_match_found	-	-	No active declaration was found for this source unit.
first-order-logic/completeness/compactness-direct.tex	first-order-logic	unit	prob#8	selected	first-order-logic;propositional-logic	first-order-logic/completeness/completeness.tex	0	0	yes	440	A Direct Proof of the Compactness Theorem	-	-	prob#8	154	158	162	820	missing	no_native_match_found	-	-	No active declaration was found for this source unit.
first-order-logic/completeness/compactness.tex	first-order-logic	section	section	selected	first-order-logic;propositional-logic	first-order-logic/completeness/completeness.tex	0	0	yes	920	The Compactness Theorem	defn=1;thm=1;ex=3;prob=3;proof=1	thm:compactness	thm:Compactness Theorem#thm:compactness	1	199	200	1428	dependency_only	dependency_support	FormalOLP/ModelTheory/Basic.lean	FormalOLP/ModelTheory/Basic.lean:52-60	Compactness is imported through Mathlib and exposed as a support theorem; no native OLP completeness proof is present.
first-order-logic/completeness/compactness.tex	first-order-logic	unit	defn#1	selected	first-order-logic;propositional-logic	first-order-logic/completeness/completeness.tex	0	0	yes	920	The Compactness Theorem	-	-	defn#1	29	31	200	1428	dependency_only	dependency_support	FormalOLP/ModelTheory/Basic.lean	FormalOLP/ModelTheory/Basic.lean:52-60	Compactness is imported through Mathlib and exposed as a support theorem; no native OLP completeness proof is present.
first-order-logic/completeness/compactness.tex	first-order-logic	unit	thm#1; label=thm:compactness	selected	first-order-logic;propositional-logic	first-order-logic/completeness/completeness.tex	0	0	yes	920	The Compactness Theorem	-	thm:compactness	thm#1; label=thm:compactness	33	42	200	1428	dependency_only	dependency_support	FormalOLP/ModelTheory/Basic.lean	FormalOLP/ModelTheory/Basic.lean:52-60	Compactness is imported through Mathlib and exposed as a support theorem; no native OLP completeness proof is present.
first-order-logic/completeness/compactness.tex	first-order-logic	unit	prob#1	selected	first-order-logic;propositional-logic	first-order-logic/completeness/completeness.tex	0	0	yes	920	The Compactness Theorem	-	-	prob#1	79	81	200	1428	dependency_only	dependency_support	FormalOLP/ModelTheory/Basic.lean	FormalOLP/ModelTheory/Basic.lean:52-60	Compactness is imported through Mathlib and exposed as a support theorem; no native OLP completeness proof is present.
first-order-logic/completeness/compactness.tex	first-order-logic	unit	prob#2	selected	first-order-logic;propositional-logic	first-order-logic/completeness/completeness.tex	0	0	yes	920	The Compactness Theorem	-	-	prob#2	85	87	200	1428	dependency_only	dependency_support	FormalOLP/ModelTheory/Basic.lean	FormalOLP/ModelTheory/Basic.lean:52-60	Compactness is imported through Mathlib and exposed as a support theorem; no native OLP completeness proof is present.
first-order-logic/completeness/compactness.tex	first-order-logic	unit	ex#1	selected	first-order-logic;propositional-logic	first-order-logic/completeness/completeness.tex	0	0	yes	920	The Compactness Theorem	-	-	ex#1	91	121	200	1428	dependency_only	dependency_support	FormalOLP/ModelTheory/Basic.lean	FormalOLP/ModelTheory/Basic.lean:52-60	Compactness is imported through Mathlib and exposed as a support theorem; no native OLP completeness proof is present.
first-order-logic/completeness/compactness.tex	first-order-logic	unit	ex#2	selected	first-order-logic;propositional-logic	first-order-logic/completeness/completeness.tex	0	0	yes	920	The Compactness Theorem	-	-	ex#2	123	153	200	1428	dependency_only	dependency_support	FormalOLP/ModelTheory/Basic.lean	FormalOLP/ModelTheory/Basic.lean:52-60	Compactness is imported through Mathlib and exposed as a support theorem; no native OLP completeness proof is present.
first-order-logic/completeness/compactness.tex	first-order-logic	unit	prob#3	selected	first-order-logic;propositional-logic	first-order-logic/completeness/completeness.tex	0	0	yes	920	The Compactness Theorem	-	-	prob#3	157	166	200	1428	dependency_only	dependency_support	FormalOLP/ModelTheory/Basic.lean	FormalOLP/ModelTheory/Basic.lean:52-60	Compactness is imported through Mathlib and exposed as a support theorem; no native OLP completeness proof is present.
first-order-logic/completeness/compactness.tex	first-order-logic	unit	ex#3	selected	first-order-logic;propositional-logic	first-order-logic/completeness/completeness.tex	0	0	yes	920	The Compactness Theorem	-	-	ex#3	170	196	200	1428	dependency_only	dependency_support	FormalOLP/ModelTheory/Basic.lean	FormalOLP/ModelTheory/Basic.lean:52-60	Compactness is imported through Mathlib and exposed as a support theorem; no native OLP completeness proof is present.
first-order-logic/completeness/complete-consistent-sets.tex	first-order-logic	section	section	selected	first-order-logic;propositional-logic	first-order-logic/completeness/completeness.tex	0	0	yes	880	Complete Consistent Sets of \usetoken{P	defn=1;prop=1;prob=2;proof=1;explain=2	def:complete-set;prop:ccs;prop:ccs-prov-in;prop:ccs-and;prop:ccs-or;prop:ccs-if	defn:Complete set#def:complete-set;prop:_#prop:ccs,prop:ccs-prov-in,prop:ccs-and,prop:ccs-or,prop:ccs-if	1	223	224	1389	missing	no_native_match_found	-	-	No active FormalOLP declaration was found for this substantive source section.
first-order-logic/completeness/complete-consistent-sets.tex	first-order-logic	unit	defn#1; label=def:complete-set	selected	first-order-logic;propositional-logic	first-order-logic/completeness/completeness.tex	0	0	yes	880	Complete Consistent Sets of \usetoken{P	-	def:complete-set	defn#1; label=def:complete-set	19	23	224	1389	missing	no_native_match_found	-	-	No active declaration was found for this source unit.
first-order-logic/completeness/complete-consistent-sets.tex	first-order-logic	unit	prop#1; label=prop:ccs	selected	first-order-logic;propositional-logic	first-order-logic/completeness/completeness.tex	0	0	yes	880	Complete Consistent Sets of \usetoken{P	-	prop:ccs	prop#1; label=prop:ccs	60	76	224	1389	missing	no_native_match_found	-	-	No active declaration was found for this source unit.
first-order-logic/completeness/complete-consistent-sets.tex	first-order-logic	unit	prob#1	selected	first-order-logic;propositional-logic	first-order-logic/completeness/completeness.tex	0	0	yes	880	Complete Consistent Sets of \usetoken{P	-	-	prob#1	212	214	224	1389	missing	no_native_match_found	-	-	No active declaration was found for this source unit.
first-order-logic/completeness/complete-consistent-sets.tex	first-order-logic	unit	prob#2	selected	first-order-logic;propositional-logic	first-order-logic/completeness/completeness.tex	0	0	yes	880	Complete Consistent Sets of \usetoken{P	-	-	prob#2	218	220	224	1389	missing	no_native_match_found	-	-	No active declaration was found for this source unit.
first-order-logic/completeness/completeness-thm.tex	first-order-logic	section	section	selected	first-order-logic;propositional-logic	first-order-logic/completeness/completeness.tex	0	0	yes	454	The Completeness Theorem	thm=1;cor=1;prob=4;proof=2;explain=1	thm:completeness;cor:completeness	thm:Completeness Theorem#thm:completeness;cor:Completeness Theorem, Second Version#cor:completeness	1	125	126	720	missing	no_native_match_found	-	-	No active FormalOLP declaration was found for this substantive source section.
first-order-logic/completeness/completeness-thm.tex	first-order-logic	unit	thm#1; label=thm:completeness	selected	first-order-logic;propositional-logic	first-order-logic/completeness/completeness.tex	0	0	yes	454	The Completeness Theorem	-	thm:completeness	thm#1; label=thm:completeness	19	23	126	720	missing	no_native_match_found	-	-	No active declaration was found for this source unit.
first-order-logic/completeness/completeness-thm.tex	first-order-logic	unit	cor#1; label=cor:completeness	selected	first-order-logic;propositional-logic	first-order-logic/completeness/completeness.tex	0	0	yes	454	The Completeness Theorem	-	cor:completeness	cor#1; label=cor:completeness	51	55	126	720	missing	no_native_match_found	-	-	No active declaration was found for this source unit.
first-order-logic/completeness/completeness-thm.tex	first-order-logic	unit	prob#1	selected	first-order-logic;propositional-logic	first-order-logic/completeness/completeness.tex	0	0	yes	454	The Completeness Theorem	-	-	prob#1	84	88	126	720	missing	no_native_match_found	-	-	No active declaration was found for this source unit.
first-order-logic/completeness/completeness-thm.tex	first-order-logic	unit	prob#2	selected	first-order-logic;propositional-logic	first-order-logic/completeness/completeness.tex	0	0	yes	454	The Completeness Theorem	-	-	prob#2	92	96	126	720	missing	no_native_match_found	-	-	No active declaration was found for this source unit.
first-order-logic/completeness/completeness-thm.tex	first-order-logic	unit	prob#3	selected	first-order-logic;propositional-logic	first-order-logic/completeness/completeness.tex	0	0	yes	454	The Completeness Theorem	-	-	prob#3	100	109	126	720	missing	no_native_match_found	-	-	No active declaration was found for this source unit.
first-order-logic/completeness/completeness-thm.tex	first-order-logic	unit	prob#4	selected	first-order-logic;propositional-logic	first-order-logic/completeness/completeness.tex	0	0	yes	454	The Completeness Theorem	-	-	prob#4	113	122	126	720	missing	no_native_match_found	-	-	No active declaration was found for this source unit.
first-order-logic/completeness/completeness.tex	first-order-logic	chapter	section	selected	first-order-logic;propositional-logic	first-order-logic/first-order-logic.tex;propositional-logic/propositional-logic.tex	11	0	yes	8	fol;pl	-	-	-	1	42	43	68	structural_container	aggregator	-	-	Aggregator/editorial import container; child source files are audited separately.
first-order-logic/completeness/construction-of-model.tex	first-order-logic	section	section	selected	first-order-logic;propositional-logic	first-order-logic/completeness/completeness.tex	0	0	yes	704	Construction of a Model	defn=2;prop=1;lem=2;prob=3;proof=3;explain=2	defn:termmodel;lem:val-in-termmodel;prop:quant-termmodel;lem:truth	defn:Term model#defn:termmodel;defn:_#defn:termmodel;prop:_#prop:quant-termmodel;lem:_#lem:val-in-termmodel;lem:Truth Lemma#lem:truth	1	279	280	1697	missing	no_native_match_found	-	-	No active FormalOLP declaration was found for this substantive source section.
first-order-logic/completeness/construction-of-model.tex	first-order-logic	unit	defn#1; label=defn:termmodel	selected	first-order-logic;propositional-logic	first-order-logic/completeness/completeness.tex	0	0	yes	704	Construction of a Model	-	defn:termmodel	defn#1; label=defn:termmodel	37	61	280	1697	missing	no_native_match_found	-	-	No active declaration was found for this source unit.
first-order-logic/completeness/construction-of-model.tex	first-order-logic	unit	defn#2; label=defn:termmodel	selected	first-order-logic;propositional-logic	first-order-logic/completeness/completeness.tex	0	0	yes	704	Construction of a Model	-	defn:termmodel	defn#2; label=defn:termmodel	63	72	280	1697	missing	no_native_match_found	-	-	No active declaration was found for this source unit.
first-order-logic/completeness/construction-of-model.tex	first-order-logic	unit	lem#1; label=lem:val-in-termmodel	selected	first-order-logic;propositional-logic	first-order-logic/completeness/completeness.tex	0	0	yes	704	Construction of a Model	-	lem:val-in-termmodel	lem#1; label=lem:val-in-termmodel	78	81	280	1697	missing	no_native_match_found	-	-	No active declaration was found for this source unit.
first-order-logic/completeness/construction-of-model.tex	first-order-logic	unit	prop#1; label=prop:quant-termmodel	selected	first-order-logic;propositional-logic	first-order-logic/completeness/completeness.tex	0	0	yes	704	Construction of a Model	-	prop:quant-termmodel	prop#1; label=prop:quant-termmodel	116	125	280	1697	missing	no_native_match_found	-	-	No active declaration was found for this source unit.
first-order-logic/completeness/construction-of-model.tex	first-order-logic	unit	prob#1	selected	first-order-logic;propositional-logic	first-order-logic/completeness/completeness.tex	0	0	yes	704	Construction of a Model	-	-	prob#1	158	160	280	1697	missing	no_native_match_found	-	-	No active declaration was found for this source unit.
first-order-logic/completeness/construction-of-model.tex	first-order-logic	unit	lem#2; label=lem:truth	selected	first-order-logic;propositional-logic	first-order-logic/completeness/completeness.tex	0	0	yes	704	Construction of a Model	-	lem:truth	lem#2; label=lem:truth	163	166	280	1697	missing	no_native_match_found	-	-	No active declaration was found for this source unit.
first-order-logic/completeness/construction-of-model.tex	first-order-logic	unit	prob#2	selected	first-order-logic;propositional-logic	first-order-logic/completeness/completeness.tex	0	0	yes	704	Construction of a Model	-	-	prob#2	265	267	280	1697	missing	no_native_match_found	-	-	No active declaration was found for this source unit.
first-order-logic/completeness/construction-of-model.tex	first-order-logic	unit	prob#3	selected	first-order-logic;propositional-logic	first-order-logic/completeness/completeness.tex	0	0	yes	704	Construction of a Model	-	-	prob#3	273	275	280	1697	missing	no_native_match_found	-	-	No active declaration was found for this source unit.
first-order-logic/completeness/downward-ls.tex	first-order-logic	section	section	selected	first-order-logic;propositional-logic	first-order-logic/completeness/completeness.tex	0	0	yes	303	"The L\""owenheim--Skolem Theorem"	thm=2;ex=1;proof=2	thm:downward-ls;noidentity-ls	thm:_#thm:downward-ls;thm:_#noidentity-ls;ex:Skolem's Paradox	1	63	64	413	missing	no_native_match_found	-	-	No active FormalOLP declaration was found for this substantive source section.
first-order-logic/completeness/downward-ls.tex	first-order-logic	unit	thm#1; label=thm:downward-ls	selected	first-order-logic;propositional-logic	first-order-logic/completeness/completeness.tex	0	0	yes	303	"The L\""owenheim--Skolem Theorem"	-	thm:downward-ls	thm#1; label=thm:downward-ls	20	24	64	413	missing	no_native_match_found	-	-	No active declaration was found for this source unit.
first-order-logic/completeness/downward-ls.tex	first-order-logic	unit	thm#2; label=noidentity-ls	selected	first-order-logic;propositional-logic	first-order-logic/completeness/completeness.tex	0	0	yes	303	"The L\""owenheim--Skolem Theorem"	-	noidentity-ls	thm#2; label=noidentity-ls	33	38	64	413	missing	no_native_match_found	-	-	No active declaration was found for this source unit.
first-order-logic/completeness/downward-ls.tex	first-order-logic	unit	ex#1	selected	first-order-logic;propositional-logic	first-order-logic/completeness/completeness.tex	0	0	yes	303	"The L\""owenheim--Skolem Theorem"	-	-	ex#1	48	61	64	413	missing	no_native_match_found	-	-	No active declaration was found for this source unit.
first-order-logic/completeness/henkin-expansions.tex	first-order-logic	section	section	selected	first-order-logic;propositional-logic	first-order-logic/completeness/completeness.tex	0	0	yes	673	Henkin Expansion	defn=2;prop=2;lem=1;proof=2;explain=2	prop:lang-exp;defn:henkin-exp;lem:henkin;prop:saturated-instances	defn:Saturated set;defn:_#defn:henkin-exp;prop:_#prop:lang-exp;prop:_#prop:saturated-instances;lem:_#lem:henkin	1	213	214	1369	missing	no_native_match_found	-	-	No active FormalOLP declaration was found for this substantive source section.
first-order-logic/completeness/henkin-expansions.tex	first-order-logic	unit	prop#1; label=prop:lang-exp	selected	first-order-logic;propositional-logic	first-order-logic/completeness/completeness.tex	0	0	yes	673	Henkin Expansion	-	prop:lang-exp	prop#1; label=prop:lang-exp	32	37	214	1369	missing	no_native_match_found	-	-	No active declaration was found for this source unit.
first-order-logic/completeness/henkin-expansions.tex	first-order-logic	unit	defn#1	selected	first-order-logic;propositional-logic	first-order-logic/completeness/completeness.tex	0	0	yes	673	Henkin Expansion	-	-	defn#1	39	47	214	1369	missing	no_native_match_found	-	-	No active declaration was found for this source unit.
first-order-logic/completeness/henkin-expansions.tex	first-order-logic	unit	defn#2; label=defn:henkin-exp	selected	first-order-logic;propositional-logic	first-order-logic/completeness/completeness.tex	0	0	yes	673	Henkin Expansion	-	defn:henkin-exp	defn#2; label=defn:henkin-exp	51	68	214	1369	missing	no_native_match_found	-	-	No active declaration was found for this source unit.
first-order-logic/completeness/henkin-expansions.tex	first-order-logic	unit	lem#1; label=lem:henkin	selected	first-order-logic;propositional-logic	first-order-logic/completeness/completeness.tex	0	0	yes	673	Henkin Expansion	-	lem:henkin	lem#1; label=lem:henkin	70	74	214	1369	missing	no_native_match_found	-	-	No active declaration was found for this source unit.
first-order-logic/completeness/henkin-expansions.tex	first-order-logic	unit	prop#2; label=prop:saturated-instances	selected	first-order-logic;propositional-logic	first-order-logic/completeness/completeness.tex	0	0	yes	673	Henkin Expansion	-	prop:saturated-instances	prop#2; label=prop:saturated-instances	160	168	214	1369	missing	no_native_match_found	-	-	No active declaration was found for this source unit.
first-order-logic/completeness/identity.tex	first-order-logic	section	section	selected	first-order-logic;propositional-logic	first-order-logic/completeness/completeness.tex	0	0	yes	461	Identity	defn=3;prop=2;lem=2;prob=2;proof=4;explain=2;digress=1	prop:approx-equiv;defn:term-model-factor;lem:val-in-termmodel-factored;lem:truth	defn:_#defn:term-model-factor;prop:_#prop:approx-equiv;lem:_#lem:val-in-termmodel-factored;lem:_#lem:truth	1	205	206	1278	missing	no_native_match_found	-	-	No active FormalOLP declaration was found for this substantive source section.
first-order-logic/completeness/identity.tex	first-order-logic	unit	defn#1	selected	first-order-logic;propositional-logic	first-order-logic/completeness/completeness.tex	0	0	yes	461	Identity	-	-	defn#1	26	33	206	1278	missing	no_native_match_found	-	-	No active declaration was found for this source unit.
first-order-logic/completeness/identity.tex	first-order-logic	unit	prop#1; label=prop:approx-equiv	selected	first-order-logic;propositional-logic	first-order-logic/completeness/completeness.tex	0	0	yes	461	Identity	-	prop:approx-equiv	prop#1; label=prop:approx-equiv	35	55	206	1278	missing	no_native_match_found	-	-	No active declaration was found for this source unit.
first-order-logic/completeness/identity.tex	first-order-logic	unit	prob#1	selected	first-order-logic;propositional-logic	first-order-logic/completeness/completeness.tex	0	0	yes	461	Identity	-	-	prob#1	82	84	206	1278	missing	no_native_match_found	-	-	No active declaration was found for this source unit.
first-order-logic/completeness/identity.tex	first-order-logic	unit	defn#2	selected	first-order-logic;propositional-logic	first-order-logic/completeness/completeness.tex	0	0	yes	461	Identity	-	-	defn#2	86	94	206	1278	missing	no_native_match_found	-	-	No active declaration was found for this source unit.
first-order-logic/completeness/identity.tex	first-order-logic	unit	defn#3; label=defn:term-model-factor	selected	first-order-logic;propositional-logic	first-order-logic/completeness/completeness.tex	0	0	yes	461	Identity	-	defn:term-model-factor	defn#3; label=defn:term-model-factor	96	111	206	1278	missing	no_native_match_found	-	-	No active declaration was found for this source unit.
first-order-logic/completeness/identity.tex	first-order-logic	unit	prop#2	selected	first-order-logic;propositional-logic	first-order-logic/completeness/completeness.tex	0	0	yes	461	Identity	-	-	prop#2	135	153	206	1278	missing	no_native_match_found	-	-	No active declaration was found for this source unit.
first-order-logic/completeness/identity.tex	first-order-logic	unit	lem#1; label=lem:val-in-termmodel-factored	selected	first-order-logic;propositional-logic	first-order-logic/completeness/completeness.tex	0	0	yes	461	Identity	-	lem:val-in-termmodel-factored	lem#1; label=lem:val-in-termmodel-factored	162	166	206	1278	missing	no_native_match_found	-	-	No active declaration was found for this source unit.
first-order-logic/completeness/identity.tex	first-order-logic	unit	prob#2	selected	first-order-logic;propositional-logic	first-order-logic/completeness/completeness.tex	0	0	yes	461	Identity	-	-	prob#2	171	173	206	1278	missing	no_native_match_found	-	-	No active declaration was found for this source unit.
first-order-logic/completeness/identity.tex	first-order-logic	unit	lem#2; label=lem:truth	selected	first-order-logic;propositional-logic	first-order-logic/completeness/completeness.tex	0	0	yes	461	Identity	-	lem:truth	lem#2; label=lem:truth	175	179	206	1278	missing	no_native_match_found	-	-	No active declaration was found for this source unit.
first-order-logic/completeness/introduction.tex	first-order-logic	section	section	selected	first-order-logic;propositional-logic	first-order-logic/completeness/completeness.tex	0	0	yes	471	Introduction	quote=1	-	-	1	75	76	575	missing	no_native_match_found	-	-	No active FormalOLP declaration was found for this substantive source section.
first-order-logic/completeness/lindenbaums-lemma.tex	first-order-logic	section	section	selected	first-order-logic;propositional-logic	first-order-logic/completeness/completeness.tex	0	0	yes	403	Lindenbaum's Lemma	lem=1;proof=1;explain=1	lem:lindenbaum	lem:Lindenbaum's Lemma#lem:lindenbaum	1	99	100	642	missing	no_native_match_found	-	-	No active FormalOLP declaration was found for this substantive source section.
first-order-logic/completeness/lindenbaums-lemma.tex	first-order-logic	unit	lem#1; label=lem:lindenbaum	selected	first-order-logic;propositional-logic	first-order-logic/completeness/completeness.tex	0	0	yes	403	Lindenbaum's Lemma	-	lem:lindenbaum	lem#1; label=lem:lindenbaum	27	31	100	642	missing	no_native_match_found	-	-	No active declaration was found for this source unit.
first-order-logic/completeness/maximally-consistent-sets.tex	first-order-logic	section	section	orphan_or_unselected	-	-	0	0	yes	537	Maximally Consistent Sets of \usetoken{P	defn=1;prop=1;prob=1;proof=1;explain=2	mcs;prop:mcs;prop:mcs-prov-in;prop:mcs-either-or;prop:mcs-and;prop:mcs-or;prop:mcs-if	defn:Maximally consistent set#mcs;prop:_#prop:mcs,prop:mcs-prov-in,prop:mcs-either-or,prop:mcs-and,prop:mcs-or,prop:mcs-if	1	167	168	1113	missing	no_native_match_found	-	-	No active FormalOLP declaration was found for this substantive source section.
first-order-logic/completeness/maximally-consistent-sets.tex	first-order-logic	unit	defn#1; label=mcs	orphan_or_unselected	-	-	0	0	yes	537	Maximally Consistent Sets of \usetoken{P	-	mcs	defn#1; label=mcs	16	23	168	1113	missing	no_native_match_found	-	-	No active declaration was found for this source unit.
first-order-logic/completeness/maximally-consistent-sets.tex	first-order-logic	unit	prop#1; label=prop:mcs	orphan_or_unselected	-	-	0	0	yes	537	Maximally Consistent Sets of \usetoken{P	-	prop:mcs	prop#1; label=prop:mcs	53	72	168	1113	missing	no_native_match_found	-	-	No active declaration was found for this source unit.
first-order-logic/completeness/maximally-consistent-sets.tex	first-order-logic	unit	prob#1	orphan_or_unselected	-	-	0	0	yes	537	Maximally Consistent Sets of \usetoken{P	-	-	prob#1	163	165	168	1113	missing	no_native_match_found	-	-	No active declaration was found for this source unit.
first-order-logic/completeness/outline.tex	first-order-logic	section	section	selected	first-order-logic;propositional-logic	first-order-logic/completeness/completeness.tex	0	0	yes	1110	Outline of the Proof	-	-	-	1	170	171	1627	missing	no_native_match_found	-	-	No active FormalOLP declaration was found for this substantive source section.
first-order-logic/first-order-logic.tex	first-order-logic	part	section	selected	first-order-logic	content.tex	11	0	yes	129	fol	editorial=1	-	-	1	59	60	211	structural_container	aggregator	-	-	Aggregator/editorial import container; child source files are audited separately.
first-order-logic/introduction/first-order-logic.tex	first-order-logic	section	section	selected	first-order-logic	first-order-logic/introduction/introduction.tex	0	0	yes	578	First-Order Logic	-	-	-	1	88	89	771	missing	no_native_match_found	-	-	No active FormalOLP declaration was found for this substantive source section.
first-order-logic/introduction/formulas.tex	first-order-logic	section	section	selected	first-order-logic	first-order-logic/introduction/introduction.tex	0	0	yes	461	\usetoken{P	defn=1	fmls-atom;fmls-not;fmls-ex;fmls-limit	defn:_#fmls-atom,fmls-not,fmls-ex,fmls-limit	1	89	90	739	missing	no_native_match_found	-	-	No active FormalOLP declaration was found for this substantive source section.
first-order-logic/introduction/formulas.tex	first-order-logic	unit	defn#1; label=fmls-atom	selected	first-order-logic	first-order-logic/introduction/introduction.tex	0	0	yes	461	\usetoken{P	-	fmls-atom	defn#1; label=fmls-atom	35	52	90	739	missing	no_native_match_found	-	-	No active declaration was found for this source unit.
first-order-logic/introduction/introduction.tex	first-order-logic	chapter	section	selected	first-order-logic	first-order-logic/first-order-logic.tex	9	0	no	6	fol	-	-	-	1	30	31	48	structural_container	aggregator	-	-	Aggregator/editorial import container; child source files are audited separately.
first-order-logic/introduction/models-theories.tex	first-order-logic	section	section	selected	first-order-logic	first-order-logic/introduction/introduction.tex	0	0	yes	456	Models and Theories	-	-	-	1	70	71	637	missing	no_native_match_found	-	-	No active FormalOLP declaration was found for this substantive source section.
first-order-logic/introduction/satisfaction.tex	first-order-logic	section	section	selected	first-order-logic	first-order-logic/introduction/introduction.tex	0	0	yes	578	Satisfaction	-	-	-	1	114	115	1080	missing	no_native_match_found	-	-	No active FormalOLP declaration was found for this substantive source section.
first-order-logic/introduction/semantic-notions.tex	first-order-logic	section	section	selected	first-order-logic	first-order-logic/introduction/introduction.tex	0	0	yes	308	Semantic Notions	-	-	-	1	48	49	394	missing	no_native_match_found	-	-	No active FormalOLP declaration was found for this substantive source section.
first-order-logic/introduction/sentences.tex	first-order-logic	section	section	selected	first-order-logic	first-order-logic/introduction/introduction.tex	0	0	yes	347	\usetoken{P	-	-	-	1	58	59	459	missing	no_native_match_found	-	-	No active FormalOLP declaration was found for this substantive source section.
first-order-logic/introduction/soundness-completeness.tex	first-order-logic	section	section	selected	first-order-logic	first-order-logic/introduction/introduction.tex	0	0	yes	442	Soundness and Completeness	-	-	-	1	68	69	551	missing	no_native_match_found	-	-	No active FormalOLP declaration was found for this substantive source section.
first-order-logic/introduction/substitution.tex	first-order-logic	section	section	selected	first-order-logic	first-order-logic/introduction/introduction.tex	0	0	yes	285	Substitution	-	-	-	1	47	48	405	missing	no_native_match_found	-	-	No active FormalOLP declaration was found for this substantive source section.
first-order-logic/introduction/syntax.tex	first-order-logic	section	section	selected	first-order-logic	first-order-logic/introduction/introduction.tex	0	0	yes	369	Syntax	-	-	-	1	54	55	499	missing	no_native_match_found	-	-	No active FormalOLP declaration was found for this substantive source section.
first-order-logic/models-theories/expressing-props-of-structures.tex	first-order-logic	section	section	selected	first-order-logic	first-order-logic/models-theories/models-theories.tex	0	0	yes	289	Expressing Properties of \printtoken{P	defn=1;ex=1;explain=1	-	defn:Model of a set	1	65	66	493	missing	no_native_match_found	-	-	No active FormalOLP declaration was found for this substantive source section.
first-order-logic/models-theories/expressing-props-of-structures.tex	first-order-logic	unit	defn#1	selected	first-order-logic	first-order-logic/models-theories/models-theories.tex	0	0	yes	289	Expressing Properties of \printtoken{P	-	-	defn#1	39	43	66	493	missing	no_native_match_found	-	-	No active declaration was found for this source unit.
first-order-logic/models-theories/expressing-props-of-structures.tex	first-order-logic	unit	ex#1	selected	first-order-logic	first-order-logic/models-theories/models-theories.tex	0	0	yes	289	Expressing Properties of \printtoken{P	-	-	ex#1	45	63	66	493	missing	no_native_match_found	-	-	No active declaration was found for this source unit.
first-order-logic/models-theories/expressing-relations.tex	first-order-logic	section	section	selected	first-order-logic	first-order-logic/models-theories/models-theories.tex	0	0	yes	444	Expressing Relations in \article{structure	defn=1;ex=1;prob=3;explain=2	-	-	1	122	123	840	missing	no_native_match_found	-	-	No active FormalOLP declaration was found for this substantive source section.
first-order-logic/models-theories/expressing-relations.tex	first-order-logic	unit	defn#1	selected	first-order-logic	first-order-logic/models-theories/models-theories.tex	0	0	yes	444	Expressing Relations in \article{structure	-	-	defn#1	42	53	123	840	missing	no_native_match_found	-	-	No active declaration was found for this source unit.
first-order-logic/models-theories/expressing-relations.tex	first-order-logic	unit	ex#1	selected	first-order-logic	first-order-logic/models-theories/models-theories.tex	0	0	yes	444	Expressing Relations in \article{structure	-	-	ex#1	55	67	123	840	missing	no_native_match_found	-	-	No active declaration was found for this source unit.
first-order-logic/models-theories/expressing-relations.tex	first-order-logic	unit	prob#1	selected	first-order-logic	first-order-logic/models-theories/models-theories.tex	0	0	yes	444	Expressing Relations in \article{structure	-	-	prob#1	80	88	123	840	missing	no_native_match_found	-	-	No active declaration was found for this source unit.
first-order-logic/models-theories/expressing-relations.tex	first-order-logic	unit	prob#2	selected	first-order-logic	first-order-logic/models-theories/models-theories.tex	0	0	yes	444	Expressing Relations in \article{structure	-	-	prob#2	90	99	123	840	missing	no_native_match_found	-	-	No active declaration was found for this source unit.
first-order-logic/models-theories/expressing-relations.tex	first-order-logic	unit	prob#3	selected	first-order-logic	first-order-logic/models-theories/models-theories.tex	0	0	yes	444	Expressing Relations in \article{structure	-	-	prob#3	101	119	123	840	missing	no_native_match_found	-	-	No active declaration was found for this source unit.
first-order-logic/models-theories/introduction.tex	first-order-logic	section	section	selected	first-order-logic	first-order-logic/models-theories/models-theories.tex	0	0	yes	706	Introduction	defn=1;explain=2	-	-	1	101	102	853	missing	no_native_match_found	-	-	No active FormalOLP declaration was found for this substantive source section.
first-order-logic/models-theories/introduction.tex	first-order-logic	unit	defn#1	selected	first-order-logic	first-order-logic/models-theories/models-theories.tex	0	0	yes	706	Introduction	-	-	defn#1	28	35	102	853	missing	no_native_match_found	-	-	No active declaration was found for this source unit.
first-order-logic/models-theories/models-theories.tex	first-order-logic	chapter	section	selected	first-order-logic	first-order-logic/first-order-logic.tex	6	0	no	5	fol	-	-	-	1	24	25	44	structural_container	aggregator	-	-	Aggregator/editorial import container; child source files are audited separately.
first-order-logic/models-theories/set-theory.tex	first-order-logic	section	section	selected	first-order-logic	first-order-logic/models-theories/models-theories.tex	0	0	yes	877	The Theory of Sets	prob=1	-	-	1	182	183	1522	missing	no_native_match_found	-	-	No active FormalOLP declaration was found for this substantive source section.
first-order-logic/models-theories/set-theory.tex	first-order-logic	unit	prob#1	selected	first-order-logic	first-order-logic/models-theories/models-theories.tex	0	0	yes	877	The Theory of Sets	-	-	prob#1	173	181	183	1522	missing	no_native_match_found	-	-	No active declaration was found for this source unit.
first-order-logic/models-theories/size-of-structures.tex	first-order-logic	section	section	selected	first-order-logic	first-order-logic/models-theories/models-theories.tex	0	0	yes	157	Expressing the Size of \printtoken{P	prop=3;explain=1	-	-	1	72	73	378	missing	no_native_match_found	-	-	No active FormalOLP declaration was found for this substantive source section.
first-order-logic/models-theories/size-of-structures.tex	first-order-logic	unit	prop#1	selected	first-order-logic	first-order-logic/models-theories/models-theories.tex	0	0	yes	157	Expressing the Size of \printtoken{P	-	-	prop#1	21	37	73	378	missing	no_native_match_found	-	-	No active declaration was found for this source unit.
first-order-logic/models-theories/size-of-structures.tex	first-order-logic	unit	prop#2	selected	first-order-logic	first-order-logic/models-theories/models-theories.tex	0	0	yes	157	Expressing the Size of \printtoken{P	-	-	prop#2	39	54	73	378	missing	no_native_match_found	-	-	No active declaration was found for this source unit.
first-order-logic/models-theories/size-of-structures.tex	first-order-logic	unit	prop#3	selected	first-order-logic	first-order-logic/models-theories/models-theories.tex	0	0	yes	157	Expressing the Size of \printtoken{P	-	-	prop#3	56	61	73	378	missing	no_native_match_found	-	-	No active declaration was found for this source unit.
first-order-logic/models-theories/theories.tex	first-order-logic	section	section	selected	first-order-logic	first-order-logic/models-theories/models-theories.tex	0	0	yes	544	Examples of First-Order Theories	ex=5	-	-	1	143	144	1059	missing	no_native_match_found	-	-	No active FormalOLP declaration was found for this substantive source section.
first-order-logic/models-theories/theories.tex	first-order-logic	unit	ex#1	selected	first-order-logic	first-order-logic/models-theories/models-theories.tex	0	0	yes	544	Examples of First-Order Theories	-	-	ex#1	13	27	144	1059	missing	no_native_match_found	-	-	No active declaration was found for this source unit.
first-order-logic/models-theories/theories.tex	first-order-logic	unit	ex#2	selected	first-order-logic	first-order-logic/models-theories/models-theories.tex	0	0	yes	544	Examples of First-Order Theories	-	-	ex#2	29	38	144	1059	missing	no_native_match_found	-	-	No active declaration was found for this source unit.
first-order-logic/models-theories/theories.tex	first-order-logic	unit	ex#3	selected	first-order-logic	first-order-logic/models-theories/models-theories.tex	0	0	yes	544	Examples of First-Order Theories	-	-	ex#3	40	60	144	1059	missing	no_native_match_found	-	-	No active declaration was found for this source unit.
first-order-logic/models-theories/theories.tex	first-order-logic	unit	ex#4	selected	first-order-logic	first-order-logic/models-theories/models-theories.tex	0	0	yes	544	Examples of First-Order Theories	-	-	ex#4	62	100	144	1059	missing	no_native_match_found	-	-	No active declaration was found for this source unit.
first-order-logic/models-theories/theories.tex	first-order-logic	unit	ex#5	selected	first-order-logic	first-order-logic/models-theories/models-theories.tex	0	0	yes	544	Examples of First-Order Theories	-	-	ex#5	102	141	144	1059	missing	no_native_match_found	-	-	No active declaration was found for this source unit.
first-order-logic/natural-deduction/derivations.tex	first-order-logic	section	section	selected	first-order-logic;propositional-logic	first-order-logic/natural-deduction/natural-deduction.tex	0	0	yes	330	\usetoken{P	defn=1;ex=1;explain=1;prooftree=5	-	defn:!!^{derivation}	1	110	111	570	missing	no_native_match_found	-	-	No active FormalOLP declaration was found for this substantive source section.
first-order-logic/natural-deduction/derivations.tex	first-order-logic	unit	defn#1	selected	first-order-logic;propositional-logic	first-order-logic/natural-deduction/natural-deduction.tex	0	0	yes	330	\usetoken{P	-	-	defn#1	23	43	111	570	missing	no_native_match_found	-	-	No active declaration was found for this source unit.
first-order-logic/natural-deduction/derivations.tex	first-order-logic	unit	ex#1	selected	first-order-logic;propositional-logic	first-order-logic/natural-deduction/natural-deduction.tex	0	0	yes	330	\usetoken{P	-	-	ex#1	45	108	111	570	missing	no_native_match_found	-	-	No active declaration was found for this source unit.
first-order-logic/natural-deduction/identity.tex	first-order-logic	section	section	selected	first-order-logic;propositional-logic	first-order-logic/natural-deduction/natural-deduction.tex	0	0	yes	140	\usetoken{P	ex=2;prob=2;defish=1;prooftree=4	-	-	1	124	125	616	missing	no_native_match_found	-	-	No active FormalOLP declaration was found for this substantive source section.
first-order-logic/natural-deduction/identity.tex	first-order-logic	unit	ex#1	selected	first-order-logic;propositional-logic	first-order-logic/natural-deduction/natural-deduction.tex	0	0	yes	140	\usetoken{P	-	-	ex#1	40	50	125	616	missing	no_native_match_found	-	-	No active declaration was found for this source unit.
first-order-logic/natural-deduction/identity.tex	first-order-logic	unit	prob#1	selected	first-order-logic;propositional-logic	first-order-logic/natural-deduction/natural-deduction.tex	0	0	yes	140	\usetoken{P	-	-	prob#1	52	57	125	616	missing	no_native_match_found	-	-	No active declaration was found for this source unit.
first-order-logic/natural-deduction/identity.tex	first-order-logic	unit	ex#2	selected	first-order-logic;propositional-logic	first-order-logic/natural-deduction/natural-deduction.tex	0	0	yes	140	\usetoken{P	-	-	ex#2	59	112	125	616	missing	no_native_match_found	-	-	No active declaration was found for this source unit.
first-order-logic/natural-deduction/identity.tex	first-order-logic	unit	prob#2	selected	first-order-logic;propositional-logic	first-order-logic/natural-deduction/natural-deduction.tex	0	0	yes	140	\usetoken{P	-	-	prob#2	114	122	125	616	missing	no_native_match_found	-	-	No active declaration was found for this source unit.
first-order-logic/natural-deduction/natural-deduction.tex	first-order-logic	chapter	section	selected	first-order-logic;propositional-logic	first-order-logic/first-order-logic.tex;propositional-logic/propositional-logic.tex	13	0	yes	34	fol;pl	editorial=1	-	-	1	55	56	111	structural_container	aggregator	-	-	Aggregator/editorial import container; child source files are audited separately.
first-order-logic/natural-deduction/proof-theoretic-notions.tex	first-order-logic	section	section	selected	first-order-logic;propositional-logic	first-order-logic/natural-deduction/natural-deduction.tex	0	0	yes	330	Proof-Theoretic Notions	defn=3;prop=5;prob=2;proof=5;explain=1;editorial=1;prooftree=1	prop:reflexivity;prop:monotonicity;prop:transitivity;prop:incons;prop:proves-compact	defn:Theorems;defn:!!^{derivability};defn:Consistency;prop:Reflexivity#prop:reflexivity;prop:Monotonicity#prop:monotonicity;prop:Transitivity#prop:transitivity;prop:_#prop:incons;prop:Compactness#prop:proves-compact	1	159	160	720	missing	no_native_match_found	-	-	No active FormalOLP declaration was found for this substantive source section.
first-order-logic/natural-deduction/proof-theoretic-notions.tex	first-order-logic	unit	defn#1	selected	first-order-logic;propositional-logic	first-order-logic/natural-deduction/natural-deduction.tex	0	0	yes	330	Proof-Theoretic Notions	-	-	defn#1	32	37	160	720	missing	no_native_match_found	-	-	No active declaration was found for this source unit.
first-order-logic/natural-deduction/proof-theoretic-notions.tex	first-order-logic	unit	defn#2	selected	first-order-logic;propositional-logic	first-order-logic/natural-deduction/natural-deduction.tex	0	0	yes	330	Proof-Theoretic Notions	-	-	defn#2	39	45	160	720	missing	no_native_match_found	-	-	No active declaration was found for this source unit.
first-order-logic/natural-deduction/proof-theoretic-notions.tex	first-order-logic	unit	defn#3	selected	first-order-logic;propositional-logic	first-order-logic/natural-deduction/natural-deduction.tex	0	0	yes	330	Proof-Theoretic Notions	-	-	defn#3	47	51	160	720	missing	no_native_match_found	-	-	No active declaration was found for this source unit.
first-order-logic/natural-deduction/proof-theoretic-notions.tex	first-order-logic	unit	prop#1; label=prop:reflexivity	selected	first-order-logic;propositional-logic	first-order-logic/natural-deduction/natural-deduction.tex	0	0	yes	330	Proof-Theoretic Notions	-	prop:reflexivity	prop#1; label=prop:reflexivity	53	56	160	720	missing	no_native_match_found	-	-	No active declaration was found for this source unit.
first-order-logic/natural-deduction/proof-theoretic-notions.tex	first-order-logic	unit	prop#2; label=prop:monotonicity	selected	first-order-logic;propositional-logic	first-order-logic/natural-deduction/natural-deduction.tex	0	0	yes	330	Proof-Theoretic Notions	-	prop:monotonicity	prop#2; label=prop:monotonicity	64	68	160	720	missing	no_native_match_found	-	-	No active declaration was found for this source unit.
first-order-logic/natural-deduction/proof-theoretic-notions.tex	first-order-logic	unit	prop#3; label=prop:transitivity	selected	first-order-logic;propositional-logic	first-order-logic/natural-deduction/natural-deduction.tex	0	0	yes	330	Proof-Theoretic Notions	-	prop:transitivity	prop#3; label=prop:transitivity	75	79	160	720	missing	no_native_match_found	-	-	No active declaration was found for this source unit.
first-order-logic/natural-deduction/proof-theoretic-notions.tex	first-order-logic	unit	prop#4; label=prop:incons	selected	first-order-logic;propositional-logic	first-order-logic/natural-deduction/natural-deduction.tex	0	0	yes	330	Proof-Theoretic Notions	-	prop:incons	prop#4; label=prop:incons	110	118	160	720	missing	no_native_match_found	-	-	No active declaration was found for this source unit.
first-order-logic/natural-deduction/proof-theoretic-notions.tex	first-order-logic	unit	prob#1	selected	first-order-logic;propositional-logic	first-order-logic/natural-deduction/natural-deduction.tex	0	0	yes	330	Proof-Theoretic Notions	-	-	prob#1	125	127	160	720	missing	no_native_match_found	-	-	No active declaration was found for this source unit.
first-order-logic/natural-deduction/proof-theoretic-notions.tex	first-order-logic	unit	prob#2	selected	first-order-logic;propositional-logic	first-order-logic/natural-deduction/natural-deduction.tex	0	0	yes	330	Proof-Theoretic Notions	-	-	prob#2	131	133	160	720	missing	no_native_match_found	-	-	No active declaration was found for this source unit.
first-order-logic/natural-deduction/proof-theoretic-notions.tex	first-order-logic	unit	prop#5; label=prop:proves-compact	selected	first-order-logic;propositional-logic	first-order-logic/natural-deduction/natural-deduction.tex	0	0	yes	330	Proof-Theoretic Notions	-	prop:proves-compact	prop#5; label=prop:proves-compact	136	144	160	720	missing	no_native_match_found	-	-	No active declaration was found for this source unit.
first-order-logic/natural-deduction/propositional-rules.tex	first-order-logic	section	section	selected	first-order-logic;propositional-logic	first-order-logic/natural-deduction/natural-deduction.tex	0	0	yes	59	Propositional Rules;Rules for $\land$;Rules for $\lor$;Rules for $\lif$;Rules for $\lnot$;Rules for $\lfalse$	defish=5	-	-	1	120	121	313	missing	no_native_match_found	-	-	No active FormalOLP declaration was found for this substantive source section.
first-order-logic/natural-deduction/provability-consistency.tex	first-order-logic	section	section	selected	first-order-logic;propositional-logic	first-order-logic/natural-deduction/natural-deduction.tex	0	0	yes	182	\usetoken{S	prop=4;prob=1;proof=4;prooftree=5	prop:provability-contr;prop:prov-incons;prop:explicit-inc;prop:provability-exhaustive	prop:_#prop:provability-contr;prop:_#prop:prov-incons;prop:_#prop:explicit-inc;prop:_#prop:provability-exhaustive	1	131	132	513	missing	no_native_match_found	-	-	No active FormalOLP declaration was found for this substantive source section.
first-order-logic/natural-deduction/provability-consistency.tex	first-order-logic	unit	prop#1; label=prop:provability-contr	selected	first-order-logic;propositional-logic	first-order-logic/natural-deduction/natural-deduction.tex	0	0	yes	182	\usetoken{S	-	prop:provability-contr	prop#1; label=prop:provability-contr	19	22	132	513	missing	no_native_match_found	-	-	No active declaration was found for this source unit.
first-order-logic/natural-deduction/provability-consistency.tex	first-order-logic	unit	prop#2; label=prop:prov-incons	selected	first-order-logic;propositional-logic	first-order-logic/natural-deduction/natural-deduction.tex	0	0	yes	182	\usetoken{S	-	prop:prov-incons	prop#2; label=prop:prov-incons	44	47	132	513	missing	no_native_match_found	-	-	No active declaration was found for this source unit.
first-order-logic/natural-deduction/provability-consistency.tex	first-order-logic	unit	prob#1	selected	first-order-logic;propositional-logic	first-order-logic/natural-deduction/natural-deduction.tex	0	0	yes	182	\usetoken{S	-	-	prob#1	77	80	132	513	missing	no_native_match_found	-	-	No active declaration was found for this source unit.
first-order-logic/natural-deduction/provability-consistency.tex	first-order-logic	unit	prop#3; label=prop:explicit-inc	selected	first-order-logic;propositional-logic	first-order-logic/natural-deduction/natural-deduction.tex	0	0	yes	182	\usetoken{S	-	prop:explicit-inc	prop#3; label=prop:explicit-inc	82	85	132	513	missing	no_native_match_found	-	-	No active declaration was found for this source unit.
first-order-logic/natural-deduction/provability-consistency.tex	first-order-logic	unit	prop#4; label=prop:provability-exhaustive	selected	first-order-logic;propositional-logic	first-order-logic/natural-deduction/natural-deduction.tex	0	0	yes	182	\usetoken{S	-	prop:provability-exhaustive	prop#4; label=prop:provability-exhaustive	103	106	132	513	missing	no_native_match_found	-	-	No active declaration was found for this source unit.
first-order-logic/natural-deduction/provability-propositional.tex	first-order-logic	section	section	selected	first-order-logic;propositional-logic	first-order-logic/natural-deduction/natural-deduction.tex	0	0	yes	100	\usetoken{S	prop=3;proof=3;explain=1;prooftree=6	prop:provability-land;prop:provability-land-left;prop:provability-land-right;prop:provability-lor;prop:provability-lif;prop:provability-lif-left;prop:provability-lif-right	prop:_#prop:provability-land,prop:provability-land-left,prop:provability-land-right;prop:_#prop:provability-lor;prop:_#prop:provability-lif,prop:provability-lif-left,prop:provability-lif-right	1	133	134	472	missing	no_native_match_found	-	-	No active FormalOLP declaration was found for this substantive source section.
first-order-logic/natural-deduction/provability-propositional.tex	first-order-logic	unit	prop#1; label=prop:provability-land	selected	first-order-logic;propositional-logic	first-order-logic/natural-deduction/natural-deduction.tex	0	0	yes	100	\usetoken{S	-	prop:provability-land	prop#1; label=prop:provability-land	26	32	134	472	missing	no_native_match_found	-	-	No active declaration was found for this source unit.
first-order-logic/natural-deduction/provability-propositional.tex	first-order-logic	unit	prop#2; label=prop:provability-lor	selected	first-order-logic;propositional-logic	first-order-logic/natural-deduction/natural-deduction.tex	0	0	yes	100	\usetoken{S	-	prop:provability-lor	prop#2; label=prop:provability-lor	57	62	134	472	missing	no_native_match_found	-	-	No active declaration was found for this source unit.
first-order-logic/natural-deduction/provability-propositional.tex	first-order-logic	unit	prop#3; label=prop:provability-lif	selected	first-order-logic;propositional-logic	first-order-logic/natural-deduction/natural-deduction.tex	0	0	yes	100	\usetoken{S	-	prop:provability-lif	prop#3; label=prop:provability-lif	95	101	134	472	missing	no_native_match_found	-	-	No active declaration was found for this source unit.
first-order-logic/natural-deduction/provability-quantifiers.tex	first-order-logic	section	section	selected	first-order-logic;propositional-logic	first-order-logic/natural-deduction/natural-deduction.tex	0	0	yes	72	\usetoken{S	thm=1;prop=1;proof=2;explain=1;prooftree=2	thm:strong-generalization;prop:provability-quantifiers	thm:_#thm:strong-generalization;prop:_#prop:provability-quantifiers	1	63	64	246	missing	no_native_match_found	-	-	No active FormalOLP declaration was found for this substantive source section.
first-order-logic/natural-deduction/provability-quantifiers.tex	first-order-logic	unit	thm#1; label=thm:strong-generalization	selected	first-order-logic;propositional-logic	first-order-logic/natural-deduction/natural-deduction.tex	0	0	yes	72	\usetoken{S	-	thm:strong-generalization	thm#1; label=thm:strong-generalization	21	25	64	246	missing	no_native_match_found	-	-	No active declaration was found for this source unit.
first-order-logic/natural-deduction/provability-quantifiers.tex	first-order-logic	unit	prop#1; label=prop:provability-quantifiers	selected	first-order-logic;propositional-logic	first-order-logic/natural-deduction/natural-deduction.tex	0	0	yes	72	\usetoken{S	-	prop:provability-quantifiers	prop#1; label=prop:provability-quantifiers	34	41	64	246	missing	no_native_match_found	-	-	No active declaration was found for this source unit.
first-order-logic/natural-deduction/proving-things-quant.tex	first-order-logic	section	section	selected	first-order-logic;propositional-logic	first-order-logic/natural-deduction/natural-deduction.tex	0	0	yes	597	\usetoken{P	ex=3;prob=2;prooftree=14	-	-	1	255	256	1569	missing	no_native_match_found	-	-	No active FormalOLP declaration was found for this substantive source section.
first-order-logic/natural-deduction/proving-things-quant.tex	first-order-logic	unit	ex#1	selected	first-order-logic;propositional-logic	first-order-logic/natural-deduction/natural-deduction.tex	0	0	yes	597	\usetoken{P	-	-	ex#1	13	94	256	1569	missing	no_native_match_found	-	-	No active declaration was found for this source unit.
first-order-logic/natural-deduction/proving-things-quant.tex	first-order-logic	unit	ex#2	selected	first-order-logic;propositional-logic	first-order-logic/natural-deduction/natural-deduction.tex	0	0	yes	597	\usetoken{P	-	-	ex#2	96	181	256	1569	missing	no_native_match_found	-	-	No active declaration was found for this source unit.
first-order-logic/natural-deduction/proving-things-quant.tex	first-order-logic	unit	ex#3	selected	first-order-logic;propositional-logic	first-order-logic/natural-deduction/natural-deduction.tex	0	0	yes	597	\usetoken{P	-	-	ex#3	183	228	256	1569	missing	no_native_match_found	-	-	No active declaration was found for this source unit.
first-order-logic/natural-deduction/proving-things-quant.tex	first-order-logic	unit	prob#1	selected	first-order-logic;propositional-logic	first-order-logic/natural-deduction/natural-deduction.tex	0	0	yes	597	\usetoken{P	-	-	prob#1	230	243	256	1569	missing	no_native_match_found	-	-	No active declaration was found for this source unit.
first-order-logic/natural-deduction/proving-things-quant.tex	first-order-logic	unit	prob#2	selected	first-order-logic;propositional-logic	first-order-logic/natural-deduction/natural-deduction.tex	0	0	yes	597	\usetoken{P	-	-	prob#2	245	253	256	1569	missing	no_native_match_found	-	-	No active declaration was found for this source unit.
first-order-logic/natural-deduction/proving-things.tex	first-order-logic	section	section	selected	first-order-logic;propositional-logic	first-order-logic/natural-deduction/natural-deduction.tex	0	0	yes	647	Examples of \usetoken{P	ex=3;prob=3;prooftree=15	-	-	1	310	311	1748	missing	no_native_match_found	-	-	No active FormalOLP declaration was found for this substantive source section.
first-order-logic/natural-deduction/proving-things.tex	first-order-logic	unit	ex#1	selected	first-order-logic;propositional-logic	first-order-logic/natural-deduction/natural-deduction.tex	0	0	yes	647	Examples of \usetoken{P	-	-	ex#1	15	51	311	1748	missing	no_native_match_found	-	-	No active declaration was found for this source unit.
first-order-logic/natural-deduction/proving-things.tex	first-order-logic	unit	ex#2	selected	first-order-logic;propositional-logic	first-order-logic/natural-deduction/natural-deduction.tex	0	0	yes	647	Examples of \usetoken{P	-	-	ex#2	53	176	311	1748	missing	no_native_match_found	-	-	No active declaration was found for this source unit.
first-order-logic/natural-deduction/proving-things.tex	first-order-logic	unit	ex#3	selected	first-order-logic;propositional-logic	first-order-logic/natural-deduction/natural-deduction.tex	0	0	yes	647	Examples of \usetoken{P	-	-	ex#3	178	265	311	1748	missing	no_native_match_found	-	-	No active declaration was found for this source unit.
first-order-logic/natural-deduction/proving-things.tex	first-order-logic	unit	prob#1	selected	first-order-logic;propositional-logic	first-order-logic/natural-deduction/natural-deduction.tex	0	0	yes	647	Examples of \usetoken{P	-	-	prob#1	267	275	311	1748	missing	no_native_match_found	-	-	No active declaration was found for this source unit.
first-order-logic/natural-deduction/proving-things.tex	first-order-logic	unit	prob#2	selected	first-order-logic;propositional-logic	first-order-logic/natural-deduction/natural-deduction.tex	0	0	yes	647	Examples of \usetoken{P	-	-	prob#2	277	293	311	1748	missing	no_native_match_found	-	-	No active declaration was found for this source unit.
first-order-logic/natural-deduction/proving-things.tex	first-order-logic	unit	prob#3	selected	first-order-logic;propositional-logic	first-order-logic/natural-deduction/natural-deduction.tex	0	0	yes	647	Examples of \usetoken{P	-	-	prob#3	295	308	311	1748	missing	no_native_match_found	-	-	No active declaration was found for this source unit.
first-order-logic/natural-deduction/quantifier-rules.tex	first-order-logic	section	section	selected	first-order-logic;propositional-logic	first-order-logic/natural-deduction/natural-deduction.tex	0	0	yes	313	Quantifier Rules;Rules for $\lforall$;Rules for $\lexists$	explain=2;defish=2;prooftree=2	-	-	1	111	112	619	missing	no_native_match_found	-	-	No active FormalOLP declaration was found for this substantive source section.
first-order-logic/natural-deduction/rules-and-proofs.tex	first-order-logic	section	section	selected	first-order-logic;propositional-logic	first-order-logic/natural-deduction/natural-deduction.tex	0	0	yes	213	Rules and \usetoken{P	defn=1;explain=1	-	defn:Assumption	1	52	53	308	missing	no_native_match_found	-	-	No active FormalOLP declaration was found for this substantive source section.
first-order-logic/natural-deduction/rules-and-proofs.tex	first-order-logic	unit	defn#1	selected	first-order-logic;propositional-logic	first-order-logic/natural-deduction/natural-deduction.tex	0	0	yes	213	Rules and \usetoken{P	-	-	defn#1	26	29	53	308	missing	no_native_match_found	-	-	No active declaration was found for this source unit.
first-order-logic/natural-deduction/soundness-identity.tex	first-order-logic	section	section	selected	first-order-logic;propositional-logic	first-order-logic/natural-deduction/natural-deduction.tex	0	0	yes	96	Soundness with \usetoken{S	prop=1;proof=1;prooftree=1	-	-	1	47	48	245	missing	no_native_match_found	-	-	No active FormalOLP declaration was found for this substantive source section.
first-order-logic/natural-deduction/soundness-identity.tex	first-order-logic	unit	prop#1	selected	first-order-logic;propositional-logic	first-order-logic/natural-deduction/natural-deduction.tex	0	0	yes	96	Soundness with \usetoken{S	-	-	prop#1	13	15	48	245	missing	no_native_match_found	-	-	No active declaration was found for this source unit.
first-order-logic/natural-deduction/soundness.tex	first-order-logic	section	section	selected	first-order-logic;propositional-logic	first-order-logic/natural-deduction/natural-deduction.tex	0	0	yes	888	Soundness	thm=1;cor=2;prob=2;proof=2;explain=1;prooftree=8	thm:soundness;cor:weak-soundness;cor:consistency-soundness	thm:Soundness#thm:soundness;cor:_#cor:weak-soundness;cor:_#cor:consistency-soundness	1	314	315	1930	missing	no_native_match_found	-	-	No active FormalOLP declaration was found for this substantive source section.
first-order-logic/natural-deduction/soundness.tex	first-order-logic	unit	thm#1; label=thm:soundness	selected	first-order-logic;propositional-logic	first-order-logic/natural-deduction/natural-deduction.tex	0	0	yes	888	Soundness	-	thm:soundness	thm#1; label=thm:soundness	33	37	315	1930	missing	no_native_match_found	-	-	No active declaration was found for this source unit.
first-order-logic/natural-deduction/soundness.tex	first-order-logic	unit	prob#1	selected	first-order-logic;propositional-logic	first-order-logic/natural-deduction/natural-deduction.tex	0	0	yes	888	Soundness	-	-	prob#1	280	282	315	1930	missing	no_native_match_found	-	-	No active declaration was found for this source unit.
first-order-logic/natural-deduction/soundness.tex	first-order-logic	unit	prob#2	selected	first-order-logic;propositional-logic	first-order-logic/natural-deduction/natural-deduction.tex	0	0	yes	888	Soundness	-	-	prob#2	286	288	315	1930	missing	no_native_match_found	-	-	No active declaration was found for this source unit.
first-order-logic/natural-deduction/soundness.tex	first-order-logic	unit	cor#1; label=cor:weak-soundness	selected	first-order-logic;propositional-logic	first-order-logic/natural-deduction/natural-deduction.tex	0	0	yes	888	Soundness	-	cor:weak-soundness	cor#1; label=cor:weak-soundness	291	294	315	1930	missing	no_native_match_found	-	-	No active declaration was found for this source unit.
first-order-logic/natural-deduction/soundness.tex	first-order-logic	unit	cor#2; label=cor:consistency-soundness	selected	first-order-logic;propositional-logic	first-order-logic/natural-deduction/natural-deduction.tex	0	0	yes	888	Soundness	-	cor:consistency-soundness	cor#2; label=cor:consistency-soundness	296	299	315	1930	missing	no_native_match_found	-	-	No active declaration was found for this source unit.
first-order-logic/proof-systems/axiomatic-deduction.tex	first-order-logic	section	section	selected	first-order-logic;propositional-logic	first-order-logic/proof-systems/proof-systems.tex	0	0	yes	450	Axiomatic \usetoken{P	derivation=1	-	-	1	83	84	667	missing	no_native_match_found	-	-	No active FormalOLP declaration was found for this substantive source section.
first-order-logic/proof-systems/introduction.tex	first-order-logic	section	section	selected	first-order-logic;propositional-logic	first-order-logic/proof-systems/proof-systems.tex	0	0	yes	667	Introduction	-	-	-	1	101	102	792	missing	no_native_match_found	-	-	No active FormalOLP declaration was found for this substantive source section.
first-order-logic/proof-systems/natural-deduction.tex	first-order-logic	section	section	selected	first-order-logic;propositional-logic	first-order-logic/proof-systems/proof-systems.tex	0	0	yes	565	Natural Deduction	prooftree=1	-	-	1	90	91	696	missing	no_native_match_found	-	-	No active FormalOLP declaration was found for this substantive source section.
first-order-logic/proof-systems/proof-systems.tex	first-order-logic	chapter	section	selected	first-order-logic;propositional-logic	first-order-logic/first-order-logic.tex;propositional-logic/propositional-logic.tex	5	0	yes	37	fol;pl	editorial=1	-	-	1	31	32	84	structural_container	aggregator	-	-	Aggregator/editorial import container; child source files are audited separately.
first-order-logic/proof-systems/sequent-calculus.tex	first-order-logic	section	section	selected	first-order-logic;propositional-logic	first-order-logic/proof-systems/proof-systems.tex	0	0	yes	307	The Sequent Calculus	prooftree=1	-	-	1	67	68	457	missing	no_native_match_found	-	-	No active FormalOLP declaration was found for this substantive source section.
first-order-logic/proof-systems/tableaux.tex	first-order-logic	section	section	selected	first-order-logic;propositional-logic	first-order-logic/proof-systems/proof-systems.tex	0	0	yes	406	\usetoken{P	oltableau=1	-	-	1	89	90	617	missing	no_native_match_found	-	-	No active FormalOLP declaration was found for this substantive source section.
first-order-logic/sequent-calculus/derivations.tex	first-order-logic	section	section	selected	first-order-logic;propositional-logic	first-order-logic/sequent-calculus/sequent-calculus.tex	0	0	yes	310	\usetoken{P	defn=1;ex=1;explain=1;prooftree=8	-	defn:$\Log{LK}$ !!{derivation}	1	121	122	649	missing	no_native_match_found	-	-	No active FormalOLP declaration was found for this substantive source section.
first-order-logic/sequent-calculus/derivations.tex	first-order-logic	unit	defn#1	selected	first-order-logic;propositional-logic	first-order-logic/sequent-calculus/sequent-calculus.tex	0	0	yes	310	\usetoken{P	-	-	defn#1	23	35	122	649	missing	no_native_match_found	-	-	No active declaration was found for this source unit.
first-order-logic/sequent-calculus/derivations.tex	first-order-logic	unit	ex#1	selected	first-order-logic;propositional-logic	first-order-logic/sequent-calculus/sequent-calculus.tex	0	0	yes	310	\usetoken{P	-	-	ex#1	37	119	122	649	missing	no_native_match_found	-	-	No active declaration was found for this source unit.
first-order-logic/sequent-calculus/identity.tex	first-order-logic	section	section	selected	first-order-logic;propositional-logic	first-order-logic/sequent-calculus/sequent-calculus.tex	0	0	yes	84	\usetoken{P	defn=1;ex=1;prob=1;defish=1;prooftree=2	-	defn:Initial sequents for $\eq$	1	77	78	368	missing	no_native_match_found	-	-	No active FormalOLP declaration was found for this substantive source section.
first-order-logic/sequent-calculus/identity.tex	first-order-logic	unit	defn#1	selected	first-order-logic;propositional-logic	first-order-logic/sequent-calculus/sequent-calculus.tex	0	0	yes	84	\usetoken{P	-	-	defn#1	16	18	78	368	missing	no_native_match_found	-	-	No active declaration was found for this source unit.
first-order-logic/sequent-calculus/identity.tex	first-order-logic	unit	ex#1	selected	first-order-logic;propositional-logic	first-order-logic/sequent-calculus/sequent-calculus.tex	0	0	yes	84	\usetoken{P	-	-	ex#1	34	65	78	368	missing	no_native_match_found	-	-	No active declaration was found for this source unit.
first-order-logic/sequent-calculus/identity.tex	first-order-logic	unit	prob#1	selected	first-order-logic;propositional-logic	first-order-logic/sequent-calculus/sequent-calculus.tex	0	0	yes	84	\usetoken{P	-	-	prob#1	67	75	78	368	missing	no_native_match_found	-	-	No active declaration was found for this source unit.
first-order-logic/sequent-calculus/proof-theoretic-notions.tex	first-order-logic	section	section	selected	first-order-logic;propositional-logic	first-order-logic/sequent-calculus/sequent-calculus.tex	0	0	yes	388	Proof-Theoretic Notions	defn=3;prop=5;prob=1;proof=5;explain=1;editorial=1;prooftree=2	prop:reflexivity;prop:monotonicity;prop:transitivity;prop:incons;prop:proves-compact	defn:Theorems;defn:!!^{derivability};defn:Consistency;prop:Reflexivity#prop:reflexivity;prop:Monotonicity#prop:monotonicity;prop:Transitivity#prop:transitivity;prop:_#prop:incons;prop:Compactness#prop:proves-compact	1	170	171	860	missing	no_native_match_found	-	-	No active FormalOLP declaration was found for this substantive source section.
first-order-logic/sequent-calculus/proof-theoretic-notions.tex	first-order-logic	unit	defn#1	selected	first-order-logic;propositional-logic	first-order-logic/sequent-calculus/sequent-calculus.tex	0	0	yes	388	Proof-Theoretic Notions	-	-	defn#1	30	34	171	860	missing	no_native_match_found	-	-	No active declaration was found for this source unit.
first-order-logic/sequent-calculus/proof-theoretic-notions.tex	first-order-logic	unit	defn#2	selected	first-order-logic;propositional-logic	first-order-logic/sequent-calculus/sequent-calculus.tex	0	0	yes	388	Proof-Theoretic Notions	-	-	defn#2	36	43	171	860	missing	no_native_match_found	-	-	No active declaration was found for this source unit.
first-order-logic/sequent-calculus/proof-theoretic-notions.tex	first-order-logic	unit	defn#3	selected	first-order-logic;propositional-logic	first-order-logic/sequent-calculus/sequent-calculus.tex	0	0	yes	388	Proof-Theoretic Notions	-	-	defn#3	69	76	171	860	missing	no_native_match_found	-	-	No active declaration was found for this source unit.
first-order-logic/sequent-calculus/proof-theoretic-notions.tex	first-order-logic	unit	prop#1; label=prop:reflexivity	selected	first-order-logic;propositional-logic	first-order-logic/sequent-calculus/sequent-calculus.tex	0	0	yes	388	Proof-Theoretic Notions	-	prop:reflexivity	prop#1; label=prop:reflexivity	78	81	171	860	missing	no_native_match_found	-	-	No active declaration was found for this source unit.
first-order-logic/sequent-calculus/proof-theoretic-notions.tex	first-order-logic	unit	prop#2; label=prop:monotonicity	selected	first-order-logic;propositional-logic	first-order-logic/sequent-calculus/sequent-calculus.tex	0	0	yes	388	Proof-Theoretic Notions	-	prop:monotonicity	prop#2; label=prop:monotonicity	88	92	171	860	missing	no_native_match_found	-	-	No active declaration was found for this source unit.
first-order-logic/sequent-calculus/proof-theoretic-notions.tex	first-order-logic	unit	prop#3; label=prop:transitivity	selected	first-order-logic;propositional-logic	first-order-logic/sequent-calculus/sequent-calculus.tex	0	0	yes	388	Proof-Theoretic Notions	-	prop:transitivity	prop#3; label=prop:transitivity	102	106	171	860	missing	no_native_match_found	-	-	No active declaration was found for this source unit.
first-order-logic/sequent-calculus/proof-theoretic-notions.tex	first-order-logic	unit	prop#4; label=prop:incons	selected	first-order-logic;propositional-logic	first-order-logic/sequent-calculus/sequent-calculus.tex	0	0	yes	388	Proof-Theoretic Notions	-	prop:incons	prop#4; label=prop:incons	133	137	171	860	missing	no_native_match_found	-	-	No active declaration was found for this source unit.
first-order-logic/sequent-calculus/proof-theoretic-notions.tex	first-order-logic	unit	prob#1	selected	first-order-logic;propositional-logic	first-order-logic/sequent-calculus/sequent-calculus.tex	0	0	yes	388	Proof-Theoretic Notions	-	-	prob#1	143	145	171	860	missing	no_native_match_found	-	-	No active declaration was found for this source unit.
first-order-logic/sequent-calculus/proof-theoretic-notions.tex	first-order-logic	unit	prop#5; label=prop:proves-compact	selected	first-order-logic;propositional-logic	first-order-logic/sequent-calculus/sequent-calculus.tex	0	0	yes	388	Proof-Theoretic Notions	-	prop:proves-compact	prop#5; label=prop:proves-compact	147	155	171	860	missing	no_native_match_found	-	-	No active declaration was found for this source unit.
first-order-logic/sequent-calculus/propositional-rules.tex	first-order-logic	section	section	selected	first-order-logic;propositional-logic	first-order-logic/sequent-calculus/sequent-calculus.tex	0	0	no	4	Propositional Rules;Rules for $\lnot$;Rules for $\land$;Rules for $\lor$;Rules for $\lif$	defish=4	-	-	1	88	89	258	missing	no_native_match_found	-	-	No active FormalOLP declaration was found for this substantive source section.
first-order-logic/sequent-calculus/provability-consistency.tex	first-order-logic	section	section	selected	first-order-logic;propositional-logic	first-order-logic/sequent-calculus/sequent-calculus.tex	0	0	yes	156	\usetoken{S	prop=4;prob=1;proof=4;prooftree=4	prop:provability-contr;prop:prov-incons;prop:explicit-inc;prop:provability-exhaustive	prop:_#prop:provability-contr;prop:_#prop:prov-incons;prop:_#prop:explicit-inc;prop:_#prop:provability-exhaustive	1	127	128	538	missing	no_native_match_found	-	-	No active FormalOLP declaration was found for this substantive source section.
first-order-logic/sequent-calculus/provability-consistency.tex	first-order-logic	unit	prop#1; label=prop:provability-contr	selected	first-order-logic;propositional-logic	first-order-logic/sequent-calculus/sequent-calculus.tex	0	0	yes	156	\usetoken{S	-	prop:provability-contr	prop#1; label=prop:provability-contr	19	22	128	538	missing	no_native_match_found	-	-	No active declaration was found for this source unit.
first-order-logic/sequent-calculus/provability-consistency.tex	first-order-logic	unit	prop#2; label=prop:prov-incons	selected	first-order-logic;propositional-logic	first-order-logic/sequent-calculus/sequent-calculus.tex	0	0	yes	156	\usetoken{S	-	prop:prov-incons	prop#2; label=prop:prov-incons	45	48	128	538	missing	no_native_match_found	-	-	No active declaration was found for this source unit.
first-order-logic/sequent-calculus/provability-consistency.tex	first-order-logic	unit	prob#1	selected	first-order-logic;propositional-logic	first-order-logic/sequent-calculus/sequent-calculus.tex	0	0	yes	156	\usetoken{S	-	-	prob#1	71	73	128	538	missing	no_native_match_found	-	-	No active declaration was found for this source unit.
first-order-logic/sequent-calculus/provability-consistency.tex	first-order-logic	unit	prop#3; label=prop:explicit-inc	selected	first-order-logic;propositional-logic	first-order-logic/sequent-calculus/sequent-calculus.tex	0	0	yes	156	\usetoken{S	-	prop:explicit-inc	prop#3; label=prop:explicit-inc	75	78	128	538	missing	no_native_match_found	-	-	No active declaration was found for this source unit.
first-order-logic/sequent-calculus/provability-consistency.tex	first-order-logic	unit	prop#4; label=prop:provability-exhaustive	selected	first-order-logic;propositional-logic	first-order-logic/sequent-calculus/sequent-calculus.tex	0	0	yes	156	\usetoken{S	-	prop:provability-exhaustive	prop#4; label=prop:provability-exhaustive	100	103	128	538	missing	no_native_match_found	-	-	No active declaration was found for this source unit.
first-order-logic/sequent-calculus/provability-propositional.tex	first-order-logic	section	section	selected	first-order-logic;propositional-logic	first-order-logic/sequent-calculus/sequent-calculus.tex	0	0	yes	99	\usetoken{S	prop=3;proof=3;explain=1;prooftree=6	prop:provability-land;prop:provability-land-left;prop:provability-land-right;prop:provability-lor;prop:provability-lif;prop:provability-lif-left;prop:provability-lif-right	prop:_#prop:provability-land,prop:provability-land-left,prop:provability-land-right;prop:_#prop:provability-lor;prop:_#prop:provability-lif,prop:provability-lif-left,prop:provability-lif-right	1	138	139	587	missing	no_native_match_found	-	-	No active FormalOLP declaration was found for this substantive source section.
first-order-logic/sequent-calculus/provability-propositional.tex	first-order-logic	unit	prop#1; label=prop:provability-land	selected	first-order-logic;propositional-logic	first-order-logic/sequent-calculus/sequent-calculus.tex	0	0	yes	99	\usetoken{S	-	prop:provability-land	prop#1; label=prop:provability-land	26	33	139	587	missing	no_native_match_found	-	-	No active declaration was found for this source unit.
first-order-logic/sequent-calculus/provability-propositional.tex	first-order-logic	unit	prop#2; label=prop:provability-lor	selected	first-order-logic;propositional-logic	first-order-logic/sequent-calculus/sequent-calculus.tex	0	0	yes	99	\usetoken{S	-	prop:provability-lor	prop#2; label=prop:provability-lor	58	63	139	587	missing	no_native_match_found	-	-	No active declaration was found for this source unit.
first-order-logic/sequent-calculus/provability-propositional.tex	first-order-logic	unit	prop#3; label=prop:provability-lif	selected	first-order-logic;propositional-logic	first-order-logic/sequent-calculus/sequent-calculus.tex	0	0	yes	99	\usetoken{S	-	prop:provability-lif	prop#3; label=prop:provability-lif	99	105	139	587	missing	no_native_match_found	-	-	No active declaration was found for this source unit.
first-order-logic/sequent-calculus/provability-quantifiers.tex	first-order-logic	section	section	selected	first-order-logic;propositional-logic	first-order-logic/sequent-calculus/sequent-calculus.tex	0	0	yes	73	\usetoken{S	thm=1;prop=1;proof=2;explain=1;prooftree=2	thm:strong-generalization;prop:provability-quantifiers	thm:_#thm:strong-generalization;prop:_#prop:provability-quantifiers	1	59	60	252	missing	no_native_match_found	-	-	No active FormalOLP declaration was found for this substantive source section.
first-order-logic/sequent-calculus/provability-quantifiers.tex	first-order-logic	unit	thm#1; label=thm:strong-generalization	selected	first-order-logic;propositional-logic	first-order-logic/sequent-calculus/sequent-calculus.tex	0	0	yes	73	\usetoken{S	-	thm:strong-generalization	thm#1; label=thm:strong-generalization	18	22	60	252	missing	no_native_match_found	-	-	No active declaration was found for this source unit.
first-order-logic/sequent-calculus/provability-quantifiers.tex	first-order-logic	unit	prop#1; label=prop:provability-quantifiers	selected	first-order-logic;propositional-logic	first-order-logic/sequent-calculus/sequent-calculus.tex	0	0	yes	73	\usetoken{S	-	prop:provability-quantifiers	prop#1; label=prop:provability-quantifiers	32	38	60	252	missing	no_native_match_found	-	-	No active declaration was found for this source unit.
first-order-logic/sequent-calculus/proving-things-quant.tex	first-order-logic	section	section	selected	first-order-logic;propositional-logic	first-order-logic/sequent-calculus/sequent-calculus.tex	0	0	yes	321	\usetoken{P	ex=1;prob=2;prooftree=4	-	-	1	110	111	747	missing	no_native_match_found	-	-	No active FormalOLP declaration was found for this substantive source section.
first-order-logic/sequent-calculus/proving-things-quant.tex	first-order-logic	unit	ex#1	selected	first-order-logic;propositional-logic	first-order-logic/sequent-calculus/sequent-calculus.tex	0	0	yes	321	\usetoken{P	-	-	ex#1	13	83	111	747	missing	no_native_match_found	-	-	No active declaration was found for this source unit.
first-order-logic/sequent-calculus/proving-things-quant.tex	first-order-logic	unit	prob#1	selected	first-order-logic;propositional-logic	first-order-logic/sequent-calculus/sequent-calculus.tex	0	0	yes	321	\usetoken{P	-	-	prob#1	85	98	111	747	missing	no_native_match_found	-	-	No active declaration was found for this source unit.
first-order-logic/sequent-calculus/proving-things-quant.tex	first-order-logic	unit	prob#2	selected	first-order-logic;propositional-logic	first-order-logic/sequent-calculus/sequent-calculus.tex	0	0	yes	321	\usetoken{P	-	-	prob#2	100	108	111	747	missing	no_native_match_found	-	-	No active declaration was found for this source unit.
first-order-logic/sequent-calculus/proving-things.tex	first-order-logic	section	section	selected	first-order-logic;propositional-logic	first-order-logic/sequent-calculus/sequent-calculus.tex	0	0	yes	736	Examples of \usetoken{P	ex=4;prob=3;prooftree=18	-	-	1	342	343	2014	missing	no_native_match_found	-	-	No active FormalOLP declaration was found for this substantive source section.
first-order-logic/sequent-calculus/proving-things.tex	first-order-logic	unit	ex#1	selected	first-order-logic;propositional-logic	first-order-logic/sequent-calculus/sequent-calculus.tex	0	0	yes	736	Examples of \usetoken{P	-	-	ex#1	15	48	343	2014	missing	no_native_match_found	-	-	No active declaration was found for this source unit.
first-order-logic/sequent-calculus/proving-things.tex	first-order-logic	unit	ex#2	selected	first-order-logic;propositional-logic	first-order-logic/sequent-calculus/sequent-calculus.tex	0	0	yes	736	Examples of \usetoken{P	-	-	ex#2	50	152	343	2014	missing	no_native_match_found	-	-	No active declaration was found for this source unit.
first-order-logic/sequent-calculus/proving-things.tex	first-order-logic	unit	ex#3	selected	first-order-logic;propositional-logic	first-order-logic/sequent-calculus/sequent-calculus.tex	0	0	yes	736	Examples of \usetoken{P	-	-	ex#3	154	250	343	2014	missing	no_native_match_found	-	-	No active declaration was found for this source unit.
first-order-logic/sequent-calculus/proving-things.tex	first-order-logic	unit	ex#4	selected	first-order-logic;propositional-logic	first-order-logic/sequent-calculus/sequent-calculus.tex	0	0	yes	736	Examples of \usetoken{P	-	-	ex#4	252	298	343	2014	missing	no_native_match_found	-	-	No active declaration was found for this source unit.
first-order-logic/sequent-calculus/proving-things.tex	first-order-logic	unit	prob#1	selected	first-order-logic;propositional-logic	first-order-logic/sequent-calculus/sequent-calculus.tex	0	0	yes	736	Examples of \usetoken{P	-	-	prob#1	300	308	343	2014	missing	no_native_match_found	-	-	No active declaration was found for this source unit.
first-order-logic/sequent-calculus/proving-things.tex	first-order-logic	unit	prob#2	selected	first-order-logic;propositional-logic	first-order-logic/sequent-calculus/sequent-calculus.tex	0	0	yes	736	Examples of \usetoken{P	-	-	prob#2	310	326	343	2014	missing	no_native_match_found	-	-	No active declaration was found for this source unit.
first-order-logic/sequent-calculus/proving-things.tex	first-order-logic	unit	prob#3	selected	first-order-logic;propositional-logic	first-order-logic/sequent-calculus/sequent-calculus.tex	0	0	yes	736	Examples of \usetoken{P	-	-	prob#3	328	341	343	2014	missing	no_native_match_found	-	-	No active declaration was found for this source unit.
first-order-logic/sequent-calculus/quantifier-rules.tex	first-order-logic	section	section	selected	first-order-logic;propositional-logic	first-order-logic/sequent-calculus/sequent-calculus.tex	0	0	yes	238	Quantifier Rules;Rules for $\lforall$;Rules for $\lexists$	explain=2;defish=2;prooftree=2	-	-	1	104	105	584	missing	no_native_match_found	-	-	No active FormalOLP declaration was found for this substantive source section.
first-order-logic/sequent-calculus/rules-and-proofs.tex	first-order-logic	section	section	selected	first-order-logic;propositional-logic	first-order-logic/sequent-calculus/sequent-calculus.tex	0	0	yes	265	Rules and \usetoken{P	defn=2;explain=1	-	defn:Sequent;defn:Initial Sequent	1	74	75	443	missing	no_native_match_found	-	-	No active FormalOLP declaration was found for this substantive source section.
first-order-logic/sequent-calculus/rules-and-proofs.tex	first-order-logic	unit	defn#1	selected	first-order-logic;propositional-logic	first-order-logic/sequent-calculus/sequent-calculus.tex	0	0	yes	265	Rules and \usetoken{P	-	-	defn#1	18	26	75	443	missing	no_native_match_found	-	-	No active declaration was found for this source unit.
first-order-logic/sequent-calculus/rules-and-proofs.tex	first-order-logic	unit	defn#2	selected	first-order-logic;propositional-logic	first-order-logic/sequent-calculus/sequent-calculus.tex	0	0	yes	265	Rules and \usetoken{P	-	-	defn#2	52	61	75	443	missing	no_native_match_found	-	-	No active declaration was found for this source unit.
first-order-logic/sequent-calculus/sequent-calculus.tex	first-order-logic	chapter	section	selected	first-order-logic;propositional-logic	first-order-logic/first-order-logic.tex;propositional-logic/propositional-logic.tex	14	0	yes	45	fol;pl	editorial=1	-	-	1	56	57	125	structural_container	aggregator	-	-	Aggregator/editorial import container; child source files are audited separately.
first-order-logic/sequent-calculus/soundness-identity.tex	first-order-logic	section	section	selected	first-order-logic;propositional-logic	first-order-logic/sequent-calculus/sequent-calculus.tex	0	0	yes	137	Soundness with \usetoken{S	prop=1;proof=1	-	-	1	44	45	302	missing	no_native_match_found	-	-	No active FormalOLP declaration was found for this substantive source section.
first-order-logic/sequent-calculus/soundness-identity.tex	first-order-logic	unit	prop#1	selected	first-order-logic;propositional-logic	first-order-logic/sequent-calculus/sequent-calculus.tex	0	0	yes	137	Soundness with \usetoken{S	-	-	prop#1	13	15	45	302	missing	no_native_match_found	-	-	No active declaration was found for this source unit.
first-order-logic/sequent-calculus/soundness.tex	first-order-logic	section	section	selected	first-order-logic;propositional-logic	first-order-logic/sequent-calculus/sequent-calculus.tex	0	0	yes	1193	Soundness	defn=1;thm=1;cor=3;prob=2;proof=3;explain=1;prooftree=10	thm:sequent-soundness;cor:weak-soundness;cor:entailment-soundness;cor:consistency-soundness	thm:Soundness#thm:sequent-soundness;cor:_#cor:weak-soundness;cor:_#cor:entailment-soundness;cor:_#cor:consistency-soundness	1	384	385	2806	missing	no_native_match_found	-	-	No active FormalOLP declaration was found for this substantive source section.
first-order-logic/sequent-calculus/soundness.tex	first-order-logic	unit	defn#1	selected	first-order-logic;propositional-logic	first-order-logic/sequent-calculus/sequent-calculus.tex	0	0	yes	1193	Soundness	-	-	defn#1	41	50	385	2806	missing	no_native_match_found	-	-	No active declaration was found for this source unit.
first-order-logic/sequent-calculus/soundness.tex	first-order-logic	unit	thm#1; label=thm:sequent-soundness	selected	first-order-logic;propositional-logic	first-order-logic/sequent-calculus/sequent-calculus.tex	0	0	yes	1193	Soundness	-	thm:sequent-soundness	thm#1; label=thm:sequent-soundness	52	55	385	2806	missing	no_native_match_found	-	-	No active declaration was found for this source unit.
first-order-logic/sequent-calculus/soundness.tex	first-order-logic	unit	prob#1	selected	first-order-logic;propositional-logic	first-order-logic/sequent-calculus/sequent-calculus.tex	0	0	yes	1193	Soundness	-	-	prob#1	335	337	385	2806	missing	no_native_match_found	-	-	No active declaration was found for this source unit.
first-order-logic/sequent-calculus/soundness.tex	first-order-logic	unit	prob#2	selected	first-order-logic;propositional-logic	first-order-logic/sequent-calculus/sequent-calculus.tex	0	0	yes	1193	Soundness	-	-	prob#2	341	343	385	2806	missing	no_native_match_found	-	-	No active declaration was found for this source unit.
first-order-logic/sequent-calculus/soundness.tex	first-order-logic	unit	cor#1; label=cor:weak-soundness	selected	first-order-logic;propositional-logic	first-order-logic/sequent-calculus/sequent-calculus.tex	0	0	yes	1193	Soundness	-	cor:weak-soundness	cor#1; label=cor:weak-soundness	346	349	385	2806	missing	no_native_match_found	-	-	No active declaration was found for this source unit.
first-order-logic/sequent-calculus/soundness.tex	first-order-logic	unit	cor#2; label=cor:entailment-soundness	selected	first-order-logic;propositional-logic	first-order-logic/sequent-calculus/sequent-calculus.tex	0	0	yes	1193	Soundness	-	cor:entailment-soundness	cor#2; label=cor:entailment-soundness	351	354	385	2806	missing	no_native_match_found	-	-	No active declaration was found for this source unit.
first-order-logic/sequent-calculus/soundness.tex	first-order-logic	unit	cor#3; label=cor:consistency-soundness	selected	first-order-logic;propositional-logic	first-order-logic/sequent-calculus/sequent-calculus.tex	0	0	yes	1193	Soundness	-	cor:consistency-soundness	cor#3; label=cor:consistency-soundness	366	369	385	2806	missing	no_native_match_found	-	-	No active declaration was found for this source unit.
first-order-logic/sequent-calculus/structural-rules.tex	first-order-logic	section	section	selected	first-order-logic;propositional-logic	first-order-logic/sequent-calculus/sequent-calculus.tex	0	0	yes	121	Structural Rules;Weakening;Contraction;Exchange	defish=4	-	-	1	80	81	297	missing	no_native_match_found	-	-	No active FormalOLP declaration was found for this substantive source section.
first-order-logic/syntax-and-semantics/assignments.tex	first-order-logic	section	section	selected	first-order-logic	first-order-logic/syntax-and-semantics/semantics.tex;first-order-logic/syntax-and-semantics/syntax-and-semantics.tex	0	0	yes	894	Variable Assignments	defn=2;prop=4;cor=1;prob=4;probtag=1;proof=5;explain=2	prop:valindep;prop:satindep;cor:sat-sentence;defn:satisfaction;defn:sat;prop:sentence-sat-true;prop:sat-quant	defn:_#defn:satisfaction;defn:_#defn:sat;prop:_#prop:valindep;prop:_#prop:satindep;prop:_#prop:sentence-sat-true;prop:_#prop:sat-quant;cor:_#cor:sat-sentence	1	353	354	2323	missing	no_native_match_found	-	-	No active FormalOLP declaration was found for this substantive source section.
first-order-logic/syntax-and-semantics/assignments.tex	first-order-logic	unit	prop#1; label=prop:valindep	selected	first-order-logic	first-order-logic/syntax-and-semantics/semantics.tex;first-order-logic/syntax-and-semantics/syntax-and-semantics.tex	0	0	yes	894	Variable Assignments	-	prop:valindep	prop#1; label=prop:valindep	29	33	354	2323	missing	no_native_match_found	-	-	No active declaration was found for this source unit.
first-order-logic/syntax-and-semantics/assignments.tex	first-order-logic	unit	prop#2; label=prop:satindep	selected	first-order-logic	first-order-logic/syntax-and-semantics/semantics.tex;first-order-logic/syntax-and-semantics/syntax-and-semantics.tex	0	0	yes	894	Variable Assignments	-	prop:satindep	prop#2; label=prop:satindep	57	61	354	2323	missing	no_native_match_found	-	-	No active declaration was found for this source unit.
first-order-logic/syntax-and-semantics/assignments.tex	first-order-logic	unit	cor#1; label=cor:sat-sentence	selected	first-order-logic	first-order-logic/syntax-and-semantics/semantics.tex;first-order-logic/syntax-and-semantics/syntax-and-semantics.tex	0	0	yes	894	Variable Assignments	-	cor:sat-sentence	cor#1; label=cor:sat-sentence	213	218	354	2323	missing	no_native_match_found	-	-	No active declaration was found for this source unit.
first-order-logic/syntax-and-semantics/assignments.tex	first-order-logic	unit	defn#1; label=defn:satisfaction	selected	first-order-logic	first-order-logic/syntax-and-semantics/semantics.tex;first-order-logic/syntax-and-semantics/syntax-and-semantics.tex	0	0	yes	894	Variable Assignments	-	defn:satisfaction	defn#1; label=defn:satisfaction	228	233	354	2323	missing	no_native_match_found	-	-	No active declaration was found for this source unit.
first-order-logic/syntax-and-semantics/assignments.tex	first-order-logic	unit	defn#2; label=defn:sat	selected	first-order-logic	first-order-logic/syntax-and-semantics/semantics.tex;first-order-logic/syntax-and-semantics/syntax-and-semantics.tex	0	0	yes	894	Variable Assignments	-	defn:sat	defn#2; label=defn:sat	239	244	354	2323	missing	no_native_match_found	-	-	No active declaration was found for this source unit.
first-order-logic/syntax-and-semantics/assignments.tex	first-order-logic	unit	prop#3; label=prop:sentence-sat-true	selected	first-order-logic	first-order-logic/syntax-and-semantics/semantics.tex;first-order-logic/syntax-and-semantics/syntax-and-semantics.tex	0	0	yes	894	Variable Assignments	-	prop:sentence-sat-true	prop#3; label=prop:sentence-sat-true	246	249	354	2323	missing	no_native_match_found	-	-	No active declaration was found for this source unit.
first-order-logic/syntax-and-semantics/assignments.tex	first-order-logic	unit	prob#1	selected	first-order-logic	first-order-logic/syntax-and-semantics/semantics.tex;first-order-logic/syntax-and-semantics/syntax-and-semantics.tex	0	0	yes	894	Variable Assignments	-	-	prob#1	255	257	354	2323	missing	no_native_match_found	-	-	No active declaration was found for this source unit.
first-order-logic/syntax-and-semantics/assignments.tex	first-order-logic	unit	prop#4; label=prop:sat-quant	selected	first-order-logic	first-order-logic/syntax-and-semantics/semantics.tex;first-order-logic/syntax-and-semantics/syntax-and-semantics.tex	0	0	yes	894	Variable Assignments	-	prop:sat-quant	prop#4; label=prop:sat-quant	259	268	354	2323	missing	no_native_match_found	-	-	No active declaration was found for this source unit.
first-order-logic/syntax-and-semantics/assignments.tex	first-order-logic	unit	prob#2	selected	first-order-logic	first-order-logic/syntax-and-semantics/semantics.tex;first-order-logic/syntax-and-semantics/syntax-and-semantics.tex	0	0	yes	894	Variable Assignments	-	-	prob#2	274	276	354	2323	missing	no_native_match_found	-	-	No active declaration was found for this source unit.
first-order-logic/syntax-and-semantics/assignments.tex	first-order-logic	unit	prob#3	selected	first-order-logic	first-order-logic/syntax-and-semantics/semantics.tex;first-order-logic/syntax-and-semantics/syntax-and-semantics.tex	0	0	yes	894	Variable Assignments	-	-	prob#3	278	340	354	2323	missing	no_native_match_found	-	-	No active declaration was found for this source unit.
first-order-logic/syntax-and-semantics/assignments.tex	first-order-logic	unit	prob#4	selected	first-order-logic	first-order-logic/syntax-and-semantics/semantics.tex;first-order-logic/syntax-and-semantics/syntax-and-semantics.tex	0	0	yes	894	Variable Assignments	-	-	prob#4	342	351	354	2323	missing	no_native_match_found	-	-	No active declaration was found for this source unit.
first-order-logic/syntax-and-semantics/covered-structures.tex	first-order-logic	section	section	selected	first-order-logic	first-order-logic/syntax-and-semantics/semantics.tex;first-order-logic/syntax-and-semantics/syntax-and-semantics.tex	0	0	yes	157	Covered \printtoken{P	defn=2;ex=1;prob=1;explain=1	-	defn:!!^{value} of closed terms;defn:Covered !!{structure}	1	72	73	422	missing	no_native_match_found	-	-	No active FormalOLP declaration was found for this substantive source section.
first-order-logic/syntax-and-semantics/covered-structures.tex	first-order-logic	unit	defn#1	selected	first-order-logic	first-order-logic/syntax-and-semantics/semantics.tex;first-order-logic/syntax-and-semantics/syntax-and-semantics.tex	0	0	yes	157	Covered \printtoken{P	-	-	defn#1	17	29	73	422	missing	no_native_match_found	-	-	No active declaration was found for this source unit.
first-order-logic/syntax-and-semantics/covered-structures.tex	first-order-logic	unit	defn#2	selected	first-order-logic	first-order-logic/syntax-and-semantics/semantics.tex;first-order-logic/syntax-and-semantics/syntax-and-semantics.tex	0	0	yes	157	Covered \printtoken{P	-	-	defn#2	31	34	73	422	missing	no_native_match_found	-	-	No active declaration was found for this source unit.
first-order-logic/syntax-and-semantics/covered-structures.tex	first-order-logic	unit	ex#1	selected	first-order-logic	first-order-logic/syntax-and-semantics/semantics.tex;first-order-logic/syntax-and-semantics/syntax-and-semantics.tex	0	0	yes	157	Covered \printtoken{P	-	-	ex#1	36	66	73	422	missing	no_native_match_found	-	-	No active declaration was found for this source unit.
first-order-logic/syntax-and-semantics/covered-structures.tex	first-order-logic	unit	prob#1	selected	first-order-logic	first-order-logic/syntax-and-semantics/semantics.tex;first-order-logic/syntax-and-semantics/syntax-and-semantics.tex	0	0	yes	157	Covered \printtoken{P	-	-	prob#1	68	70	73	422	missing	no_native_match_found	-	-	No active declaration was found for this source unit.
first-order-logic/syntax-and-semantics/extensionality.tex	first-order-logic	section	section	selected	first-order-logic	first-order-logic/syntax-and-semantics/semantics.tex;first-order-logic/syntax-and-semantics/syntax-and-semantics.tex	0	0	yes	335	Extensionality	prop=3;cor=1;prob=2;proof=4;explain=2	prop:extensionality;cor:extensionality-sent;prop:ext-terms;prop:ext-formulas	prop:Extensionality#prop:extensionality;prop:_#prop:ext-terms;prop:_#prop:ext-formulas;cor:Extensionality for !!^{sentence}s#cor:extensionality-sent	1	137	138	887	missing	no_native_match_found	-	-	No active FormalOLP declaration was found for this substantive source section.
first-order-logic/syntax-and-semantics/extensionality.tex	first-order-logic	unit	prop#1; label=prop:extensionality	selected	first-order-logic	first-order-logic/syntax-and-semantics/semantics.tex;first-order-logic/syntax-and-semantics/syntax-and-semantics.tex	0	0	yes	335	Extensionality	-	prop:extensionality	prop#1; label=prop:extensionality	28	37	138	887	missing	no_native_match_found	-	-	No active declaration was found for this source unit.
first-order-logic/syntax-and-semantics/extensionality.tex	first-order-logic	unit	prob#1	selected	first-order-logic	first-order-logic/syntax-and-semantics/semantics.tex;first-order-logic/syntax-and-semantics/syntax-and-semantics.tex	0	0	yes	335	Extensionality	-	-	prob#1	46	49	138	887	missing	no_native_match_found	-	-	No active declaration was found for this source unit.
first-order-logic/syntax-and-semantics/extensionality.tex	first-order-logic	unit	cor#1; label=cor:extensionality-sent	selected	first-order-logic	first-order-logic/syntax-and-semantics/semantics.tex;first-order-logic/syntax-and-semantics/syntax-and-semantics.tex	0	0	yes	335	Extensionality	-	cor:extensionality-sent	cor#1; label=cor:extensionality-sent	51	55	138	887	missing	no_native_match_found	-	-	No active declaration was found for this source unit.
first-order-logic/syntax-and-semantics/extensionality.tex	first-order-logic	unit	prop#2; label=prop:ext-terms	selected	first-order-logic	first-order-logic/syntax-and-semantics/semantics.tex;first-order-logic/syntax-and-semantics/syntax-and-semantics.tex	0	0	yes	335	Extensionality	-	prop:ext-terms	prop#2; label=prop:ext-terms	64	68	138	887	missing	no_native_match_found	-	-	No active declaration was found for this source unit.
first-order-logic/syntax-and-semantics/extensionality.tex	first-order-logic	unit	prop#3; label=prop:ext-formulas	selected	first-order-logic	first-order-logic/syntax-and-semantics/semantics.tex;first-order-logic/syntax-and-semantics/syntax-and-semantics.tex	0	0	yes	335	Extensionality	-	prop:ext-formulas	prop#3; label=prop:ext-formulas	105	109	138	887	missing	no_native_match_found	-	-	No active declaration was found for this source unit.
first-order-logic/syntax-and-semantics/extensionality.tex	first-order-logic	unit	prob#2	selected	first-order-logic	first-order-logic/syntax-and-semantics/semantics.tex;first-order-logic/syntax-and-semantics/syntax-and-semantics.tex	0	0	yes	335	Extensionality	-	-	prob#2	115	117	138	887	missing	no_native_match_found	-	-	No active declaration was found for this source unit.
first-order-logic/syntax-and-semantics/first-order-languages.tex	first-order-logic	section	section	selected	first-order-logic	first-order-logic/syntax-and-semantics/syntax-and-semantics.tex;first-order-logic/syntax-and-semantics/syntax.tex	0	0	yes	581	First-Order Languages	ex=3;explain=3;intro=1	-	-	1	159	160	942	missing	no_native_match_found	-	-	No active FormalOLP declaration was found for this substantive source section.
first-order-logic/syntax-and-semantics/first-order-languages.tex	first-order-logic	unit	ex#1	selected	first-order-logic	first-order-logic/syntax-and-semantics/syntax-and-semantics.tex;first-order-logic/syntax-and-semantics/syntax.tex	0	0	yes	581	First-Order Languages	-	-	ex#1	70	74	160	942	missing	no_native_match_found	-	-	No active declaration was found for this source unit.
first-order-logic/syntax-and-semantics/first-order-languages.tex	first-order-logic	unit	ex#2	selected	first-order-logic	first-order-logic/syntax-and-semantics/syntax-and-semantics.tex;first-order-logic/syntax-and-semantics/syntax.tex	0	0	yes	581	First-Order Languages	-	-	ex#2	76	79	160	942	missing	no_native_match_found	-	-	No active declaration was found for this source unit.
first-order-logic/syntax-and-semantics/first-order-languages.tex	first-order-logic	unit	ex#3	selected	first-order-logic	first-order-logic/syntax-and-semantics/syntax-and-semantics.tex;first-order-logic/syntax-and-semantics/syntax.tex	0	0	yes	581	First-Order Languages	-	-	ex#3	81	84	160	942	missing	no_native_match_found	-	-	No active declaration was found for this source unit.
first-order-logic/syntax-and-semantics/formation-sequences.tex	first-order-logic	section	section	selected	first-order-logic	first-order-logic/syntax-and-semantics/syntax-and-semantics.tex;first-order-logic/syntax-and-semantics/syntax.tex	0	0	yes	774	Formation Sequences	defn=4;thm=1;prop=3;lem=1;ex=3;prob=3;proof=5;history=1	defn:string;defn:fseq-trm;defn:fseq-frm;prop:formed;lem:fseq-init;thm:fseq-frm-equiv;prop:fseq-trm-equiv;defn:minimal-fseq;prop:subformula-equivs	defn:Strings#defn:string;defn:Formation sequences for terms#defn:fseq-trm;defn:Formation sequences for formulas#defn:fseq-frm;defn:Minimal formation sequences#defn:minimal-fseq;thm:_#thm:fseq-frm-equiv;prop:_#prop:formed;prop:_#prop:fseq-trm-equiv;prop:_#prop:subformula-equivs;lem:_#lem:fseq-init	1	278	279	1634	missing	no_native_match_found	-	-	No active FormalOLP declaration was found for this substantive source section.
first-order-logic/syntax-and-semantics/formation-sequences.tex	first-order-logic	unit	defn#1; label=defn:string	selected	first-order-logic	first-order-logic/syntax-and-semantics/syntax-and-semantics.tex;first-order-logic/syntax-and-semantics/syntax.tex	0	0	yes	774	Formation Sequences	-	defn:string	defn#1; label=defn:string	25	31	279	1634	missing	no_native_match_found	-	-	No active declaration was found for this source unit.
first-order-logic/syntax-and-semantics/formation-sequences.tex	first-order-logic	unit	ex#1	selected	first-order-logic	first-order-logic/syntax-and-semantics/syntax-and-semantics.tex;first-order-logic/syntax-and-semantics/syntax.tex	0	0	yes	774	Formation Sequences	-	-	ex#1	33	38	279	1634	missing	no_native_match_found	-	-	No active declaration was found for this source unit.
first-order-logic/syntax-and-semantics/formation-sequences.tex	first-order-logic	unit	defn#2; label=defn:fseq-trm	selected	first-order-logic	first-order-logic/syntax-and-semantics/syntax-and-semantics.tex;first-order-logic/syntax-and-semantics/syntax.tex	0	0	yes	774	Formation Sequences	-	defn:fseq-trm	defn#2; label=defn:fseq-trm	40	49	279	1634	missing	no_native_match_found	-	-	No active declaration was found for this source unit.
first-order-logic/syntax-and-semantics/formation-sequences.tex	first-order-logic	unit	ex#2	selected	first-order-logic	first-order-logic/syntax-and-semantics/syntax-and-semantics.tex;first-order-logic/syntax-and-semantics/syntax.tex	0	0	yes	774	Formation Sequences	-	-	ex#2	51	61	279	1634	missing	no_native_match_found	-	-	No active declaration was found for this source unit.
first-order-logic/syntax-and-semantics/formation-sequences.tex	first-order-logic	unit	defn#3; label=defn:fseq-frm	selected	first-order-logic	first-order-logic/syntax-and-semantics/syntax-and-semantics.tex;first-order-logic/syntax-and-semantics/syntax.tex	0	0	yes	774	Formation Sequences	-	defn:fseq-frm	defn#3; label=defn:fseq-frm	63	81	279	1634	missing	no_native_match_found	-	-	No active declaration was found for this source unit.
first-order-logic/syntax-and-semantics/formation-sequences.tex	first-order-logic	unit	ex#3	selected	first-order-logic	first-order-logic/syntax-and-semantics/syntax-and-semantics.tex;first-order-logic/syntax-and-semantics/syntax.tex	0	0	yes	774	Formation Sequences	-	-	ex#3	83	108	279	1634	missing	no_native_match_found	-	-	No active declaration was found for this source unit.
first-order-logic/syntax-and-semantics/formation-sequences.tex	first-order-logic	unit	prop#1; label=prop:formed	selected	first-order-logic	first-order-logic/syntax-and-semantics/syntax-and-semantics.tex;first-order-logic/syntax-and-semantics/syntax.tex	0	0	yes	774	Formation Sequences	-	prop:formed	prop#1; label=prop:formed	110	112	279	1634	missing	no_native_match_found	-	-	No active declaration was found for this source unit.
first-order-logic/syntax-and-semantics/formation-sequences.tex	first-order-logic	unit	lem#1; label=lem:fseq-init	selected	first-order-logic	first-order-logic/syntax-and-semantics/syntax-and-semantics.tex;first-order-logic/syntax-and-semantics/syntax.tex	0	0	yes	774	Formation Sequences	-	lem:fseq-init	lem#1; label=lem:fseq-init	155	160	279	1634	missing	no_native_match_found	-	-	No active declaration was found for this source unit.
first-order-logic/syntax-and-semantics/formation-sequences.tex	first-order-logic	unit	prob#1	selected	first-order-logic	first-order-logic/syntax-and-semantics/syntax-and-semantics.tex;first-order-logic/syntax-and-semantics/syntax.tex	0	0	yes	774	Formation Sequences	-	-	prob#1	166	168	279	1634	missing	no_native_match_found	-	-	No active declaration was found for this source unit.
first-order-logic/syntax-and-semantics/formation-sequences.tex	first-order-logic	unit	thm#1; label=thm:fseq-frm-equiv	selected	first-order-logic	first-order-logic/syntax-and-semantics/syntax-and-semantics.tex;first-order-logic/syntax-and-semantics/syntax.tex	0	0	yes	774	Formation Sequences	-	thm:fseq-frm-equiv	thm#1; label=thm:fseq-frm-equiv	170	174	279	1634	missing	no_native_match_found	-	-	No active declaration was found for this source unit.
first-order-logic/syntax-and-semantics/formation-sequences.tex	first-order-logic	unit	prop#2; label=prop:fseq-trm-equiv	selected	first-order-logic	first-order-logic/syntax-and-semantics/syntax-and-semantics.tex;first-order-logic/syntax-and-semantics/syntax.tex	0	0	yes	774	Formation Sequences	-	prop:fseq-trm-equiv	prop#2; label=prop:fseq-trm-equiv	215	219	279	1634	missing	no_native_match_found	-	-	No active declaration was found for this source unit.
first-order-logic/syntax-and-semantics/formation-sequences.tex	first-order-logic	unit	prob#2	selected	first-order-logic	first-order-logic/syntax-and-semantics/syntax-and-semantics.tex;first-order-logic/syntax-and-semantics/syntax.tex	0	0	yes	774	Formation Sequences	-	-	prob#2	225	229	279	1634	missing	no_native_match_found	-	-	No active declaration was found for this source unit.
first-order-logic/syntax-and-semantics/formation-sequences.tex	first-order-logic	unit	defn#4; label=defn:minimal-fseq	selected	first-order-logic	first-order-logic/syntax-and-semantics/syntax-and-semantics.tex;first-order-logic/syntax-and-semantics/syntax.tex	0	0	yes	774	Formation Sequences	-	defn:minimal-fseq	defn#4; label=defn:minimal-fseq	236	247	279	1634	missing	no_native_match_found	-	-	No active declaration was found for this source unit.
first-order-logic/syntax-and-semantics/formation-sequences.tex	first-order-logic	unit	prop#3; label=prop:subformula-equivs	selected	first-order-logic	first-order-logic/syntax-and-semantics/syntax-and-semantics.tex;first-order-logic/syntax-and-semantics/syntax.tex	0	0	yes	774	Formation Sequences	-	prop:subformula-equivs	prop#3; label=prop:subformula-equivs	253	261	279	1634	missing	no_native_match_found	-	-	No active declaration was found for this source unit.
first-order-logic/syntax-and-semantics/formation-sequences.tex	first-order-logic	unit	prob#3	selected	first-order-logic	first-order-logic/syntax-and-semantics/syntax-and-semantics.tex;first-order-logic/syntax-and-semantics/syntax.tex	0	0	yes	774	Formation Sequences	-	-	prob#3	267	269	279	1634	missing	no_native_match_found	-	-	No active declaration was found for this source unit.
first-order-logic/syntax-and-semantics/free-vars-sentences.tex	first-order-logic	section	section	selected	first-order-logic	first-order-logic/syntax-and-semantics/syntax-and-semantics.tex;first-order-logic/syntax-and-semantics/syntax.tex	0	0	yes	299	Free \printtoken{P	defn=4;ex=1;prob=1	defn:free-occ	defn:Free occurrences of !!a{variable}#defn:free-occ;defn:Bound Variables;defn:Scope;defn:Sentence	1	102	103	600	missing	no_native_match_found	-	-	No active FormalOLP declaration was found for this substantive source section.
first-order-logic/syntax-and-semantics/free-vars-sentences.tex	first-order-logic	unit	defn#1; label=defn:free-occ	selected	first-order-logic	first-order-logic/syntax-and-semantics/syntax-and-semantics.tex;first-order-logic/syntax-and-semantics/syntax.tex	0	0	yes	299	Free \printtoken{P	-	defn:free-occ	defn#1; label=defn:free-occ	13	36	103	600	missing	no_native_match_found	-	-	No active declaration was found for this source unit.
first-order-logic/syntax-and-semantics/free-vars-sentences.tex	first-order-logic	unit	defn#2	selected	first-order-logic	first-order-logic/syntax-and-semantics/syntax-and-semantics.tex;first-order-logic/syntax-and-semantics/syntax.tex	0	0	yes	299	Free \printtoken{P	-	-	defn#2	38	41	103	600	missing	no_native_match_found	-	-	No active declaration was found for this source unit.
first-order-logic/syntax-and-semantics/free-vars-sentences.tex	first-order-logic	unit	prob#1	selected	first-order-logic	first-order-logic/syntax-and-semantics/syntax-and-semantics.tex;first-order-logic/syntax-and-semantics/syntax.tex	0	0	yes	299	Free \printtoken{P	-	-	prob#1	43	46	103	600	missing	no_native_match_found	-	-	No active declaration was found for this source unit.
first-order-logic/syntax-and-semantics/free-vars-sentences.tex	first-order-logic	unit	defn#3	selected	first-order-logic	first-order-logic/syntax-and-semantics/syntax-and-semantics.tex;first-order-logic/syntax-and-semantics/syntax.tex	0	0	yes	299	Free \printtoken{P	-	-	defn#3	48	65	103	600	missing	no_native_match_found	-	-	No active declaration was found for this source unit.
first-order-logic/syntax-and-semantics/free-vars-sentences.tex	first-order-logic	unit	ex#1	selected	first-order-logic	first-order-logic/syntax-and-semantics/syntax-and-semantics.tex;first-order-logic/syntax-and-semantics/syntax.tex	0	0	yes	299	Free \printtoken{P	-	-	ex#1	67	93	103	600	missing	no_native_match_found	-	-	No active declaration was found for this source unit.
first-order-logic/syntax-and-semantics/free-vars-sentences.tex	first-order-logic	unit	defn#4	selected	first-order-logic	first-order-logic/syntax-and-semantics/syntax-and-semantics.tex;first-order-logic/syntax-and-semantics/syntax.tex	0	0	yes	299	Free \printtoken{P	-	-	defn#4	95	98	103	600	missing	no_native_match_found	-	-	No active declaration was found for this source unit.
first-order-logic/syntax-and-semantics/intro-semantics.tex	first-order-logic	section	section	selected	first-order-logic	first-order-logic/syntax-and-semantics/semantics.tex	0	0	yes	295	Introduction	-	-	-	1	47	48	373	missing	no_native_match_found	-	-	No active FormalOLP declaration was found for this substantive source section.
first-order-logic/syntax-and-semantics/intro-syntax.tex	first-order-logic	section	section	selected	first-order-logic	first-order-logic/syntax-and-semantics/syntax.tex	0	0	yes	182	Introduction	-	-	-	1	33	34	219	missing	no_native_match_found	-	-	No active FormalOLP declaration was found for this substantive source section.
first-order-logic/syntax-and-semantics/introduction.tex	first-order-logic	section	section	orphan_or_unselected	-	first-order-logic/syntax-and-semantics/syntax-and-semantics.tex	0	0	yes	475	Introduction	-	-	-	1	70	71	566	missing	no_native_match_found	-	-	No active FormalOLP declaration was found for this substantive source section.
first-order-logic/syntax-and-semantics/main-operator.tex	first-order-logic	section	section	selected	first-order-logic	first-order-logic/syntax-and-semantics/syntax-and-semantics.tex;first-order-logic/syntax-and-semantics/syntax.tex	0	0	yes	290	\printtoken{S	defn=1;explain=2;table=1	def:main-op;tab:main-op	defn:!!^{main operator}#def:main-op	1	101	102	538	missing	no_native_match_found	-	-	No active FormalOLP declaration was found for this substantive source section.
first-order-logic/syntax-and-semantics/main-operator.tex	first-order-logic	unit	defn#1; label=def:main-op	selected	first-order-logic	first-order-logic/syntax-and-semantics/syntax-and-semantics.tex;first-order-logic/syntax-and-semantics/syntax.tex	0	0	yes	290	\printtoken{S	-	def:main-op	defn#1; label=def:main-op	22	50	102	538	missing	no_native_match_found	-	-	No active declaration was found for this source unit.
first-order-logic/syntax-and-semantics/satisfaction.tex	first-order-logic	section	section	selected	first-order-logic	first-order-logic/syntax-and-semantics/semantics.tex;first-order-logic/syntax-and-semantics/syntax-and-semantics.tex	0	0	yes	1127	Satisfaction of \article{formula	defn=5;prop=2;ex=1;prob=3;proof=2;explain=4	defn:satisfaction;prop:sat-ex;prop:sat-all	defn:Variable Assignment;defn:!!^{value} of Terms;defn:$x$-Variant;defn:Satisfaction#defn:satisfaction;prop:_#prop:sat-ex;prop:_#prop:sat-all	1	421	422	3154	missing	no_native_match_found	-	-	No active FormalOLP declaration was found for this substantive source section.
first-order-logic/syntax-and-semantics/satisfaction.tex	first-order-logic	unit	defn#1	selected	first-order-logic	first-order-logic/syntax-and-semantics/semantics.tex;first-order-logic/syntax-and-semantics/syntax-and-semantics.tex	0	0	yes	1127	Satisfaction of \article{formula	-	-	defn#1	41	45	422	3154	missing	no_native_match_found	-	-	No active declaration was found for this source unit.
first-order-logic/syntax-and-semantics/satisfaction.tex	first-order-logic	unit	defn#2	selected	first-order-logic	first-order-logic/syntax-and-semantics/semantics.tex;first-order-logic/syntax-and-semantics/syntax-and-semantics.tex	0	0	yes	1127	Satisfaction of \article{formula	-	-	defn#2	58	72	422	3154	missing	no_native_match_found	-	-	No active declaration was found for this source unit.
first-order-logic/syntax-and-semantics/satisfaction.tex	first-order-logic	unit	defn#3	selected	first-order-logic	first-order-logic/syntax-and-semantics/semantics.tex;first-order-logic/syntax-and-semantics/syntax-and-semantics.tex	0	0	yes	1127	Satisfaction of \article{formula	-	-	defn#3	74	79	422	3154	missing	no_native_match_found	-	-	No active declaration was found for this source unit.
first-order-logic/syntax-and-semantics/satisfaction.tex	first-order-logic	unit	defn#4	selected	first-order-logic	first-order-logic/syntax-and-semantics/semantics.tex;first-order-logic/syntax-and-semantics/syntax-and-semantics.tex	0	0	yes	1127	Satisfaction of \article{formula	-	-	defn#4	87	95	422	3154	missing	no_native_match_found	-	-	No active declaration was found for this source unit.
first-order-logic/syntax-and-semantics/satisfaction.tex	first-order-logic	unit	defn#5; label=defn:satisfaction	selected	first-order-logic	first-order-logic/syntax-and-semantics/semantics.tex;first-order-logic/syntax-and-semantics/syntax-and-semantics.tex	0	0	yes	1127	Satisfaction of \article{formula	-	defn:satisfaction	defn#5; label=defn:satisfaction	101	150	422	3154	missing	no_native_match_found	-	-	No active declaration was found for this source unit.
first-order-logic/syntax-and-semantics/satisfaction.tex	first-order-logic	unit	ex#1	selected	first-order-logic	first-order-logic/syntax-and-semantics/semantics.tex;first-order-logic/syntax-and-semantics/syntax-and-semantics.tex	0	0	yes	1127	Satisfaction of \article{formula	-	-	ex#1	179	364	422	3154	missing	no_native_match_found	-	-	No active declaration was found for this source unit.
first-order-logic/syntax-and-semantics/satisfaction.tex	first-order-logic	unit	prop#1; label=prop:sat-ex	selected	first-order-logic	first-order-logic/syntax-and-semantics/semantics.tex;first-order-logic/syntax-and-semantics/syntax-and-semantics.tex	0	0	yes	1127	Satisfaction of \article{formula	-	prop:sat-ex	prop#1; label=prop:sat-ex	367	370	422	3154	missing	no_native_match_found	-	-	No active declaration was found for this source unit.
first-order-logic/syntax-and-semantics/satisfaction.tex	first-order-logic	unit	prob#1	selected	first-order-logic	first-order-logic/syntax-and-semantics/semantics.tex;first-order-logic/syntax-and-semantics/syntax-and-semantics.tex	0	0	yes	1127	Satisfaction of \article{formula	-	-	prob#1	378	380	422	3154	missing	no_native_match_found	-	-	No active declaration was found for this source unit.
first-order-logic/syntax-and-semantics/satisfaction.tex	first-order-logic	unit	prop#2; label=prop:sat-all	selected	first-order-logic	first-order-logic/syntax-and-semantics/semantics.tex;first-order-logic/syntax-and-semantics/syntax-and-semantics.tex	0	0	yes	1127	Satisfaction of \article{formula	-	prop:sat-all	prop#2; label=prop:sat-all	384	387	422	3154	missing	no_native_match_found	-	-	No active declaration was found for this source unit.
first-order-logic/syntax-and-semantics/satisfaction.tex	first-order-logic	unit	prob#2	selected	first-order-logic	first-order-logic/syntax-and-semantics/semantics.tex;first-order-logic/syntax-and-semantics/syntax-and-semantics.tex	0	0	yes	1127	Satisfaction of \article{formula	-	-	prob#2	395	397	422	3154	missing	no_native_match_found	-	-	No active declaration was found for this source unit.
first-order-logic/syntax-and-semantics/satisfaction.tex	first-order-logic	unit	prob#3	selected	first-order-logic	first-order-logic/syntax-and-semantics/semantics.tex;first-order-logic/syntax-and-semantics/syntax-and-semantics.tex	0	0	yes	1127	Satisfaction of \article{formula	-	-	prob#3	400	419	422	3154	missing	no_native_match_found	-	-	No active declaration was found for this source unit.
first-order-logic/syntax-and-semantics/semantic-notions.tex	first-order-logic	section	section	selected	first-order-logic	first-order-logic/syntax-and-semantics/semantics.tex;first-order-logic/syntax-and-semantics/syntax-and-semantics.tex	0	0	yes	385	Semantic Notions	defn=3;thm=1;prop=4;prob=1;probtag=1;proof=5;explain=1	prop:entails-unsat;thm:sem-deduction;prop:quant-terms	defn:Validity;defn:Entailment;defn:Satisfiability;thm:Semantic Deduction Theorem#thm:sem-deduction;prop:_#prop:entails-unsat;prop:_#prop:quant-terms	1	157	158	947	proved_weaker	manual_fragment_match	FormalOLP/FirstOrderLogic/SemanticNotions.lean	FormalOLP/FirstOrderLogic/SemanticNotions.lean:35-65	Sentence/theory semantics use Mathlib syntax and cover membership, monotonicity, negation-unsatisfiability, and deduction; term/formula-wide source API is absent.
first-order-logic/syntax-and-semantics/semantic-notions.tex	first-order-logic	unit	defn#1	selected	first-order-logic	first-order-logic/syntax-and-semantics/semantics.tex;first-order-logic/syntax-and-semantics/syntax-and-semantics.tex	0	0	yes	385	Semantic Notions	-	-	defn#1	25	28	158	947	missing	no_native_match_found	-	-	Validity is not exposed as a separate active declaration.
first-order-logic/syntax-and-semantics/semantic-notions.tex	first-order-logic	unit	defn#2	selected	first-order-logic	first-order-logic/syntax-and-semantics/semantics.tex;first-order-logic/syntax-and-semantics/syntax-and-semantics.tex	0	0	yes	385	Semantic Notions	-	-	defn#2	30	34	158	947	defined_only	manual_definition_match	FormalOLP/FirstOrderLogic/SemanticNotions.lean	FormalOLP/FirstOrderLogic/SemanticNotions.lean:35-39	Sentence/theory semantic interfaces are native through Mathlib.
first-order-logic/syntax-and-semantics/semantic-notions.tex	first-order-logic	unit	defn#3	selected	first-order-logic	first-order-logic/syntax-and-semantics/semantics.tex;first-order-logic/syntax-and-semantics/syntax-and-semantics.tex	0	0	yes	385	Semantic Notions	-	-	defn#3	37	41	158	947	defined_only	manual_definition_match	FormalOLP/FirstOrderLogic/SemanticNotions.lean	FormalOLP/FirstOrderLogic/SemanticNotions.lean:35-39	Sentence/theory semantic interfaces are native through Mathlib.
first-order-logic/syntax-and-semantics/semantic-notions.tex	first-order-logic	unit	prop#1	selected	first-order-logic	first-order-logic/syntax-and-semantics/semantics.tex;first-order-logic/syntax-and-semantics/syntax-and-semantics.tex	0	0	yes	385	Semantic Notions	-	-	prop#1	43	46	158	947	missing	no_native_match_found	-	-	The source validity-for-all-contexts result is not separately declared.
first-order-logic/syntax-and-semantics/semantic-notions.tex	first-order-logic	unit	prop#2; label=prop:entails-unsat	selected	first-order-logic	first-order-logic/syntax-and-semantics/semantics.tex;first-order-logic/syntax-and-semantics/syntax-and-semantics.tex	0	0	yes	385	Semantic Notions	-	prop:entails-unsat	prop#2; label=prop:entails-unsat	61	64	158	947	proved_weaker	manual_fragment_match	FormalOLP/FirstOrderLogic/SemanticNotions.lean	FormalOLP/FirstOrderLogic/SemanticNotions.lean:60-63	Sentence-level unsatisfiable-negation equivalence through Mathlib semantics.
first-order-logic/syntax-and-semantics/semantic-notions.tex	first-order-logic	unit	prob#1	selected	first-order-logic	first-order-logic/syntax-and-semantics/semantics.tex;first-order-logic/syntax-and-semantics/syntax-and-semantics.tex	0	0	yes	385	Semantic Notions	-	-	prob#1	82	90	158	947	missing	no_native_match_found	-	-	No matching native theorem for this source unit.
first-order-logic/syntax-and-semantics/semantic-notions.tex	first-order-logic	unit	prop#3	selected	first-order-logic	first-order-logic/syntax-and-semantics/semantics.tex;first-order-logic/syntax-and-semantics/syntax-and-semantics.tex	0	0	yes	385	Semantic Notions	-	-	prop#3	92	95	158	947	proved_equivalent	manual_statement_match	FormalOLP/FirstOrderLogic/SemanticNotions.lean	FormalOLP/FirstOrderLogic/SemanticNotions.lean:46-58	Sentence consequence monotonicity under explicit theory inclusion.
first-order-logic/syntax-and-semantics/semantic-notions.tex	first-order-logic	unit	thm#1; label=thm:sem-deduction	selected	first-order-logic	first-order-logic/syntax-and-semantics/semantics.tex;first-order-logic/syntax-and-semantics/syntax-and-semantics.tex	0	0	yes	385	Semantic Notions	-	thm:sem-deduction	thm#1; label=thm:sem-deduction	105	108	158	947	proved_weaker	manual_fragment_match	FormalOLP/FirstOrderLogic/SemanticNotions.lean	FormalOLP/FirstOrderLogic/SemanticNotions.lean:65-78	Sentence/theory form only; no full source syntax or proof calculus.
first-order-logic/syntax-and-semantics/semantic-notions.tex	first-order-logic	unit	prop#4; label=prop:quant-terms	selected	first-order-logic	first-order-logic/syntax-and-semantics/semantics.tex;first-order-logic/syntax-and-semantics/syntax-and-semantics.tex	0	0	yes	385	Semantic Notions	-	prop:quant-terms	prop#4; label=prop:quant-terms	124	131	158	947	missing	no_native_match_found	-	-	No matching native theorem for this source unit.
first-order-logic/syntax-and-semantics/semantics.tex	first-order-logic	chapter	section	selected	first-order-logic	first-order-logic/first-order-logic.tex	7	0	no	6	fol	-	-	-	1	26	27	42	structural_container	aggregator	-	-	Aggregator/editorial import container; child source files are audited separately.
first-order-logic/syntax-and-semantics/structures.tex	first-order-logic	section	section	selected	first-order-logic	first-order-logic/syntax-and-semantics/semantics.tex;first-order-logic/syntax-and-semantics/syntax-and-semantics.tex	0	0	yes	420	\printtoken{P	defn=1;ex=2;explain=1;digress=1	-	defn:!!^{structure}s	1	109	110	800	missing	no_native_match_found	-	-	No active FormalOLP declaration was found for this substantive source section.
first-order-logic/syntax-and-semantics/structures.tex	first-order-logic	unit	defn#1	selected	first-order-logic	first-order-logic/syntax-and-semantics/semantics.tex;first-order-logic/syntax-and-semantics/syntax-and-semantics.tex	0	0	yes	420	\printtoken{P	-	-	defn#1	28	42	110	800	missing	no_native_match_found	-	-	No active declaration was found for this source unit.
first-order-logic/syntax-and-semantics/structures.tex	first-order-logic	unit	ex#1	selected	first-order-logic	first-order-logic/syntax-and-semantics/semantics.tex;first-order-logic/syntax-and-semantics/syntax-and-semantics.tex	0	0	yes	420	\printtoken{P	-	-	ex#1	44	73	110	800	missing	no_native_match_found	-	-	No active declaration was found for this source unit.
first-order-logic/syntax-and-semantics/structures.tex	first-order-logic	unit	ex#2	selected	first-order-logic	first-order-logic/syntax-and-semantics/semantics.tex;first-order-logic/syntax-and-semantics/syntax-and-semantics.tex	0	0	yes	420	\printtoken{P	-	-	ex#2	75	92	110	800	missing	no_native_match_found	-	-	No active declaration was found for this source unit.
first-order-logic/syntax-and-semantics/subformulas.tex	first-order-logic	section	section	selected	first-order-logic	first-order-logic/syntax-and-semantics/syntax-and-semantics.tex;first-order-logic/syntax-and-semantics/syntax.tex	0	0	yes	384	\printtoken{P	defn=3;prop=2;prob=2;explain=2	prop:subfrm-trans;prop:count-subfrms	defn:Immediate !!^{subformula};defn:Proper !!^{subformula};defn:!!^{subformula};prop:_#prop:subfrm-trans;prop:_#prop:count-subfrms	1	111	112	620	missing	no_native_match_found	-	-	No active FormalOLP declaration was found for this substantive source section.
first-order-logic/syntax-and-semantics/subformulas.tex	first-order-logic	unit	defn#1	selected	first-order-logic	first-order-logic/syntax-and-semantics/syntax-and-semantics.tex;first-order-logic/syntax-and-semantics/syntax.tex	0	0	yes	384	\printtoken{P	-	-	defn#1	20	39	112	620	missing	no_native_match_found	-	-	No active declaration was found for this source unit.
first-order-logic/syntax-and-semantics/subformulas.tex	first-order-logic	unit	defn#2	selected	first-order-logic	first-order-logic/syntax-and-semantics/syntax-and-semantics.tex;first-order-logic/syntax-and-semantics/syntax.tex	0	0	yes	384	\printtoken{P	-	-	defn#2	41	63	112	620	missing	no_native_match_found	-	-	No active declaration was found for this source unit.
first-order-logic/syntax-and-semantics/subformulas.tex	first-order-logic	unit	defn#3	selected	first-order-logic	first-order-logic/syntax-and-semantics/syntax-and-semantics.tex;first-order-logic/syntax-and-semantics/syntax.tex	0	0	yes	384	\printtoken{P	-	-	defn#3	65	68	112	620	missing	no_native_match_found	-	-	No active declaration was found for this source unit.
first-order-logic/syntax-and-semantics/subformulas.tex	first-order-logic	unit	prop#1; label=prop:subfrm-trans	selected	first-order-logic	first-order-logic/syntax-and-semantics/syntax-and-semantics.tex;first-order-logic/syntax-and-semantics/syntax.tex	0	0	yes	384	\printtoken{P	-	prop:subfrm-trans	prop#1; label=prop:subfrm-trans	90	95	112	620	missing	no_native_match_found	-	-	No active declaration was found for this source unit.
first-order-logic/syntax-and-semantics/subformulas.tex	first-order-logic	unit	prob#1	selected	first-order-logic	first-order-logic/syntax-and-semantics/syntax-and-semantics.tex;first-order-logic/syntax-and-semantics/syntax.tex	0	0	yes	384	\printtoken{P	-	-	prob#1	97	99	112	620	missing	no_native_match_found	-	-	No active declaration was found for this source unit.
first-order-logic/syntax-and-semantics/subformulas.tex	first-order-logic	unit	prop#2; label=prop:count-subfrms	selected	first-order-logic	first-order-logic/syntax-and-semantics/syntax-and-semantics.tex;first-order-logic/syntax-and-semantics/syntax.tex	0	0	yes	384	\printtoken{P	-	prop:count-subfrms	prop#2; label=prop:count-subfrms	101	105	112	620	missing	no_native_match_found	-	-	No active declaration was found for this source unit.
first-order-logic/syntax-and-semantics/subformulas.tex	first-order-logic	unit	prob#2	selected	first-order-logic	first-order-logic/syntax-and-semantics/syntax-and-semantics.tex;first-order-logic/syntax-and-semantics/syntax.tex	0	0	yes	384	\printtoken{P	-	-	prob#2	107	109	112	620	missing	no_native_match_found	-	-	No active declaration was found for this source unit.
first-order-logic/syntax-and-semantics/substitution.tex	first-order-logic	section	section	selected	first-order-logic	first-order-logic/syntax-and-semantics/syntax-and-semantics.tex;first-order-logic/syntax-and-semantics/syntax.tex	0	0	yes	320	Substitution	defn=3;ex=1;explain=1	-	defn:Substitution in a term;defn:Substitution in !!a{formula}	1	126	127	821	missing	no_native_match_found	-	-	No active FormalOLP declaration was found for this substantive source section.
first-order-logic/syntax-and-semantics/substitution.tex	first-order-logic	unit	defn#1	selected	first-order-logic	first-order-logic/syntax-and-semantics/syntax-and-semantics.tex;first-order-logic/syntax-and-semantics/syntax.tex	0	0	yes	320	Substitution	-	-	defn#1	13	27	127	821	missing	no_native_match_found	-	-	No active declaration was found for this source unit.
first-order-logic/syntax-and-semantics/substitution.tex	first-order-logic	unit	defn#2	selected	first-order-logic	first-order-logic/syntax-and-semantics/syntax-and-semantics.tex;first-order-logic/syntax-and-semantics/syntax.tex	0	0	yes	320	Substitution	-	-	defn#2	29	33	127	821	missing	no_native_match_found	-	-	No active declaration was found for this source unit.
first-order-logic/syntax-and-semantics/substitution.tex	first-order-logic	unit	ex#1	selected	first-order-logic	first-order-logic/syntax-and-semantics/syntax-and-semantics.tex;first-order-logic/syntax-and-semantics/syntax.tex	0	0	yes	320	Substitution	-	-	ex#1	35	43	127	821	missing	no_native_match_found	-	-	No active declaration was found for this source unit.
first-order-logic/syntax-and-semantics/substitution.tex	first-order-logic	unit	defn#3	selected	first-order-logic	first-order-logic/syntax-and-semantics/syntax-and-semantics.tex;first-order-logic/syntax-and-semantics/syntax.tex	0	0	yes	320	Substitution	-	-	defn#3	45	94	127	821	missing	no_native_match_found	-	-	No active declaration was found for this source unit.
first-order-logic/syntax-and-semantics/syntax-and-semantics.tex	first-order-logic	chapter	section	orphan_or_unselected	-	-	15	0	no	4	fol	-	-	-	1	42	43	65	structural_container	aggregator	-	-	Aggregator/editorial import container; child source files are audited separately.
first-order-logic/syntax-and-semantics/syntax.tex	first-order-logic	chapter	section	selected	first-order-logic	first-order-logic/first-order-logic.tex	9	0	no	6	fol	-	-	-	1	30	31	52	structural_container	aggregator	-	-	Aggregator/editorial import container; child source files are audited separately.
first-order-logic/syntax-and-semantics/terms-formulas.tex	first-order-logic	section	section	selected	first-order-logic	first-order-logic/syntax-and-semantics/syntax-and-semantics.tex;first-order-logic/syntax-and-semantics/syntax.tex	0	0	yes	789	Terms and \printtoken{P	defn=4;lem=2;prob=1;explain=2;intro=1	defn:terms;defn:formulas;lem:trmind;thm:frmind	defn:Terms#defn:terms;defn:Formulas#defn:formulas;defn:Syntactic identity;lem:\emph{Principle of induction on terms}#lem:trmind;lem:\emph{Principle of induction on !!{formula}s}#thm:frmind	1	237	238	1397	missing	no_native_match_found	-	-	No active FormalOLP declaration was found for this substantive source section.
first-order-logic/syntax-and-semantics/terms-formulas.tex	first-order-logic	unit	defn#1; label=defn:terms	selected	first-order-logic	first-order-logic/syntax-and-semantics/syntax-and-semantics.tex;first-order-logic/syntax-and-semantics/syntax.tex	0	0	yes	789	Terms and \printtoken{P	-	defn:terms	defn#1; label=defn:terms	17	30	238	1397	missing	no_native_match_found	-	-	No active declaration was found for this source unit.
first-order-logic/syntax-and-semantics/terms-formulas.tex	first-order-logic	unit	defn#2; label=defn:formulas	selected	first-order-logic	first-order-logic/syntax-and-semantics/syntax-and-semantics.tex;first-order-logic/syntax-and-semantics/syntax.tex	0	0	yes	789	Terms and \printtoken{P	-	defn:formulas	defn#2; label=defn:formulas	41	80	238	1397	missing	no_native_match_found	-	-	No active declaration was found for this source unit.
first-order-logic/syntax-and-semantics/terms-formulas.tex	first-order-logic	unit	defn#3	selected	first-order-logic	first-order-logic/syntax-and-semantics/syntax-and-semantics.tex;first-order-logic/syntax-and-semantics/syntax.tex	0	0	yes	789	Terms and \printtoken{P	-	-	defn#3	123	157	238	1397	missing	no_native_match_found	-	-	No active declaration was found for this source unit.
first-order-logic/syntax-and-semantics/terms-formulas.tex	first-order-logic	unit	defn#4	selected	first-order-logic	first-order-logic/syntax-and-semantics/syntax-and-semantics.tex;first-order-logic/syntax-and-semantics/syntax.tex	0	0	yes	789	Terms and \printtoken{P	-	-	defn#4	170	174	238	1397	missing	no_native_match_found	-	-	No active declaration was found for this source unit.
first-order-logic/syntax-and-semantics/terms-formulas.tex	first-order-logic	unit	lem#1; label=lem:trmind	selected	first-order-logic	first-order-logic/syntax-and-semantics/syntax-and-semantics.tex;first-order-logic/syntax-and-semantics/syntax.tex	0	0	yes	789	Terms and \printtoken{P	-	lem:trmind	lem#1; label=lem:trmind	189	205	238	1397	missing	no_native_match_found	-	-	No active declaration was found for this source unit.
first-order-logic/syntax-and-semantics/terms-formulas.tex	first-order-logic	unit	prob#1	selected	first-order-logic	first-order-logic/syntax-and-semantics/syntax-and-semantics.tex;first-order-logic/syntax-and-semantics/syntax.tex	0	0	yes	789	Terms and \printtoken{P	-	-	prob#1	207	209	238	1397	missing	no_native_match_found	-	-	No active declaration was found for this source unit.
first-order-logic/syntax-and-semantics/terms-formulas.tex	first-order-logic	unit	lem#2; label=thm:frmind	selected	first-order-logic	first-order-logic/syntax-and-semantics/syntax-and-semantics.tex;first-order-logic/syntax-and-semantics/syntax.tex	0	0	yes	789	Terms and \printtoken{P	-	thm:frmind	lem#2; label=thm:frmind	211	235	238	1397	missing	no_native_match_found	-	-	No active declaration was found for this source unit.
first-order-logic/syntax-and-semantics/unique-readability.tex	first-order-logic	section	section	selected	first-order-logic	first-order-logic/syntax-and-semantics/syntax-and-semantics.tex;first-order-logic/syntax-and-semantics/syntax.tex	0	0	yes	720	Unique Readability	defn=1;prop=2;lem=2;prob=3;proof=4;explain=1;quote=1	lem:no-prefix;prop:unique-atomic	defn:Proper prefix;prop:_#prop:unique-atomic;prop:Unique Readability;lem:_#lem:no-prefix	1	203	204	1311	missing	no_native_match_found	-	-	No active FormalOLP declaration was found for this substantive source section.
first-order-logic/syntax-and-semantics/unique-readability.tex	first-order-logic	unit	lem#1	selected	first-order-logic	first-order-logic/syntax-and-semantics/syntax-and-semantics.tex;first-order-logic/syntax-and-semantics/syntax.tex	0	0	yes	720	Unique Readability	-	-	lem#1	56	59	204	1311	missing	no_native_match_found	-	-	No active declaration was found for this source unit.
first-order-logic/syntax-and-semantics/unique-readability.tex	first-order-logic	unit	prob#1	selected	first-order-logic	first-order-logic/syntax-and-semantics/syntax-and-semantics.tex;first-order-logic/syntax-and-semantics/syntax.tex	0	0	yes	720	Unique Readability	-	-	prob#1	72	74	204	1311	missing	no_native_match_found	-	-	No active declaration was found for this source unit.
first-order-logic/syntax-and-semantics/unique-readability.tex	first-order-logic	unit	defn#1	selected	first-order-logic	first-order-logic/syntax-and-semantics/syntax-and-semantics.tex;first-order-logic/syntax-and-semantics/syntax.tex	0	0	yes	720	Unique Readability	-	-	defn#1	113	116	204	1311	missing	no_native_match_found	-	-	No active declaration was found for this source unit.
first-order-logic/syntax-and-semantics/unique-readability.tex	first-order-logic	unit	lem#2; label=lem:no-prefix	selected	first-order-logic	first-order-logic/syntax-and-semantics/syntax-and-semantics.tex;first-order-logic/syntax-and-semantics/syntax.tex	0	0	yes	720	Unique Readability	-	lem:no-prefix	lem#2; label=lem:no-prefix	118	121	204	1311	missing	no_native_match_found	-	-	No active declaration was found for this source unit.
first-order-logic/syntax-and-semantics/unique-readability.tex	first-order-logic	unit	prob#2	selected	first-order-logic	first-order-logic/syntax-and-semantics/syntax-and-semantics.tex;first-order-logic/syntax-and-semantics/syntax.tex	0	0	yes	720	Unique Readability	-	-	prob#2	127	129	204	1311	missing	no_native_match_found	-	-	No active declaration was found for this source unit.
first-order-logic/syntax-and-semantics/unique-readability.tex	first-order-logic	unit	prop#1; label=prop:unique-atomic	selected	first-order-logic	first-order-logic/syntax-and-semantics/syntax-and-semantics.tex;first-order-logic/syntax-and-semantics/syntax.tex	0	0	yes	720	Unique Readability	-	prop:unique-atomic	prop#1; label=prop:unique-atomic	131	144	204	1311	missing	no_native_match_found	-	-	No active declaration was found for this source unit.
first-order-logic/syntax-and-semantics/unique-readability.tex	first-order-logic	unit	prob#3	selected	first-order-logic	first-order-logic/syntax-and-semantics/syntax-and-semantics.tex;first-order-logic/syntax-and-semantics/syntax.tex	0	0	yes	720	Unique Readability	-	-	prob#3	150	153	204	1311	missing	no_native_match_found	-	-	No active declaration was found for this source unit.
first-order-logic/syntax-and-semantics/unique-readability.tex	first-order-logic	unit	prop#2	selected	first-order-logic	first-order-logic/syntax-and-semantics/syntax-and-semantics.tex;first-order-logic/syntax-and-semantics/syntax.tex	0	0	yes	720	Unique Readability	-	-	prop#2	155	180	204	1311	missing	no_native_match_found	-	-	No active declaration was found for this source unit.
first-order-logic/tableaux/derivations.tex	first-order-logic	section	section	selected	first-order-logic;propositional-logic	first-order-logic/tableaux/tableaux.tex	0	0	yes	347	\usetoken{P	defn=1;ex=1;explain=1	-	defn:!!^{tableau}	1	96	97	581	missing	no_native_match_found	-	-	No active FormalOLP declaration was found for this substantive source section.
first-order-logic/tableaux/derivations.tex	first-order-logic	unit	defn#1	selected	first-order-logic;propositional-logic	first-order-logic/tableaux/tableaux.tex	0	0	yes	347	\usetoken{P	-	-	defn#1	23	40	97	581	missing	no_native_match_found	-	-	No active declaration was found for this source unit.
first-order-logic/tableaux/derivations.tex	first-order-logic	unit	ex#1	selected	first-order-logic;propositional-logic	first-order-logic/tableaux/tableaux.tex	0	0	yes	347	\usetoken{P	-	-	ex#1	42	94	97	581	missing	no_native_match_found	-	-	No active declaration was found for this source unit.
first-order-logic/tableaux/identity.tex	first-order-logic	section	section	selected	first-order-logic;propositional-logic	first-order-logic/tableaux/tableaux.tex	0	0	yes	160	\usetoken{P	ex=1;prob=1;defish=1;oltableau=3	-	-	1	105	106	525	missing	no_native_match_found	-	-	No active FormalOLP declaration was found for this substantive source section.
first-order-logic/tableaux/identity.tex	first-order-logic	unit	ex#1	selected	first-order-logic;propositional-logic	first-order-logic/tableaux/tableaux.tex	0	0	yes	160	\usetoken{P	-	-	ex#1	41	91	106	525	missing	no_native_match_found	-	-	No active declaration was found for this source unit.
first-order-logic/tableaux/identity.tex	first-order-logic	unit	prob#1	selected	first-order-logic;propositional-logic	first-order-logic/tableaux/tableaux.tex	0	0	yes	160	\usetoken{P	-	-	prob#1	93	103	106	525	missing	no_native_match_found	-	-	No active declaration was found for this source unit.
first-order-logic/tableaux/proof-theoretic-notions.tex	first-order-logic	section	section	selected	first-order-logic;propositional-logic	first-order-logic/tableaux/tableaux.tex	0	0	yes	355	Proof-Theoretic Notions	defn=3;prop=5;prob=2;proof=5;explain=1;editorial=1;oltableau=1	prop:reflexivity;prop:monotonicity;prop:transitivity;prop:incons;prop:proves-compact	defn:Theorems;defn:!!^{derivability};defn:Consistency;prop:Reflexivity#prop:reflexivity;prop:Monotonicity#prop:monotonicity;prop:Transitivity#prop:transitivity;prop:_#prop:incons;prop:Compactness#prop:proves-compact	1	190	191	805	missing	no_native_match_found	-	-	No active FormalOLP declaration was found for this substantive source section.
first-order-logic/tableaux/proof-theoretic-notions.tex	first-order-logic	unit	defn#1	selected	first-order-logic;propositional-logic	first-order-logic/tableaux/tableaux.tex	0	0	yes	355	Proof-Theoretic Notions	-	-	defn#1	31	35	191	805	missing	no_native_match_found	-	-	No active declaration was found for this source unit.
first-order-logic/tableaux/proof-theoretic-notions.tex	first-order-logic	unit	defn#2	selected	first-order-logic;propositional-logic	first-order-logic/tableaux/tableaux.tex	0	0	yes	355	Proof-Theoretic Notions	-	-	defn#2	37	51	191	805	missing	no_native_match_found	-	-	No active declaration was found for this source unit.
first-order-logic/tableaux/proof-theoretic-notions.tex	first-order-logic	unit	defn#3	selected	first-order-logic;propositional-logic	first-order-logic/tableaux/tableaux.tex	0	0	yes	355	Proof-Theoretic Notions	-	-	defn#3	53	64	191	805	missing	no_native_match_found	-	-	No active declaration was found for this source unit.
first-order-logic/tableaux/proof-theoretic-notions.tex	first-order-logic	unit	prop#1; label=prop:reflexivity	selected	first-order-logic;propositional-logic	first-order-logic/tableaux/tableaux.tex	0	0	yes	355	Proof-Theoretic Notions	-	prop:reflexivity	prop#1; label=prop:reflexivity	66	69	191	805	missing	no_native_match_found	-	-	No active declaration was found for this source unit.
first-order-logic/tableaux/proof-theoretic-notions.tex	first-order-logic	unit	prop#2; label=prop:monotonicity	selected	first-order-logic;propositional-logic	first-order-logic/tableaux/tableaux.tex	0	0	yes	355	Proof-Theoretic Notions	-	prop:monotonicity	prop#2; label=prop:monotonicity	82	86	191	805	missing	no_native_match_found	-	-	No active declaration was found for this source unit.
first-order-logic/tableaux/proof-theoretic-notions.tex	first-order-logic	unit	prop#3; label=prop:transitivity	selected	first-order-logic;propositional-logic	first-order-logic/tableaux/tableaux.tex	0	0	yes	355	Proof-Theoretic Notions	-	prop:transitivity	prop#3; label=prop:transitivity	92	96	191	805	missing	no_native_match_found	-	-	No active declaration was found for this source unit.
first-order-logic/tableaux/proof-theoretic-notions.tex	first-order-logic	unit	prop#4; label=prop:incons	selected	first-order-logic;propositional-logic	first-order-logic/tableaux/tableaux.tex	0	0	yes	355	Proof-Theoretic Notions	-	prop:incons	prop#4; label=prop:incons	140	144	191	805	missing	no_native_match_found	-	-	No active declaration was found for this source unit.
first-order-logic/tableaux/proof-theoretic-notions.tex	first-order-logic	unit	prob#1	selected	first-order-logic;propositional-logic	first-order-logic/tableaux/tableaux.tex	0	0	yes	355	Proof-Theoretic Notions	-	-	prob#1	151	153	191	805	missing	no_native_match_found	-	-	No active declaration was found for this source unit.
first-order-logic/tableaux/proof-theoretic-notions.tex	first-order-logic	unit	prob#2	selected	first-order-logic;propositional-logic	first-order-logic/tableaux/tableaux.tex	0	0	yes	355	Proof-Theoretic Notions	-	-	prob#2	157	159	191	805	missing	no_native_match_found	-	-	No active declaration was found for this source unit.
first-order-logic/tableaux/proof-theoretic-notions.tex	first-order-logic	unit	prop#5; label=prop:proves-compact	selected	first-order-logic;propositional-logic	first-order-logic/tableaux/tableaux.tex	0	0	yes	355	Proof-Theoretic Notions	-	prop:proves-compact	prop#5; label=prop:proves-compact	162	170	191	805	missing	no_native_match_found	-	-	No active declaration was found for this source unit.
first-order-logic/tableaux/propositional-rules.tex	first-order-logic	section	section	selected	first-order-logic;propositional-logic	first-order-logic/tableaux/tableaux.tex	0	0	yes	56	Propositional Rules;Rules for $\lnot$;Rules for $\land$;Rules for $\lor$;Rules for $\lif$;The Cut Rule	defish=5	-	-	1	93	94	308	missing	no_native_match_found	-	-	No active FormalOLP declaration was found for this substantive source section.
first-order-logic/tableaux/provability-consistency.tex	first-order-logic	section	section	selected	first-order-logic;propositional-logic	first-order-logic/tableaux/tableaux.tex	0	0	yes	510	\usetoken{S	prop=4;prob=1;proof=4	prop:provability-contr;prop:prov-incons;prop:explicit-inc;prop:provability-exhaustive	prop:_#prop:provability-contr;prop:_#prop:prov-incons;prop:_#prop:explicit-inc;prop:_#prop:provability-exhaustive	1	150	151	916	missing	no_native_match_found	-	-	No active FormalOLP declaration was found for this substantive source section.
first-order-logic/tableaux/provability-consistency.tex	first-order-logic	unit	prop#1; label=prop:provability-contr	selected	first-order-logic;propositional-logic	first-order-logic/tableaux/tableaux.tex	0	0	yes	510	\usetoken{S	-	prop:provability-contr	prop#1; label=prop:provability-contr	19	22	151	916	missing	no_native_match_found	-	-	No active declaration was found for this source unit.
first-order-logic/tableaux/provability-consistency.tex	first-order-logic	unit	prop#2; label=prop:prov-incons	selected	first-order-logic;propositional-logic	first-order-logic/tableaux/tableaux.tex	0	0	yes	510	\usetoken{S	-	prop:prov-incons	prop#2; label=prop:prov-incons	40	43	151	916	missing	no_native_match_found	-	-	No active declaration was found for this source unit.
first-order-logic/tableaux/provability-consistency.tex	first-order-logic	unit	prob#1	selected	first-order-logic;propositional-logic	first-order-logic/tableaux/tableaux.tex	0	0	yes	510	\usetoken{S	-	-	prob#1	75	77	151	916	missing	no_native_match_found	-	-	No active declaration was found for this source unit.
first-order-logic/tableaux/provability-consistency.tex	first-order-logic	unit	prop#3; label=prop:explicit-inc	selected	first-order-logic;propositional-logic	first-order-logic/tableaux/tableaux.tex	0	0	yes	510	\usetoken{S	-	prop:explicit-inc	prop#3; label=prop:explicit-inc	79	82	151	916	missing	no_native_match_found	-	-	No active declaration was found for this source unit.
first-order-logic/tableaux/provability-consistency.tex	first-order-logic	unit	prop#4; label=prop:provability-exhaustive	selected	first-order-logic;propositional-logic	first-order-logic/tableaux/tableaux.tex	0	0	yes	510	\usetoken{S	-	prop:provability-exhaustive	prop#4; label=prop:provability-exhaustive	100	103	151	916	missing	no_native_match_found	-	-	No active declaration was found for this source unit.
first-order-logic/tableaux/provability-propositional.tex	first-order-logic	section	section	selected	first-order-logic;propositional-logic	first-order-logic/tableaux/tableaux.tex	0	0	yes	136	\usetoken{S	prop=3;proof=3;explain=1;oltableau=9	prop:provability-land;prop:provability-land-left;prop:provability-land-right;prop:provability-lor;prop:provability-lif;prop:provability-lif-left;prop:provability-lif-right	prop:_#prop:provability-land,prop:provability-land-left,prop:provability-land-right;prop:_#prop:provability-lor;prop:_#prop:provability-lif,prop:provability-lif-left,prop:provability-lif-right	1	175	176	765	missing	no_native_match_found	-	-	No active FormalOLP declaration was found for this substantive source section.
first-order-logic/tableaux/provability-propositional.tex	first-order-logic	unit	prop#1; label=prop:provability-land	selected	first-order-logic;propositional-logic	first-order-logic/tableaux/tableaux.tex	0	0	yes	136	\usetoken{S	-	prop:provability-land	prop#1; label=prop:provability-land	26	33	176	765	missing	no_native_match_found	-	-	No active declaration was found for this source unit.
first-order-logic/tableaux/provability-propositional.tex	first-order-logic	unit	prop#2; label=prop:provability-lor	selected	first-order-logic;propositional-logic	first-order-logic/tableaux/tableaux.tex	0	0	yes	136	\usetoken{S	-	prop:provability-lor	prop#2; label=prop:provability-lor	75	80	176	765	missing	no_native_match_found	-	-	No active declaration was found for this source unit.
first-order-logic/tableaux/provability-propositional.tex	first-order-logic	unit	prop#3; label=prop:provability-lif	selected	first-order-logic;propositional-logic	first-order-logic/tableaux/tableaux.tex	0	0	yes	136	\usetoken{S	-	prop:provability-lif	prop#3; label=prop:provability-lif	126	132	176	765	missing	no_native_match_found	-	-	No active declaration was found for this source unit.
first-order-logic/tableaux/provability-quantifiers.tex	first-order-logic	section	section	selected	first-order-logic;propositional-logic	first-order-logic/tableaux/tableaux.tex	0	0	yes	142	\usetoken{S	thm=1;prop=1;proof=2;explain=1;oltableau=2	thm:strong-generalization;prop:provability-quantifiers	thm:_#thm:strong-generalization;prop:_#prop:provability-quantifiers	1	88	89	436	missing	no_native_match_found	-	-	No active FormalOLP declaration was found for this substantive source section.
first-order-logic/tableaux/provability-quantifiers.tex	first-order-logic	unit	thm#1; label=thm:strong-generalization	selected	first-order-logic;propositional-logic	first-order-logic/tableaux/tableaux.tex	0	0	yes	142	\usetoken{S	-	thm:strong-generalization	thm#1; label=thm:strong-generalization	17	21	89	436	missing	no_native_match_found	-	-	No active declaration was found for this source unit.
first-order-logic/tableaux/provability-quantifiers.tex	first-order-logic	unit	prop#1; label=prop:provability-quantifiers	selected	first-order-logic;propositional-logic	first-order-logic/tableaux/tableaux.tex	0	0	yes	142	\usetoken{S	-	prop:provability-quantifiers	prop#1; label=prop:provability-quantifiers	61	67	89	436	missing	no_native_match_found	-	-	No active declaration was found for this source unit.
first-order-logic/tableaux/proving-things-quant.tex	first-order-logic	section	section	selected	first-order-logic;propositional-logic	first-order-logic/tableaux/tableaux.tex	0	0	yes	544	\usetoken{P	ex=3;prob=2;oltableau=15	-	-	1	344	345	1886	missing	no_native_match_found	-	-	No active FormalOLP declaration was found for this substantive source section.
first-order-logic/tableaux/proving-things-quant.tex	first-order-logic	unit	ex#1	selected	first-order-logic;propositional-logic	first-order-logic/tableaux/tableaux.tex	0	0	yes	544	\usetoken{P	-	-	ex#1	13	94	345	1886	missing	no_native_match_found	-	-	No active declaration was found for this source unit.
first-order-logic/tableaux/proving-things-quant.tex	first-order-logic	unit	ex#2	selected	first-order-logic;propositional-logic	first-order-logic/tableaux/tableaux.tex	0	0	yes	544	\usetoken{P	-	-	ex#2	96	210	345	1886	missing	no_native_match_found	-	-	No active declaration was found for this source unit.
first-order-logic/tableaux/proving-things-quant.tex	first-order-logic	unit	ex#3	selected	first-order-logic;propositional-logic	first-order-logic/tableaux/tableaux.tex	0	0	yes	544	\usetoken{P	-	-	ex#3	212	315	345	1886	missing	no_native_match_found	-	-	No active declaration was found for this source unit.
first-order-logic/tableaux/proving-things-quant.tex	first-order-logic	unit	prob#1	selected	first-order-logic;propositional-logic	first-order-logic/tableaux/tableaux.tex	0	0	yes	544	\usetoken{P	-	-	prob#1	317	333	345	1886	missing	no_native_match_found	-	-	No active declaration was found for this source unit.
first-order-logic/tableaux/proving-things-quant.tex	first-order-logic	unit	prob#2	selected	first-order-logic;propositional-logic	first-order-logic/tableaux/tableaux.tex	0	0	yes	544	\usetoken{P	-	-	prob#2	335	342	345	1886	missing	no_native_match_found	-	-	No active declaration was found for this source unit.
first-order-logic/tableaux/proving-things.tex	first-order-logic	section	section	selected	first-order-logic;propositional-logic	first-order-logic/tableaux/tableaux.tex	0	0	yes	783	Examples of \usetoken{P	ex=3;prob=3;oltableau=14	-	-	1	460	461	2470	missing	no_native_match_found	-	-	No active FormalOLP declaration was found for this substantive source section.
first-order-logic/tableaux/proving-things.tex	first-order-logic	unit	ex#1	selected	first-order-logic;propositional-logic	first-order-logic/tableaux/tableaux.tex	0	0	yes	783	Examples of \usetoken{P	-	-	ex#1	15	70	461	2470	missing	no_native_match_found	-	-	No active declaration was found for this source unit.
first-order-logic/tableaux/proving-things.tex	first-order-logic	unit	ex#2	selected	first-order-logic;propositional-logic	first-order-logic/tableaux/tableaux.tex	0	0	yes	783	Examples of \usetoken{P	-	-	ex#2	72	171	461	2470	missing	no_native_match_found	-	-	No active declaration was found for this source unit.
first-order-logic/tableaux/proving-things.tex	first-order-logic	unit	ex#3	selected	first-order-logic;propositional-logic	first-order-logic/tableaux/tableaux.tex	0	0	yes	783	Examples of \usetoken{P	-	-	ex#3	173	416	461	2470	missing	no_native_match_found	-	-	No active declaration was found for this source unit.
first-order-logic/tableaux/proving-things.tex	first-order-logic	unit	prob#1	selected	first-order-logic;propositional-logic	first-order-logic/tableaux/tableaux.tex	0	0	yes	783	Examples of \usetoken{P	-	-	prob#1	418	426	461	2470	missing	no_native_match_found	-	-	No active declaration was found for this source unit.
first-order-logic/tableaux/proving-things.tex	first-order-logic	unit	prob#2	selected	first-order-logic;propositional-logic	first-order-logic/tableaux/tableaux.tex	0	0	yes	783	Examples of \usetoken{P	-	-	prob#2	428	444	461	2470	missing	no_native_match_found	-	-	No active declaration was found for this source unit.
first-order-logic/tableaux/proving-things.tex	first-order-logic	unit	prob#3	selected	first-order-logic;propositional-logic	first-order-logic/tableaux/tableaux.tex	0	0	yes	783	Examples of \usetoken{P	-	-	prob#3	446	458	461	2470	missing	no_native_match_found	-	-	No active declaration was found for this source unit.
first-order-logic/tableaux/quantifier-rules.tex	first-order-logic	section	section	selected	first-order-logic;propositional-logic	first-order-logic/tableaux/tableaux.tex	0	0	yes	218	Quantifier Rules;Rules for $\lforall$;Rules for $\lexists$	explain=2;defish=2;prooftree=1	-	-	1	109	110	573	missing	no_native_match_found	-	-	No active FormalOLP declaration was found for this substantive source section.
first-order-logic/tableaux/rules-and-proofs.tex	first-order-logic	section	section	selected	first-order-logic;propositional-logic	first-order-logic/tableaux/tableaux.tex	0	0	yes	289	Rules and \usetoken{P	defn=1	-	-	1	59	60	403	missing	no_native_match_found	-	-	No active FormalOLP declaration was found for this substantive source section.
first-order-logic/tableaux/rules-and-proofs.tex	first-order-logic	unit	defn#1	selected	first-order-logic;propositional-logic	first-order-logic/tableaux/tableaux.tex	0	0	yes	289	Rules and \usetoken{P	-	-	defn#1	21	27	60	403	missing	no_native_match_found	-	-	No active declaration was found for this source unit.
first-order-logic/tableaux/soundness-identity.tex	first-order-logic	section	section	selected	first-order-logic;propositional-logic	first-order-logic/tableaux/tableaux.tex	0	0	yes	137	Soundness with \usetoken{S	prop=1;proof=1	-	-	1	45	46	285	missing	no_native_match_found	-	-	No active FormalOLP declaration was found for this substantive source section.
first-order-logic/tableaux/soundness-identity.tex	first-order-logic	unit	prop#1	selected	first-order-logic;propositional-logic	first-order-logic/tableaux/tableaux.tex	0	0	yes	137	Soundness with \usetoken{S	-	-	prop#1	13	16	46	285	missing	no_native_match_found	-	-	No active declaration was found for this source unit.
first-order-logic/tableaux/soundness.tex	first-order-logic	section	section	selected	first-order-logic;propositional-logic	first-order-logic/tableaux/tableaux.tex	0	0	yes	881	Soundness	defn=1;thm=1;cor=3;prob=2;proof=3;explain=1	thm:tableau-soundness;cor:weak-soundness;cor:entailment-soundness;cor:consistency-soundness	thm:Soundness#thm:tableau-soundness;cor:_#cor:weak-soundness;cor:_#cor:entailment-soundness;cor:_#cor:consistency-soundness	1	240	241	1726	missing	no_native_match_found	-	-	No active FormalOLP declaration was found for this substantive source section.
first-order-logic/tableaux/soundness.tex	first-order-logic	unit	defn#1	selected	first-order-logic;propositional-logic	first-order-logic/tableaux/tableaux.tex	0	0	yes	881	Soundness	-	-	defn#1	41	51	241	1726	missing	no_native_match_found	-	-	No active declaration was found for this source unit.
first-order-logic/tableaux/soundness.tex	first-order-logic	unit	thm#1; label=thm:tableau-soundness	selected	first-order-logic;propositional-logic	first-order-logic/tableaux/tableaux.tex	0	0	yes	881	Soundness	-	thm:tableau-soundness	thm#1; label=thm:tableau-soundness	53	56	241	1726	missing	no_native_match_found	-	-	No active declaration was found for this source unit.
first-order-logic/tableaux/soundness.tex	first-order-logic	unit	prob#1	selected	first-order-logic;propositional-logic	first-order-logic/tableaux/tableaux.tex	0	0	yes	881	Soundness	-	-	prob#1	193	195	241	1726	missing	no_native_match_found	-	-	No active declaration was found for this source unit.
first-order-logic/tableaux/soundness.tex	first-order-logic	unit	prob#2	selected	first-order-logic;propositional-logic	first-order-logic/tableaux/tableaux.tex	0	0	yes	881	Soundness	-	-	prob#2	199	201	241	1726	missing	no_native_match_found	-	-	No active declaration was found for this source unit.
first-order-logic/tableaux/soundness.tex	first-order-logic	unit	cor#1; label=cor:weak-soundness	selected	first-order-logic;propositional-logic	first-order-logic/tableaux/tableaux.tex	0	0	yes	881	Soundness	-	cor:weak-soundness	cor#1; label=cor:weak-soundness	204	207	241	1726	missing	no_native_match_found	-	-	No active declaration was found for this source unit.
first-order-logic/tableaux/soundness.tex	first-order-logic	unit	cor#2; label=cor:entailment-soundness	selected	first-order-logic;propositional-logic	first-order-logic/tableaux/tableaux.tex	0	0	yes	881	Soundness	-	cor:entailment-soundness	cor#2; label=cor:entailment-soundness	209	212	241	1726	missing	no_native_match_found	-	-	No active declaration was found for this source unit.
first-order-logic/tableaux/soundness.tex	first-order-logic	unit	cor#3; label=cor:consistency-soundness	selected	first-order-logic;propositional-logic	first-order-logic/tableaux/tableaux.tex	0	0	yes	881	Soundness	-	cor:consistency-soundness	cor#3; label=cor:consistency-soundness	225	228	241	1726	missing	no_native_match_found	-	-	No active declaration was found for this source unit.
first-order-logic/tableaux/tableaux.tex	first-order-logic	chapter	section	selected	first-order-logic;propositional-logic	first-order-logic/first-order-logic.tex;propositional-logic/propositional-logic.tex	13	0	yes	27	fol;pl	editorial=1	-	-	1	54	55	103	structural_container	aggregator	-	-	Aggregator/editorial import container; child source files are audited separately.
proof-theory/cut-elimination/ce-largest.tex	proof-theory	section	section	orphan_or_unselected	-	proof-theory/cut-elimination/cut-elimination.tex	0	0	yes	1281	Removing Largest Cuts	thm=1;lem=2;prob=1;proof=3	lem:inv-G3c-cut;lem:max-cut-red-G3c;thm:cut-elim-G3c-largest	thm:_#thm:cut-elim-G3c-largest;lem:_#lem:inv-G3c-cut;lem:_#lem:max-cut-red-G3c	1	340	340	2360	missing	no_native_match_found	-	-	No active FormalOLP declaration was found for this substantive source section.
proof-theory/cut-elimination/ce-largest.tex	proof-theory	unit	lem#1; label=lem:inv-G3c-cut	orphan_or_unselected	-	proof-theory/cut-elimination/cut-elimination.tex	0	0	yes	1281	Removing Largest Cuts	-	lem:inv-G3c-cut	lem#1; label=lem:inv-G3c-cut	23	32	340	2360	missing	no_native_match_found	-	-	No active declaration was found for this source unit.
proof-theory/cut-elimination/ce-largest.tex	proof-theory	unit	lem#2; label=lem:max-cut-red-G3c	orphan_or_unselected	-	proof-theory/cut-elimination/cut-elimination.tex	0	0	yes	1281	Removing Largest Cuts	-	lem:max-cut-red-G3c	lem#2; label=lem:max-cut-red-G3c	96	101	340	2360	missing	no_native_match_found	-	-	No active declaration was found for this source unit.
proof-theory/cut-elimination/ce-largest.tex	proof-theory	unit	prob#1	orphan_or_unselected	-	proof-theory/cut-elimination/cut-elimination.tex	0	0	yes	1281	Removing Largest Cuts	-	-	prob#1	285	303	340	2360	missing	no_native_match_found	-	-	No active declaration was found for this source unit.
proof-theory/cut-elimination/ce-largest.tex	proof-theory	unit	prob#2	orphan_or_unselected	-	proof-theory/cut-elimination/cut-elimination.tex	0	0	yes	1281	Removing Largest Cuts	-	-	prob#2	305	308	340	2360	missing	no_native_match_found	-	-	No active declaration was found for this source unit.
proof-theory/cut-elimination/ce-largest.tex	proof-theory	unit	thm#1; label=thm:cut-elim-G3c-largest	orphan_or_unselected	-	proof-theory/cut-elimination/cut-elimination.tex	0	0	yes	1281	Removing Largest Cuts	-	thm:cut-elim-G3c-largest	thm#1; label=thm:cut-elim-G3c-largest	317	319	340	2360	missing	no_native_match_found	-	-	No active declaration was found for this source unit.
proof-theory/cut-elimination/ce-topmost.tex	proof-theory	section	section	orphan_or_unselected	-	proof-theory/cut-elimination/cut-elimination.tex	0	0	yes	1708	Removing Topmost Cuts;Case A:;Case B:;Cases C and D: Permuting cuts.;Case C:;Case D:;Case E: Reducing cuts.	defn=1;thm=1;lem=1;prob=4;proof=2	lem:cut-adm-G3c;thm:cut-elim-G3c-topmost	thm:_#thm:cut-elim-G3c-topmost;lem:_#lem:cut-adm-G3c	1	643	643	3534	missing	no_native_match_found	-	-	No active FormalOLP declaration was found for this substantive source section.
proof-theory/cut-elimination/ce-topmost.tex	proof-theory	unit	defn#1	orphan_or_unselected	-	proof-theory/cut-elimination/cut-elimination.tex	0	0	yes	1708	Removing Topmost Cuts;Case A:;Case B:;Cases C and D: Permuting cuts.;Case C:;Case D:;Case E: Reducing cuts.	-	-	defn#1	13	29	643	3534	missing	no_native_match_found	-	-	No active declaration was found for this source unit.
proof-theory/cut-elimination/ce-topmost.tex	proof-theory	unit	lem#1; label=lem:cut-adm-G3c	orphan_or_unselected	-	proof-theory/cut-elimination/cut-elimination.tex	0	0	yes	1708	Removing Topmost Cuts;Case A:;Case B:;Cases C and D: Permuting cuts.;Case C:;Case D:;Case E: Reducing cuts.	-	lem:cut-adm-G3c	lem#1; label=lem:cut-adm-G3c	31	35	643	3534	missing	no_native_match_found	-	-	No active declaration was found for this source unit.
proof-theory/cut-elimination/ce-topmost.tex	proof-theory	unit	prob#1	orphan_or_unselected	-	proof-theory/cut-elimination/cut-elimination.tex	0	0	yes	1708	Removing Topmost Cuts;Case A:;Case B:;Cases C and D: Permuting cuts.;Case C:;Case D:;Case E: Reducing cuts.	-	-	prob#1	569	574	643	3534	missing	no_native_match_found	-	-	No active declaration was found for this source unit.
proof-theory/cut-elimination/ce-topmost.tex	proof-theory	unit	prob#2	orphan_or_unselected	-	proof-theory/cut-elimination/cut-elimination.tex	0	0	yes	1708	Removing Topmost Cuts;Case A:;Case B:;Cases C and D: Permuting cuts.;Case C:;Case D:;Case E: Reducing cuts.	-	-	prob#2	576	580	643	3534	missing	no_native_match_found	-	-	No active declaration was found for this source unit.
proof-theory/cut-elimination/ce-topmost.tex	proof-theory	unit	prob#3	orphan_or_unselected	-	proof-theory/cut-elimination/cut-elimination.tex	0	0	yes	1708	Removing Topmost Cuts;Case A:;Case B:;Cases C and D: Permuting cuts.;Case C:;Case D:;Case E: Reducing cuts.	-	-	prob#3	582	586	643	3534	missing	no_native_match_found	-	-	No active declaration was found for this source unit.
proof-theory/cut-elimination/ce-topmost.tex	proof-theory	unit	prob#4	orphan_or_unselected	-	proof-theory/cut-elimination/cut-elimination.tex	0	0	yes	1708	Removing Topmost Cuts;Case A:;Case B:;Cases C and D: Permuting cuts.;Case C:;Case D:;Case E: Reducing cuts.	-	-	prob#4	588	592	643	3534	missing	no_native_match_found	-	-	No active declaration was found for this source unit.
proof-theory/cut-elimination/ce-topmost.tex	proof-theory	unit	thm#1; label=thm:cut-elim-G3c-topmost	orphan_or_unselected	-	proof-theory/cut-elimination/cut-elimination.tex	0	0	yes	1708	Removing Topmost Cuts;Case A:;Case B:;Cases C and D: Permuting cuts.;Case C:;Case D:;Case E: Reducing cuts.	-	thm:cut-elim-G3c-topmost	thm#1; label=thm:cut-elim-G3c-topmost	628	630	643	3534	missing	no_native_match_found	-	-	No active declaration was found for this source unit.
proof-theory/cut-elimination/cut-elimination.tex	proof-theory	chapter	section	orphan_or_unselected	-	proof-theory/proof-theory.tex	5	0	no	3	pt	-	-	-	1	18	19	34	structural_container	aggregator	-	-	Aggregator/editorial import container; child source files are audited separately.
proof-theory/cut-elimination/interpolation.tex	proof-theory	section	section	orphan_or_unselected	-	proof-theory/cut-elimination/cut-elimination.tex	0	0	yes	1771	Maehara's Lemma and Craig's Interpolation Theorem	thm=2;lem=2;prob=1;proof=4	thm:interpolation;lem:maehara	thm:Craig's Interpolation Theorem#thm:interpolation;thm:Robinson's Joint Consistency Theorem;lem:Maehara's Lemma#lem:maehara;lem:Beth Definability Theorem	1	594	595	3824	missing	no_native_match_found	-	-	No active FormalOLP declaration was found for this substantive source section.
proof-theory/cut-elimination/interpolation.tex	proof-theory	unit	thm#1; label=thm:interpolation	orphan_or_unselected	-	proof-theory/cut-elimination/cut-elimination.tex	0	0	yes	1771	Maehara's Lemma and Craig's Interpolation Theorem	-	thm:interpolation	thm#1; label=thm:interpolation	42	48	595	3824	missing	no_native_match_found	-	-	No active declaration was found for this source unit.
proof-theory/cut-elimination/interpolation.tex	proof-theory	unit	lem#1; label=lem:maehara	orphan_or_unselected	-	proof-theory/cut-elimination/cut-elimination.tex	0	0	yes	1771	Maehara's Lemma and Craig's Interpolation Theorem	-	lem:maehara	lem#1; label=lem:maehara	59	66	595	3824	missing	no_native_match_found	-	-	No active declaration was found for this source unit.
proof-theory/cut-elimination/interpolation.tex	proof-theory	unit	prob#1	orphan_or_unselected	-	proof-theory/cut-elimination/cut-elimination.tex	0	0	yes	1771	Maehara's Lemma and Craig's Interpolation Theorem	-	-	prob#1	466	482	595	3824	missing	no_native_match_found	-	-	No active declaration was found for this source unit.
proof-theory/cut-elimination/interpolation.tex	proof-theory	unit	lem#2	orphan_or_unselected	-	proof-theory/cut-elimination/cut-elimination.tex	0	0	yes	1771	Maehara's Lemma and Craig's Interpolation Theorem	-	-	lem#2	512	514	595	3824	missing	no_native_match_found	-	-	No active declaration was found for this source unit.
proof-theory/cut-elimination/interpolation.tex	proof-theory	unit	thm#2	orphan_or_unselected	-	proof-theory/cut-elimination/cut-elimination.tex	0	0	yes	1771	Maehara's Lemma and Craig's Interpolation Theorem	-	-	thm#2	572	577	595	3824	missing	no_native_match_found	-	-	No active declaration was found for this source unit.
proof-theory/cut-elimination/introduction.tex	proof-theory	section	section	orphan_or_unselected	-	proof-theory/cut-elimination/cut-elimination.tex	0	0	yes	686	Introduction	-	-	-	1	109	110	869	missing	no_native_match_found	-	-	No active FormalOLP declaration was found for this substantive source section.
proof-theory/cut-elimination/intuitionistic.tex	proof-theory	aggregate	section	orphan_or_unselected	-	-	0	0	yes	75	-	-	-	-	1	71	71	290	missing	no_native_match_found	-	-	No active FormalOLP declaration was found for this substantive source section.
proof-theory/cut-elimination/midsequent.tex	proof-theory	section	section	orphan_or_unselected	-	proof-theory/cut-elimination/cut-elimination.tex	0	0	yes	1042	The Midsequent Theorem and Herbrand's Theorem	thm=2;prob=1;proof=2	thm:midsequent	thm:Herbrand's Theorem;thm:Midsequent Theorem#thm:midsequent	1	255	255	1884	missing	no_native_match_found	-	-	No active FormalOLP declaration was found for this substantive source section.
proof-theory/cut-elimination/midsequent.tex	proof-theory	unit	thm#1	orphan_or_unselected	-	proof-theory/cut-elimination/cut-elimination.tex	0	0	yes	1042	The Midsequent Theorem and Herbrand's Theorem	-	-	thm#1	30	34	255	1884	missing	no_native_match_found	-	-	No active declaration was found for this source unit.
proof-theory/cut-elimination/midsequent.tex	proof-theory	unit	thm#2; label=thm:midsequent	orphan_or_unselected	-	proof-theory/cut-elimination/cut-elimination.tex	0	0	yes	1042	The Midsequent Theorem and Herbrand's Theorem	-	thm:midsequent	thm#2; label=thm:midsequent	93	99	255	1884	missing	no_native_match_found	-	-	No active declaration was found for this source unit.
proof-theory/cut-elimination/midsequent.tex	proof-theory	unit	prob#1	orphan_or_unselected	-	proof-theory/cut-elimination/cut-elimination.tex	0	0	yes	1042	The Midsequent Theorem and Herbrand's Theorem	-	-	prob#1	225	229	255	1884	missing	no_native_match_found	-	-	No active declaration was found for this source unit.
proof-theory/cut-elimination/midsequent.tex	proof-theory	unit	prob#2	orphan_or_unselected	-	proof-theory/cut-elimination/cut-elimination.tex	0	0	yes	1042	The Midsequent Theorem and Herbrand's Theorem	-	-	prob#2	247	253	255	1884	missing	no_native_match_found	-	-	No active declaration was found for this source unit.
proof-theory/natural-deduction/grafting.tex	proof-theory	section	section	orphan_or_unselected	-	proof-theory/natural-deduction/natural-deduction.tex	0	0	yes	296	Grafting \usetoken{P	defn=2;prop=1;proof=1	-	-	1	84	84	504	missing	no_native_match_found	-	-	No active FormalOLP declaration was found for this substantive source section.
proof-theory/natural-deduction/grafting.tex	proof-theory	unit	defn#1	orphan_or_unselected	-	proof-theory/natural-deduction/natural-deduction.tex	0	0	yes	296	Grafting \usetoken{P	-	-	defn#1	42	48	84	504	missing	no_native_match_found	-	-	No active declaration was found for this source unit.
proof-theory/natural-deduction/grafting.tex	proof-theory	unit	defn#2	orphan_or_unselected	-	proof-theory/natural-deduction/natural-deduction.tex	0	0	yes	296	Grafting \usetoken{P	-	-	defn#2	63	70	84	504	missing	no_native_match_found	-	-	No active declaration was found for this source unit.
proof-theory/natural-deduction/grafting.tex	proof-theory	unit	prop#1	orphan_or_unselected	-	proof-theory/natural-deduction/natural-deduction.tex	0	0	yes	296	Grafting \usetoken{P	-	-	prop#1	72	77	84	504	missing	no_native_match_found	-	-	No active declaration was found for this source unit.
proof-theory/natural-deduction/introduction.tex	proof-theory	section	section	orphan_or_unselected	-	proof-theory/natural-deduction/natural-deduction.tex	0	0	yes	620	Introduction	-	-	-	1	111	112	864	missing	no_native_match_found	-	-	No active FormalOLP declaration was found for this substantive source section.
proof-theory/natural-deduction/natural-deduction.tex	proof-theory	chapter	section	orphan_or_unselected	-	proof-theory/proof-theory.tex	7	0	no	3	pt	-	-	-	1	20	21	39	structural_container	aggregator	-	-	Aggregator/editorial import container; child source files are audited separately.
proof-theory/natural-deduction/quantifiers.tex	proof-theory	section	section	orphan_or_unselected	-	proof-theory/natural-deduction/natural-deduction.tex	0	0	yes	593	Regular \usetoken{P	defn=1;prop=1;lem=1;prob=1;proof=2	lem:subst-regular;prop:regular	prop:_#prop:regular;lem:_#lem:subst-regular	1	192	192	1077	missing	no_native_match_found	-	-	No active FormalOLP declaration was found for this substantive source section.
proof-theory/natural-deduction/quantifiers.tex	proof-theory	unit	defn#1	orphan_or_unselected	-	proof-theory/natural-deduction/natural-deduction.tex	0	0	yes	593	Regular \usetoken{P	-	-	defn#1	19	28	192	1077	missing	no_native_match_found	-	-	No active declaration was found for this source unit.
proof-theory/natural-deduction/quantifiers.tex	proof-theory	unit	lem#1; label=lem:subst-regular	orphan_or_unselected	-	proof-theory/natural-deduction/natural-deduction.tex	0	0	yes	593	Regular \usetoken{P	-	lem:subst-regular	lem#1; label=lem:subst-regular	30	38	192	1077	missing	no_native_match_found	-	-	No active declaration was found for this source unit.
proof-theory/natural-deduction/quantifiers.tex	proof-theory	unit	prop#1; label=prop:regular	orphan_or_unselected	-	proof-theory/natural-deduction/natural-deduction.tex	0	0	yes	593	Regular \usetoken{P	-	prop:regular	prop#1; label=prop:regular	129	134	192	1077	missing	no_native_match_found	-	-	No active declaration was found for this source unit.
proof-theory/natural-deduction/quantifiers.tex	proof-theory	unit	prob#1	orphan_or_unselected	-	proof-theory/natural-deduction/natural-deduction.tex	0	0	yes	593	Regular \usetoken{P	-	-	prob#1	180	183	192	1077	missing	no_native_match_found	-	-	No active declaration was found for this source unit.
proof-theory/natural-deduction/rules-N1.tex	proof-theory	aggregate	section	orphan_or_unselected	-	-	0	0	yes	31	-	table=1	tab:N1	-	1	135	135	325	missing	no_native_match_found	-	-	No active FormalOLP declaration was found for this substantive source section.
proof-theory/natural-deduction/rules-N2.tex	proof-theory	aggregate	section	orphan_or_unselected	-	-	0	0	yes	37	-	table=1	tab:N2	-	1	111	111	386	proved_weaker	manual_fragment_match	FormalOLP/ProofTheory/NaturalDeduction.lean	FormalOLP/ProofTheory/NaturalDeduction.lean:31-56	The propositional N2c constructors are native, including classical raa; quantifier rules and the full labelled-sequent presentation are absent.
proof-theory/natural-deduction/rules-proofs.tex	proof-theory	section	section	orphan_or_unselected	-	proof-theory/natural-deduction/natural-deduction.tex	0	0	yes	943	Rules and \usetoken{P	defn=2;ex=1	defn:proof;defn:prf:assumption;defn:prf:one-prem	defn:_#defn:proof,defn:prf:assumption,defn:prf:one-prem	1	293	293	1650	proved_weaker	manual_fragment_match	FormalOLP/ProofTheory/NaturalDeduction.lean	FormalOLP/ProofTheory/NaturalDeduction.lean:31-56,78-244	Derivation, weakening, finite support, and soundness cover the propositional proof object, not the source quantifier calculus.
proof-theory/natural-deduction/rules-proofs.tex	proof-theory	unit	defn#1; label=defn:proof	orphan_or_unselected	-	proof-theory/natural-deduction/natural-deduction.tex	0	0	yes	943	Rules and \usetoken{P	-	defn:proof	defn#1; label=defn:proof	140	197	293	1650	proved_weaker	manual_fragment_match	FormalOLP/ProofTheory/NaturalDeduction.lean	FormalOLP/ProofTheory/NaturalDeduction.lean:31-56	Native propositional derivation tree is analogous, but the source calculus includes a different presentation and quantifier scope.
proof-theory/natural-deduction/rules-proofs.tex	proof-theory	unit	defn#2	orphan_or_unselected	-	proof-theory/natural-deduction/natural-deduction.tex	0	0	yes	943	Rules and \usetoken{P	-	-	defn#2	207	222	293	1650	missing	no_native_match_found	-	-	Source proof example/exercise or additional definition is not separately declared.
proof-theory/natural-deduction/rules-proofs.tex	proof-theory	unit	ex#1	orphan_or_unselected	-	proof-theory/natural-deduction/natural-deduction.tex	0	0	yes	943	Rules and \usetoken{P	-	-	ex#1	224	291	293	1650	missing	no_native_match_found	-	-	Source proof example/exercise or additional definition is not separately declared.
proof-theory/natural-deduction/sequents.tex	proof-theory	section	section	orphan_or_unselected	-	proof-theory/natural-deduction/natural-deduction.tex	0	0	yes	488	Natural Deduction with Sequents: \Log{N2c	prop=2;proof=2	-	-	1	161	161	885	missing	no_native_match_found	-	-	No active FormalOLP declaration was found for this substantive source section.
proof-theory/natural-deduction/sequents.tex	proof-theory	unit	prop#1	orphan_or_unselected	-	proof-theory/natural-deduction/natural-deduction.tex	0	0	yes	488	Natural Deduction with Sequents: \Log{N2c	-	-	prop#1	47	52	161	885	missing	no_native_match_found	-	-	No active declaration was found for this source unit.
proof-theory/natural-deduction/sequents.tex	proof-theory	unit	prop#2	orphan_or_unselected	-	proof-theory/natural-deduction/natural-deduction.tex	0	0	yes	488	Natural Deduction with Sequents: \Log{N2c	-	-	prop#2	105	110	161	885	missing	no_native_match_found	-	-	No active declaration was found for this source unit.
proof-theory/natural-deduction/translation-G2i.tex	proof-theory	section	section	orphan_or_unselected	-	proof-theory/natural-deduction/natural-deduction.tex	0	0	yes	574	Translating from \Log{G2i	prop=1;proof=1	prop:G2i-to-N2i	prop:_#prop:G2i-to-N2i	1	206	206	1218	missing	no_native_match_found	-	-	No active FormalOLP declaration was found for this substantive source section.
proof-theory/natural-deduction/translation-G2i.tex	proof-theory	unit	prop#1; label=prop:G2i-to-N2i	orphan_or_unselected	-	proof-theory/natural-deduction/natural-deduction.tex	0	0	yes	574	Translating from \Log{G2i	-	prop:G2i-to-N2i	prop#1; label=prop:G2i-to-N2i	22	27	206	1218	missing	no_native_match_found	-	-	No active declaration was found for this source unit.
proof-theory/natural-deduction/translation-N2i.tex	proof-theory	section	section	orphan_or_unselected	-	proof-theory/natural-deduction/natural-deduction.tex	0	0	yes	240	Translating from \Log{N2	prop=1;proof=1	prop:N2-to-G2	prop:_#prop:N2-to-G2	1	124	124	597	missing	no_native_match_found	-	-	No active FormalOLP declaration was found for this substantive source section.
proof-theory/natural-deduction/translation-N2i.tex	proof-theory	unit	prop#1; label=prop:N2-to-G2	orphan_or_unselected	-	proof-theory/natural-deduction/natural-deduction.tex	0	0	yes	240	Translating from \Log{N2	-	prop:N2-to-G2	prop#1; label=prop:N2-to-G2	13	18	124	597	missing	no_native_match_found	-	-	No active declaration was found for this source unit.
proof-theory/normalization/introduction.tex	proof-theory	section	section	orphan_or_unselected	-	proof-theory/normalization/normalization.tex	0	0	yes	275	Introduction	-	-	-	1	60	61	383	missing	no_native_match_found	-	-	No active FormalOLP declaration was found for this substantive source section.
proof-theory/normalization/normalization-thm.tex	proof-theory	section	section	orphan_or_unselected	-	proof-theory/normalization/normalization.tex	0	0	yes	261	The Normalization Theorem	thm=2;proof=1	thm:normalization;thm:normalization-N2i	thm:_#thm:normalization;thm:_#thm:normalization-N2i	1	57	58	355	missing	no_native_match_found	-	-	No active FormalOLP declaration was found for this substantive source section.
proof-theory/normalization/normalization-thm.tex	proof-theory	unit	thm#1; label=thm:normalization	orphan_or_unselected	-	proof-theory/normalization/normalization.tex	0	0	yes	261	The Normalization Theorem	-	thm:normalization	thm#1; label=thm:normalization	20	23	58	355	missing	no_native_match_found	-	-	No active declaration was found for this source unit.
proof-theory/normalization/normalization-thm.tex	proof-theory	unit	thm#2; label=thm:normalization-N2i	orphan_or_unselected	-	proof-theory/normalization/normalization.tex	0	0	yes	261	The Normalization Theorem	-	thm:normalization-N2i	thm#2; label=thm:normalization-N2i	52	55	58	355	missing	no_native_match_found	-	-	No active declaration was found for this source unit.
proof-theory/normalization/normalization.tex	proof-theory	chapter	section	orphan_or_unselected	-	proof-theory/proof-theory.tex	6	0	no	2	pt	-	-	-	1	19	20	33	structural_container	aggregator	-	-	Aggregator/editorial import container; child source files are audited separately.
proof-theory/normalization/permutations.tex	proof-theory	section	section	orphan_or_unselected	-	proof-theory/normalization/normalization.tex	0	0	yes	583	Permutation Conversions	prob=3	tab:permutation-conversions	-	1	425	426	1678	missing	no_native_match_found	-	-	No active FormalOLP declaration was found for this substantive source section.
proof-theory/normalization/permutations.tex	proof-theory	unit	prob#1	orphan_or_unselected	-	proof-theory/normalization/normalization.tex	0	0	yes	583	Permutation Conversions	-	-	prob#1	79	86	426	1678	missing	no_native_match_found	-	-	No active declaration was found for this source unit.
proof-theory/normalization/permutations.tex	proof-theory	unit	prob#2	orphan_or_unselected	-	proof-theory/normalization/normalization.tex	0	0	yes	583	Permutation Conversions	-	-	prob#2	343	346	426	1678	missing	no_native_match_found	-	-	No active declaration was found for this source unit.
proof-theory/normalization/permutations.tex	proof-theory	unit	prob#3	orphan_or_unselected	-	proof-theory/normalization/normalization.tex	0	0	yes	583	Permutation Conversions	-	-	prob#3	348	352	426	1678	missing	no_native_match_found	-	-	No active declaration was found for this source unit.
proof-theory/normalization/reductions.tex	proof-theory	section	section	orphan_or_unselected	-	proof-theory/normalization/normalization.tex	0	0	yes	749	Reduction Conversions	prob=1;table=1	tab:reduction-conversions	-	1	345	346	1413	missing	no_native_match_found	-	-	No active FormalOLP declaration was found for this substantive source section.
proof-theory/normalization/reductions.tex	proof-theory	unit	prob#1	orphan_or_unselected	-	proof-theory/normalization/normalization.tex	0	0	yes	749	Reduction Conversions	-	-	prob#1	261	264	346	1413	missing	no_native_match_found	-	-	No active declaration was found for this source unit.
proof-theory/normalization/segments.tex	proof-theory	section	section	orphan_or_unselected	-	proof-theory/normalization/normalization.tex	0	0	yes	310	Segments and Cuts	defn=3	-	-	1	107	108	594	missing	no_native_match_found	-	-	No active FormalOLP declaration was found for this substantive source section.
proof-theory/normalization/segments.tex	proof-theory	unit	defn#1	orphan_or_unselected	-	proof-theory/normalization/normalization.tex	0	0	yes	310	Segments and Cuts	-	-	defn#1	71	82	108	594	missing	no_native_match_found	-	-	No active declaration was found for this source unit.
proof-theory/normalization/segments.tex	proof-theory	unit	defn#2	orphan_or_unselected	-	proof-theory/normalization/normalization.tex	0	0	yes	310	Segments and Cuts	-	-	defn#2	87	91	108	594	missing	no_native_match_found	-	-	No active declaration was found for this source unit.
proof-theory/normalization/segments.tex	proof-theory	unit	defn#3	orphan_or_unselected	-	proof-theory/normalization/normalization.tex	0	0	yes	310	Segments and Cuts	-	-	defn#3	99	105	108	594	missing	no_native_match_found	-	-	No active declaration was found for this source unit.
proof-theory/normalization/translations.tex	proof-theory	section	section	orphan_or_unselected	-	proof-theory/normalization/normalization.tex	0	0	yes	1036	Translating Between Normal \Log{N2i	prop=1;cor=2;proof=3	prop:normal-N2i-to-G2i	prop:_#prop:normal-N2i-to-G2i	1	328	328	2000	missing	no_native_match_found	-	-	No active FormalOLP declaration was found for this substantive source section.
proof-theory/normalization/translations.tex	proof-theory	unit	cor#1	orphan_or_unselected	-	proof-theory/normalization/normalization.tex	0	0	yes	1036	Translating Between Normal \Log{N2i	-	-	cor#1	25	33	328	2000	missing	no_native_match_found	-	-	No active declaration was found for this source unit.
proof-theory/normalization/translations.tex	proof-theory	unit	prop#1; label=prop:normal-N2i-to-G2i	orphan_or_unselected	-	proof-theory/normalization/normalization.tex	0	0	yes	1036	Translating Between Normal \Log{N2i	-	prop:normal-N2i-to-G2i	prop#1; label=prop:normal-N2i-to-G2i	72	79	328	2000	missing	no_native_match_found	-	-	No active declaration was found for this source unit.
proof-theory/normalization/translations.tex	proof-theory	unit	cor#2	orphan_or_unselected	-	proof-theory/normalization/normalization.tex	0	0	yes	1036	Translating Between Normal \Log{N2i	-	-	cor#2	314	318	328	2000	missing	no_native_match_found	-	-	No active declaration was found for this source unit.
proof-theory/proof-search/completeness.tex	proof-theory	section	section	orphan_or_unselected	-	proof-theory/proof-search/proof-search.tex	0	0	yes	790	Completeness	lem=1;cor=2;proof=3	lem:truth;cor:complete	lem:_#lem:truth;cor:_#cor:complete	1	194	195	1558	missing	no_native_match_found	-	-	No active FormalOLP declaration was found for this substantive source section.
proof-theory/proof-search/completeness.tex	proof-theory	unit	lem#1; label=lem:truth	orphan_or_unselected	-	proof-theory/proof-search/proof-search.tex	0	0	yes	790	Completeness	-	lem:truth	lem#1; label=lem:truth	73	79	195	1558	missing	no_native_match_found	-	-	No active declaration was found for this source unit.
proof-theory/proof-search/completeness.tex	proof-theory	unit	cor#1; label=cor:complete	orphan_or_unselected	-	proof-theory/proof-search/proof-search.tex	0	0	yes	790	Completeness	-	cor:complete	cor#1; label=cor:complete	165	169	195	1558	missing	no_native_match_found	-	-	No active declaration was found for this source unit.
proof-theory/proof-search/completeness.tex	proof-theory	unit	cor#2	orphan_or_unselected	-	proof-theory/proof-search/proof-search.tex	0	0	yes	790	Completeness	-	-	cor#2	181	184	195	1558	missing	no_native_match_found	-	-	No active declaration was found for this source unit.
proof-theory/proof-search/introduction.tex	proof-theory	section	section	orphan_or_unselected	-	proof-theory/proof-search/proof-search.tex	0	0	yes	866	Introduction	-	-	-	1	119	120	1112	missing	no_native_match_found	-	-	No active FormalOLP declaration was found for this substantive source section.
proof-theory/proof-search/proof-search.tex	proof-theory	chapter	section	orphan_or_unselected	-	-	4	0	no	3	pt	-	-	-	1	17	18	31	structural_container	aggregator	-	-	Aggregator/editorial import container; child source files are audited separately.
proof-theory/proof-search/rules-Tc.tex	proof-theory	aggregate	section	orphan_or_unselected	-	-	0	0	yes	20	-	table=1	tab:Tc	-	1	85	85	290	missing	no_native_match_found	-	-	No active FormalOLP declaration was found for this substantive source section.
proof-theory/proof-search/search-algorithm.tex	proof-theory	section	section	orphan_or_unselected	-	proof-theory/proof-search/proof-search.tex	0	0	yes	748	Search Algorithm for \Log{G3c	prop=1	-	-	1	149	150	1131	missing	no_native_match_found	-	-	No active FormalOLP declaration was found for this substantive source section.
proof-theory/proof-search/search-algorithm.tex	proof-theory	unit	prop#1	orphan_or_unselected	-	proof-theory/proof-search/proof-search.tex	0	0	yes	748	Search Algorithm for \Log{G3c	-	-	prop#1	139	143	150	1131	missing	no_native_match_found	-	-	No active declaration was found for this source unit.
proof-theory/proof-search/tableaux.tex	proof-theory	section	section	orphan_or_unselected	-	proof-theory/proof-search/proof-search.tex	0	0	yes	718	Tableaux	-	-	-	1	198	199	1308	missing	no_native_match_found	-	-	No active FormalOLP declaration was found for this substantive source section.
proof-theory/proof-theory.tex	proof-theory	part	section	orphan_or_unselected	-	-	5	0	yes	19	pt	editorial=1	-	-	1	22	23	64	structural_container	aggregator	-	-	Aggregator/editorial import container; child source files are audited separately.
proof-theory/propositions-as-types/introduction.tex	proof-theory	section	section	orphan_or_unselected	-	proof-theory/propositions-as-types/propositions-as-types.tex	0	0	yes	565	Introduction	prooftree=1	-	-	1	142	143	938	missing	no_native_match_found	-	-	No active FormalOLP declaration was found for this substantive source section.
proof-theory/propositions-as-types/normalization.tex	proof-theory	section	section	orphan_or_unselected	-	proof-theory/propositions-as-types/propositions-as-types.tex	0	0	yes	1085	Normalization	thm=1;prop=1;lem=3;proof=5	lem:subst	prop:Weak Church-Rosser Property;lem:_#lem:subst;lem:Newman's Lemma	1	255	256	1865	missing	no_native_match_found	-	-	No active FormalOLP declaration was found for this substantive source section.
proof-theory/propositions-as-types/normalization.tex	proof-theory	unit	lem#1; label=lem:subst	orphan_or_unselected	-	proof-theory/propositions-as-types/propositions-as-types.tex	0	0	yes	1085	Normalization	-	lem:subst	lem#1; label=lem:subst	47	61	256	1865	missing	no_native_match_found	-	-	No active declaration was found for this source unit.
proof-theory/propositions-as-types/normalization.tex	proof-theory	unit	lem#2	orphan_or_unselected	-	proof-theory/propositions-as-types/propositions-as-types.tex	0	0	yes	1085	Normalization	-	-	lem#2	92	96	256	1865	missing	no_native_match_found	-	-	No active declaration was found for this source unit.
proof-theory/propositions-as-types/normalization.tex	proof-theory	unit	thm#1	orphan_or_unselected	-	proof-theory/propositions-as-types/propositions-as-types.tex	0	0	yes	1085	Normalization	-	-	thm#1	127	130	256	1865	missing	no_native_match_found	-	-	No active declaration was found for this source unit.
proof-theory/propositions-as-types/normalization.tex	proof-theory	unit	prop#1	orphan_or_unselected	-	proof-theory/propositions-as-types/propositions-as-types.tex	0	0	yes	1085	Normalization	-	-	prop#1	201	204	256	1865	missing	no_native_match_found	-	-	No active declaration was found for this source unit.
proof-theory/propositions-as-types/normalization.tex	proof-theory	unit	lem#3	orphan_or_unselected	-	proof-theory/propositions-as-types/propositions-as-types.tex	0	0	yes	1085	Normalization	-	-	lem#3	225	228	256	1865	missing	no_native_match_found	-	-	No active declaration was found for this source unit.
proof-theory/propositions-as-types/proof-terms.tex	proof-theory	section	section	orphan_or_unselected	-	proof-theory/propositions-as-types/propositions-as-types.tex	0	0	yes	601	Proof Terms	defn=1	-	-	1	132	133	1011	missing	no_native_match_found	-	-	No active FormalOLP declaration was found for this substantive source section.
proof-theory/propositions-as-types/proof-terms.tex	proof-theory	unit	defn#1	orphan_or_unselected	-	proof-theory/propositions-as-types/propositions-as-types.tex	0	0	yes	601	Proof Terms	-	-	defn#1	100	120	133	1011	missing	no_native_match_found	-	-	No active declaration was found for this source unit.
proof-theory/propositions-as-types/proofs-to-terms.tex	proof-theory	section	section	orphan_or_unselected	-	proof-theory/propositions-as-types/propositions-as-types.tex	0	0	yes	219	Converting \usetoken{P	prop=1;ex=1;proof=1	-	-	1	96	97	571	missing	no_native_match_found	-	-	No active FormalOLP declaration was found for this substantive source section.
proof-theory/propositions-as-types/proofs-to-terms.tex	proof-theory	unit	prop#1	orphan_or_unselected	-	proof-theory/propositions-as-types/propositions-as-types.tex	0	0	yes	219	Converting \usetoken{P	-	-	prop#1	22	26	97	571	missing	no_native_match_found	-	-	No active declaration was found for this source unit.
proof-theory/propositions-as-types/proofs-to-terms.tex	proof-theory	unit	ex#1	orphan_or_unselected	-	proof-theory/propositions-as-types/propositions-as-types.tex	0	0	yes	219	Converting \usetoken{P	-	-	ex#1	38	93	97	571	missing	no_native_match_found	-	-	No active declaration was found for this source unit.
proof-theory/propositions-as-types/propositions-as-types.tex	proof-theory	chapter	section	orphan_or_unselected	-	proof-theory/proof-theory.tex	8	1	yes	76	int	editorial=1	-	-	1	33	34	132	structural_container	aggregator	-	-	Aggregator/editorial import container; child source files are audited separately.
proof-theory/propositions-as-types/reduction.tex	proof-theory	section	section	orphan_or_unselected	-	proof-theory/propositions-as-types/propositions-as-types.tex	0	0	yes	412	Reduction	-	-	-	1	197	198	893	missing	no_native_match_found	-	-	No active FormalOLP declaration was found for this substantive source section.
proof-theory/propositions-as-types/rules-tN2.tex	proof-theory	aggregate	section	orphan_or_unselected	-	-	0	0	yes	10	-	table=1	tab:tN2ip	-	1	72	72	292	missing	no_native_match_found	-	-	No active FormalOLP declaration was found for this substantive source section.
proof-theory/propositions-as-types/rules-tN3.tex	proof-theory	aggregate	section	orphan_or_unselected	-	-	0	0	yes	16	-	table=1	tab:tN3ip	-	1	73	73	298	missing	no_native_match_found	-	-	No active FormalOLP declaration was found for this substantive source section.
proof-theory/propositions-as-types/sequent-natural-deduction.tex	proof-theory	section	section	orphan_or_unselected	-	-	0	0	yes	202	Sequent Natural Deduction	prooftree=4	-	-	1	128	129	589	missing	no_native_match_found	-	-	No active FormalOLP declaration was found for this substantive source section.
proof-theory/propositions-as-types/terms-to-proofs.tex	proof-theory	section	section	orphan_or_unselected	-	proof-theory/propositions-as-types/propositions-as-types.tex	0	0	yes	242	Recovering \usetoken{P	-	-	-	1	97	98	663	missing	no_native_match_found	-	-	No active FormalOLP declaration was found for this substantive source section.
proof-theory/propositions-as-types/type-preservation.tex	proof-theory	section	section	orphan_or_unselected	-	proof-theory/propositions-as-types/propositions-as-types.tex	0	0	yes	374	Type Preservation	prop=1;proof=1	-	-	1	114	115	705	missing	no_native_match_found	-	-	No active FormalOLP declaration was found for this substantive source section.
proof-theory/propositions-as-types/type-preservation.tex	proof-theory	unit	prop#1	orphan_or_unselected	-	proof-theory/propositions-as-types/propositions-as-types.tex	0	0	yes	374	Type Preservation	-	-	prop#1	24	27	115	705	missing	no_native_match_found	-	-	No active declaration was found for this source unit.
proof-theory/propositions-as-types/types.tex	proof-theory	section	section	orphan_or_unselected	-	proof-theory/propositions-as-types/propositions-as-types.tex	0	0	yes	552	Types	defn=2;prop=1;proof=1	defn:type	defn:_#defn:type	1	110	111	923	missing	no_native_match_found	-	-	No active FormalOLP declaration was found for this substantive source section.
proof-theory/propositions-as-types/types.tex	proof-theory	unit	defn#1	orphan_or_unselected	-	proof-theory/propositions-as-types/propositions-as-types.tex	0	0	yes	552	Types	-	-	defn#1	19	22	111	923	missing	no_native_match_found	-	-	No active declaration was found for this source unit.
proof-theory/propositions-as-types/types.tex	proof-theory	unit	defn#2; label=defn:type	orphan_or_unselected	-	proof-theory/propositions-as-types/propositions-as-types.tex	0	0	yes	552	Types	-	defn:type	defn#2; label=defn:type	28	48	111	923	missing	no_native_match_found	-	-	No active declaration was found for this source unit.
proof-theory/propositions-as-types/types.tex	proof-theory	unit	prop#1	orphan_or_unselected	-	proof-theory/propositions-as-types/propositions-as-types.tex	0	0	yes	552	Types	-	-	prop#1	50	54	111	923	missing	no_native_match_found	-	-	No active declaration was found for this source unit.
proof-theory/sequent-calculus/admissible-derivable.tex	proof-theory	section	section	orphan_or_unselected	-	proof-theory/sequent-calculus/sequent-calculus.tex	0	0	yes	851	Admissible and Derivable Rules	defn=3;prop=2;ex=2;prob=2;proof=2	ex:land-deriv;prop:lor-G3-adm;ex:weak-adm;prop:weak-G3c-adm	prop:_#prop:lor-G3-adm;prop:_#prop:weak-G3c-adm;ex:_#ex:land-deriv;ex:_#ex:weak-adm	1	262	262	1591	missing	no_native_match_found	-	-	No active FormalOLP declaration was found for this substantive source section.
proof-theory/sequent-calculus/admissible-derivable.tex	proof-theory	unit	defn#1	orphan_or_unselected	-	proof-theory/sequent-calculus/sequent-calculus.tex	0	0	yes	851	Admissible and Derivable Rules	-	-	defn#1	21	25	262	1591	missing	no_native_match_found	-	-	No active declaration was found for this source unit.
proof-theory/sequent-calculus/admissible-derivable.tex	proof-theory	unit	ex#1; label=ex:land-deriv	orphan_or_unselected	-	proof-theory/sequent-calculus/sequent-calculus.tex	0	0	yes	851	Admissible and Derivable Rules	-	ex:land-deriv	ex#1; label=ex:land-deriv	27	65	262	1591	missing	no_native_match_found	-	-	No active declaration was found for this source unit.
proof-theory/sequent-calculus/admissible-derivable.tex	proof-theory	unit	defn#2	orphan_or_unselected	-	proof-theory/sequent-calculus/sequent-calculus.tex	0	0	yes	851	Admissible and Derivable Rules	-	-	defn#2	72	85	262	1591	missing	no_native_match_found	-	-	No active declaration was found for this source unit.
proof-theory/sequent-calculus/admissible-derivable.tex	proof-theory	unit	prop#1; label=prop:lor-G3-adm	orphan_or_unselected	-	proof-theory/sequent-calculus/sequent-calculus.tex	0	0	yes	851	Admissible and Derivable Rules	-	prop:lor-G3-adm	prop#1; label=prop:lor-G3-adm	93	96	262	1591	missing	no_native_match_found	-	-	No active declaration was found for this source unit.
proof-theory/sequent-calculus/admissible-derivable.tex	proof-theory	unit	prob#1	orphan_or_unselected	-	proof-theory/sequent-calculus/sequent-calculus.tex	0	0	yes	851	Admissible and Derivable Rules	-	-	prob#1	103	106	262	1591	missing	no_native_match_found	-	-	No active declaration was found for this source unit.
proof-theory/sequent-calculus/admissible-derivable.tex	proof-theory	unit	prob#2	orphan_or_unselected	-	proof-theory/sequent-calculus/sequent-calculus.tex	0	0	yes	851	Admissible and Derivable Rules	-	-	prob#2	108	125	262	1591	missing	no_native_match_found	-	-	No active declaration was found for this source unit.
proof-theory/sequent-calculus/admissible-derivable.tex	proof-theory	unit	ex#2; label=ex:weak-adm	orphan_or_unselected	-	proof-theory/sequent-calculus/sequent-calculus.tex	0	0	yes	851	Admissible and Derivable Rules	-	ex:weak-adm	ex#2; label=ex:weak-adm	128	166	262	1591	missing	no_native_match_found	-	-	No active declaration was found for this source unit.
proof-theory/sequent-calculus/admissible-derivable.tex	proof-theory	unit	defn#3	orphan_or_unselected	-	proof-theory/sequent-calculus/sequent-calculus.tex	0	0	yes	851	Admissible and Derivable Rules	-	-	defn#3	175	189	262	1591	missing	no_native_match_found	-	-	No active declaration was found for this source unit.
proof-theory/sequent-calculus/admissible-derivable.tex	proof-theory	unit	prop#2; label=prop:weak-G3c-adm	orphan_or_unselected	-	proof-theory/sequent-calculus/sequent-calculus.tex	0	0	yes	851	Admissible and Derivable Rules	-	prop:weak-G3c-adm	prop#2; label=prop:weak-G3c-adm	201	204	262	1591	missing	no_native_match_found	-	-	No active declaration was found for this source unit.
proof-theory/sequent-calculus/interpretation-rules.tex	proof-theory	section	section	orphan_or_unselected	-	proof-theory/sequent-calculus/sequent-calculus.tex	0	0	yes	702	Interpretation of Rules	prob=1	-	-	1	144	144	1117	missing	no_native_match_found	-	-	No active FormalOLP declaration was found for this substantive source section.
proof-theory/sequent-calculus/interpretation-rules.tex	proof-theory	unit	prob#1	orphan_or_unselected	-	proof-theory/sequent-calculus/sequent-calculus.tex	0	0	yes	702	Interpretation of Rules	-	-	prob#1	59	66	144	1117	missing	no_native_match_found	-	-	No active declaration was found for this source unit.
proof-theory/sequent-calculus/introduction.tex	proof-theory	section	section	orphan_or_unselected	-	proof-theory/sequent-calculus/sequent-calculus.tex	0	0	yes	741	Introduction	defn=1	-	defn:Sequent	1	129	130	1027	missing	no_native_match_found	-	-	No active FormalOLP declaration was found for this substantive source section.
proof-theory/sequent-calculus/introduction.tex	proof-theory	unit	defn#1	orphan_or_unselected	-	proof-theory/sequent-calculus/sequent-calculus.tex	0	0	yes	741	Introduction	-	-	defn#1	38	46	130	1027	missing	no_native_match_found	-	-	No active declaration was found for this source unit.
proof-theory/sequent-calculus/invertibility.tex	proof-theory	section	section	orphan_or_unselected	-	proof-theory/sequent-calculus/sequent-calculus.tex	0	0	yes	974	Invertibility of Rules	defn=1;prop=1;lem=2;prob=3;proof=3	lem:G3c-invert;lem:invert-quant;prop:G3c-cont-adm	prop:_#prop:G3c-cont-adm;lem:_#lem:G3c-invert;lem:_#lem:invert-quant	1	393	393	2443	missing	no_native_match_found	-	-	No active FormalOLP declaration was found for this substantive source section.
proof-theory/sequent-calculus/invertibility.tex	proof-theory	unit	defn#1	orphan_or_unselected	-	proof-theory/sequent-calculus/sequent-calculus.tex	0	0	yes	974	Invertibility of Rules	-	-	defn#1	13	28	393	2443	missing	no_native_match_found	-	-	No active declaration was found for this source unit.
proof-theory/sequent-calculus/invertibility.tex	proof-theory	unit	lem#1; label=lem:G3c-invert	orphan_or_unselected	-	proof-theory/sequent-calculus/sequent-calculus.tex	0	0	yes	974	Invertibility of Rules	-	lem:G3c-invert	lem#1; label=lem:G3c-invert	30	61	393	2443	missing	no_native_match_found	-	-	No active declaration was found for this source unit.
proof-theory/sequent-calculus/invertibility.tex	proof-theory	unit	prob#1	orphan_or_unselected	-	proof-theory/sequent-calculus/sequent-calculus.tex	0	0	yes	974	Invertibility of Rules	-	-	prob#1	144	146	393	2443	missing	no_native_match_found	-	-	No active declaration was found for this source unit.
proof-theory/sequent-calculus/invertibility.tex	proof-theory	unit	lem#2; label=lem:invert-quant	orphan_or_unselected	-	proof-theory/sequent-calculus/sequent-calculus.tex	0	0	yes	974	Invertibility of Rules	-	lem:invert-quant	lem#2; label=lem:invert-quant	148	160	393	2443	missing	no_native_match_found	-	-	No active declaration was found for this source unit.
proof-theory/sequent-calculus/invertibility.tex	proof-theory	unit	prop#1; label=prop:G3c-cont-adm	orphan_or_unselected	-	proof-theory/sequent-calculus/sequent-calculus.tex	0	0	yes	974	Invertibility of Rules	-	prop:G3c-cont-adm	prop#1; label=prop:G3c-cont-adm	217	220	393	2443	missing	no_native_match_found	-	-	No active declaration was found for this source unit.
proof-theory/sequent-calculus/invertibility.tex	proof-theory	unit	prob#2	orphan_or_unselected	-	proof-theory/sequent-calculus/sequent-calculus.tex	0	0	yes	974	Invertibility of Rules	-	-	prob#2	380	384	393	2443	missing	no_native_match_found	-	-	No active declaration was found for this source unit.
proof-theory/sequent-calculus/invertibility.tex	proof-theory	unit	prob#3	orphan_or_unselected	-	proof-theory/sequent-calculus/sequent-calculus.tex	0	0	yes	974	Invertibility of Rules	-	-	prob#3	386	390	393	2443	missing	no_native_match_found	-	-	No active declaration was found for this source unit.
proof-theory/sequent-calculus/proof-examples.tex	proof-theory	section	section	orphan_or_unselected	-	proof-theory/sequent-calculus/sequent-calculus.tex	0	0	yes	810	Examples of Proofs	defn=1;prop=2;prob=2;proof=2	defn:depth;prop:G1c-axioms;prop:G3c-axioms	defn:_#defn:depth;prop:_#prop:G1c-axioms;prop:_#prop:G3c-axioms	1	348	348	2142	missing	no_native_match_found	-	-	No active FormalOLP declaration was found for this substantive source section.
proof-theory/sequent-calculus/proof-examples.tex	proof-theory	unit	defn#1; label=defn:depth	orphan_or_unselected	-	proof-theory/sequent-calculus/sequent-calculus.tex	0	0	yes	810	Examples of Proofs	-	defn:depth	defn#1; label=defn:depth	138	147	348	2142	missing	no_native_match_found	-	-	No active declaration was found for this source unit.
proof-theory/sequent-calculus/proof-examples.tex	proof-theory	unit	prop#1; label=prop:G1c-axioms	orphan_or_unselected	-	proof-theory/sequent-calculus/sequent-calculus.tex	0	0	yes	810	Examples of Proofs	-	prop:G1c-axioms	prop#1; label=prop:G1c-axioms	161	164	348	2142	missing	no_native_match_found	-	-	No active declaration was found for this source unit.
proof-theory/sequent-calculus/proof-examples.tex	proof-theory	unit	prob#1	orphan_or_unselected	-	proof-theory/sequent-calculus/sequent-calculus.tex	0	0	yes	810	Examples of Proofs	-	-	prob#1	244	248	348	2142	missing	no_native_match_found	-	-	No active declaration was found for this source unit.
proof-theory/sequent-calculus/proof-examples.tex	proof-theory	unit	prop#2; label=prop:G3c-axioms	orphan_or_unselected	-	proof-theory/sequent-calculus/sequent-calculus.tex	0	0	yes	810	Examples of Proofs	-	prop:G3c-axioms	prop#2; label=prop:G3c-axioms	284	288	348	2142	missing	no_native_match_found	-	-	No active declaration was found for this source unit.
proof-theory/sequent-calculus/proof-examples.tex	proof-theory	unit	prob#2	orphan_or_unselected	-	proof-theory/sequent-calculus/sequent-calculus.tex	0	0	yes	810	Examples of Proofs	-	-	prob#2	342	346	348	2142	missing	no_native_match_found	-	-	No active declaration was found for this source unit.
proof-theory/sequent-calculus/quantifiers.tex	proof-theory	section	section	orphan_or_unselected	-	proof-theory/sequent-calculus/sequent-calculus.tex	0	0	yes	559	Regular Proofs and Substitution	defn=1;prop=1;lem=1;proof=2	lem:subst-regular	lem:_#lem:subst-regular	1	161	161	1029	missing	no_native_match_found	-	-	No active FormalOLP declaration was found for this substantive source section.
proof-theory/sequent-calculus/quantifiers.tex	proof-theory	unit	defn#1	orphan_or_unselected	-	proof-theory/sequent-calculus/sequent-calculus.tex	0	0	yes	559	Regular Proofs and Substitution	-	-	defn#1	19	28	161	1029	missing	no_native_match_found	-	-	No active declaration was found for this source unit.
proof-theory/sequent-calculus/quantifiers.tex	proof-theory	unit	lem#1; label=lem:subst-regular	orphan_or_unselected	-	proof-theory/sequent-calculus/sequent-calculus.tex	0	0	yes	559	Regular Proofs and Substitution	-	lem:subst-regular	lem#1; label=lem:subst-regular	30	38	161	1029	missing	no_native_match_found	-	-	No active declaration was found for this source unit.
proof-theory/sequent-calculus/quantifiers.tex	proof-theory	unit	prop#1	orphan_or_unselected	-	proof-theory/sequent-calculus/sequent-calculus.tex	0	0	yes	559	Regular Proofs and Substitution	-	-	prop#1	110	115	161	1029	missing	no_native_match_found	-	-	No active declaration was found for this source unit.
proof-theory/sequent-calculus/rules-G1c.tex	proof-theory	aggregate	section	orphan_or_unselected	-	-	0	0	yes	23	-	table=1	tab:G1c	-	1	118	118	410	missing	no_native_match_found	-	-	No active FormalOLP declaration was found for this substantive source section.
proof-theory/sequent-calculus/rules-G1i.tex	proof-theory	aggregate	section	orphan_or_unselected	-	-	0	0	yes	42	-	table=1	tab:G1i	-	1	117	117	408	missing	no_native_match_found	-	-	No active FormalOLP declaration was found for this substantive source section.
proof-theory/sequent-calculus/rules-G2c.tex	proof-theory	aggregate	section	orphan_or_unselected	-	-	0	0	yes	23	-	table=1	tab:G2c	-	1	118	118	418	missing	no_native_match_found	-	-	No active FormalOLP declaration was found for this substantive source section.
proof-theory/sequent-calculus/rules-G3c.tex	proof-theory	aggregate	section	orphan_or_unselected	-	-	0	0	yes	28	-	table=1	tab:G3c	-	1	84	84	319	missing	no_native_match_found	-	-	No active FormalOLP declaration was found for this substantive source section.
proof-theory/sequent-calculus/rules-G3i.tex	proof-theory	aggregate	section	orphan_or_unselected	-	-	0	0	yes	41	-	table=1	tab:G3i	-	1	94	94	352	missing	no_native_match_found	-	-	No active FormalOLP declaration was found for this substantive source section.
proof-theory/sequent-calculus/rules-LK.tex	proof-theory	aggregate	section	orphan_or_unselected	-	-	0	0	yes	23	-	table=1	tab:G1c	-	1	128	128	448	missing	no_native_match_found	-	-	No active FormalOLP declaration was found for this substantive source section.
proof-theory/sequent-calculus/rules-mG3i.tex	proof-theory	aggregate	section	orphan_or_unselected	-	-	0	0	yes	36	-	table=1	tab:G3c	-	1	87	87	336	missing	no_native_match_found	-	-	No active FormalOLP declaration was found for this substantive source section.
proof-theory/sequent-calculus/rules-proofs.tex	proof-theory	section	section	orphan_or_unselected	-	proof-theory/sequent-calculus/sequent-calculus.tex	0	0	yes	716	Rules and \usetoken{P	defn=2;ex=1	defn:proof;defn:prf:axiom;defn:prf:one-prem;defn:prf:two-prem	defn:_#defn:proof,defn:prf:axiom,defn:prf:one-prem,defn:prf:two-prem	1	196	196	1276	missing	no_native_match_found	-	-	No active FormalOLP declaration was found for this substantive source section.
proof-theory/sequent-calculus/rules-proofs.tex	proof-theory	unit	defn#1; label=defn:proof	orphan_or_unselected	-	proof-theory/sequent-calculus/sequent-calculus.tex	0	0	yes	716	Rules and \usetoken{P	-	defn:proof	defn#1; label=defn:proof	74	106	196	1276	missing	no_native_match_found	-	-	No active declaration was found for this source unit.
proof-theory/sequent-calculus/rules-proofs.tex	proof-theory	unit	defn#2	orphan_or_unselected	-	proof-theory/sequent-calculus/sequent-calculus.tex	0	0	yes	716	Rules and \usetoken{P	-	-	defn#2	134	146	196	1276	missing	no_native_match_found	-	-	No active declaration was found for this source unit.
proof-theory/sequent-calculus/rules-proofs.tex	proof-theory	unit	ex#1	orphan_or_unselected	-	proof-theory/sequent-calculus/sequent-calculus.tex	0	0	yes	716	Rules and \usetoken{P	-	-	ex#1	148	194	196	1276	missing	no_native_match_found	-	-	No active declaration was found for this source unit.
proof-theory/sequent-calculus/sequent-calculus.tex	proof-theory	chapter	section	orphan_or_unselected	-	proof-theory/proof-theory.tex	8	0	no	4	pt	-	-	-	1	21	22	43	structural_container	aggregator	-	-	Aggregator/editorial import container; child source files are audited separately.
proof-theory/sequent-calculus/translations.tex	proof-theory	section	section	orphan_or_unselected	-	proof-theory/sequent-calculus/sequent-calculus.tex	0	0	yes	281	Translating between \Log{G1c	prop=2;proof=2	-	-	1	101	101	591	missing	no_native_match_found	-	-	No active FormalOLP declaration was found for this substantive source section.
proof-theory/sequent-calculus/translations.tex	proof-theory	unit	prop#1	orphan_or_unselected	-	proof-theory/sequent-calculus/sequent-calculus.tex	0	0	yes	281	Translating between \Log{G1c	-	-	prop#1	22	24	101	591	missing	no_native_match_found	-	-	No active declaration was found for this source unit.
proof-theory/sequent-calculus/translations.tex	proof-theory	unit	prop#2	orphan_or_unselected	-	proof-theory/sequent-calculus/sequent-calculus.tex	0	0	yes	281	Translating between \Log{G1c	-	-	prop#2	51	53	101	591	missing	no_native_match_found	-	-	No active declaration was found for this source unit.
model-theory/basics/basics.tex	model-theory	chapter	section	selected	model-theory	model-theory/model-theory.tex	7	1	no	5	mod	-	-	-	1	28	29	45	structural_container	aggregator	-	-	Aggregator/editorial import container; child source files are audited separately.
model-theory/basics/dlo.tex	model-theory	section	section	selected	model-theory	model-theory/basics/basics.tex	0	0	yes	241	Dense Linear Orders	defn=1;thm=1;prob=1;proof=1;rem=1	thm:cantorQ	thm:_#thm:cantorQ	1	84	85	557	missing	no_native_match_found	-	-	No active FormalOLP declaration was found for this substantive source section.
model-theory/basics/dlo.tex	model-theory	unit	defn#1	selected	model-theory	model-theory/basics/basics.tex	0	0	yes	241	Dense Linear Orders	-	-	defn#1	12	26	85	557	missing	no_native_match_found	-	-	No active declaration was found for this source unit.
model-theory/basics/dlo.tex	model-theory	unit	thm#1; label=thm:cantorQ	selected	model-theory	model-theory/basics/basics.tex	0	0	yes	241	Dense Linear Orders	-	thm:cantorQ	thm#1; label=thm:cantorQ	28	31	85	557	missing	no_native_match_found	-	-	No active declaration was found for this source unit.
model-theory/basics/dlo.tex	model-theory	unit	prob#1	selected	model-theory	model-theory/basics/basics.tex	0	0	yes	241	Dense Linear Orders	-	-	prob#1	63	66	85	557	missing	no_native_match_found	-	-	No active declaration was found for this source unit.
model-theory/basics/isomorphism.tex	model-theory	section	section	selected	model-theory	model-theory/basics/basics.tex	0	0	yes	359	Isomorphic Structures	defn=3;thm=1;prob=2;proof=1	defn:elem-equiv;defn:isomorphism;defn:iso-const;defn:iso-pred;defn:iso-func;thm:isom;iso-1;iso-2	defn:_#defn:elem-equiv;defn:_#defn:isomorphism,defn:iso-const,defn:iso-pred,defn:iso-func;thm:_#thm:isom	1	131	132	913	proved_weaker	manual_fragment_match	FormalOLP/ModelTheory/Basic.lean	FormalOLP/ModelTheory/Basic.lean:23-50	Sentence preservation and theory preservation are proved via Mathlib structures; the source five-clause isomorphism definition and assignment-level proof are delegated to Mathlib.
model-theory/basics/isomorphism.tex	model-theory	unit	defn#1; label=defn:elem-equiv	selected	model-theory	model-theory/basics/basics.tex	0	0	yes	359	Isomorphic Structures	-	defn:elem-equiv	defn#1; label=defn:elem-equiv	26	33	132	913	defined_only	manual_definition_match	FormalOLP/ModelTheory/Basic.lean	FormalOLP/ModelTheory/Basic.lean:23-26	Isomorphic and elementarily equivalent interfaces are aliases over Mathlib structures.
model-theory/basics/isomorphism.tex	model-theory	unit	defn#2; label=defn:isomorphism	selected	model-theory	model-theory/basics/basics.tex	0	0	yes	359	Isomorphic Structures	-	defn:isomorphism	defn#2; label=defn:isomorphism	35	59	132	913	defined_only	manual_definition_match	FormalOLP/ModelTheory/Basic.lean	FormalOLP/ModelTheory/Basic.lean:23-26	Isomorphic and elementarily equivalent interfaces are aliases over Mathlib structures.
model-theory/basics/isomorphism.tex	model-theory	unit	thm#1; label=thm:isom	selected	model-theory	model-theory/basics/basics.tex	0	0	yes	359	Isomorphic Structures	-	thm:isom	thm#1; label=thm:isom	61	65	132	913	proved_equivalent	manual_statement_match	FormalOLP/ModelTheory/Basic.lean	FormalOLP/ModelTheory/Basic.lean:28-30	Sentence preservation under a first-order structure isomorphism.
model-theory/basics/isomorphism.tex	model-theory	unit	prob#1	selected	model-theory	model-theory/basics/basics.tex	0	0	yes	359	Isomorphic Structures	-	-	prob#1	112	117	132	913	missing	no_native_match_found	-	-	Source assignment proof, automorphism definition, and exercises are not separately declared.
model-theory/basics/isomorphism.tex	model-theory	unit	defn#3	selected	model-theory	model-theory/basics/basics.tex	0	0	yes	359	Isomorphic Structures	-	-	defn#3	119	122	132	913	defined_only	manual_definition_match	FormalOLP/ModelTheory/Basic.lean	FormalOLP/ModelTheory/Basic.lean:23-26	Isomorphic and elementarily equivalent interfaces are aliases over Mathlib structures.
model-theory/basics/isomorphism.tex	model-theory	unit	prob#2	selected	model-theory	model-theory/basics/basics.tex	0	0	yes	359	Isomorphic Structures	-	-	prob#2	124	128	132	913	missing	no_native_match_found	-	-	Source assignment proof, automorphism definition, and exercises are not separately declared.
model-theory/basics/nonstandard-arithmetic.tex	model-theory	section	section	orphan_or_unselected	-	-	0	0	yes	1074	Non-standard Models of Arithmetic	defn=2;thm=1;prob=3;proof=1	thm:non-std	thm:_#thm:non-std	1	228	229	1929	missing	no_native_match_found	-	-	No active FormalOLP declaration was found for this substantive source section.
model-theory/basics/nonstandard-arithmetic.tex	model-theory	unit	defn#1	orphan_or_unselected	-	-	0	0	yes	1074	Non-standard Models of Arithmetic	-	-	defn#1	12	24	229	1929	missing	no_native_match_found	-	-	No active declaration was found for this source unit.
model-theory/basics/nonstandard-arithmetic.tex	model-theory	unit	defn#2	orphan_or_unselected	-	-	0	0	yes	1074	Non-standard Models of Arithmetic	-	-	defn#2	30	33	229	1929	missing	no_native_match_found	-	-	No active declaration was found for this source unit.
model-theory/basics/nonstandard-arithmetic.tex	model-theory	unit	thm#1; label=thm:non-std	orphan_or_unselected	-	-	0	0	yes	1074	Non-standard Models of Arithmetic	-	thm:non-std	thm#1; label=thm:non-std	35	37	229	1929	missing	no_native_match_found	-	-	No active declaration was found for this source unit.
model-theory/basics/nonstandard-arithmetic.tex	model-theory	unit	prob#1	orphan_or_unselected	-	-	0	0	yes	1074	Non-standard Models of Arithmetic	-	-	prob#1	66	73	229	1929	missing	no_native_match_found	-	-	No active declaration was found for this source unit.
model-theory/basics/nonstandard-arithmetic.tex	model-theory	unit	prob#2	orphan_or_unselected	-	-	0	0	yes	1074	Non-standard Models of Arithmetic	-	-	prob#2	189	192	229	1929	missing	no_native_match_found	-	-	No active declaration was found for this source unit.
model-theory/basics/nonstandard-arithmetic.tex	model-theory	unit	prob#3	orphan_or_unselected	-	-	0	0	yes	1074	Non-standard Models of Arithmetic	-	-	prob#3	194	226	229	1929	missing	no_native_match_found	-	-	No active declaration was found for this source unit.
model-theory/basics/overspill.tex	model-theory	section	section	selected	model-theory	model-theory/basics/basics.tex	0	0	yes	129	Overspill	thm=1;prop=1;proof=2	overspill;inf-not-fo	thm:_#overspill;prop:_#inf-not-fo	1	42	43	232	missing	no_native_match_found	-	-	No active FormalOLP declaration was found for this substantive source section.
model-theory/basics/overspill.tex	model-theory	unit	thm#1; label=overspill	selected	model-theory	model-theory/basics/basics.tex	0	0	yes	129	Overspill	-	overspill	thm#1; label=overspill	12	15	43	232	missing	no_native_match_found	-	-	No active declaration was found for this source unit.
model-theory/basics/overspill.tex	model-theory	unit	prop#1; label=inf-not-fo	selected	model-theory	model-theory/basics/basics.tex	0	0	yes	129	Overspill	-	inf-not-fo	prop#1; label=inf-not-fo	28	33	43	232	missing	no_native_match_found	-	-	No active declaration was found for this source unit.
model-theory/basics/partial-iso.tex	model-theory	section	section	selected	model-theory	model-theory/basics/basics.tex	0	0	yes	781	Partial Isomorphisms	defn=6;thm=3;prop=1;cor=1;prob=1;proof=4;rem=1	defn:partialisom;thm:p-isom1;thm:p-isom2;prop:qr-finite;thm:b-n-f;cor:b-n-f	defn:_#defn:partialisom;thm:_#thm:p-isom1;thm:_#thm:p-isom2;thm:_#thm:b-n-f;prop:_#prop:qr-finite;cor:_#cor:b-n-f	1	223	224	1608	missing	no_native_match_found	-	-	No active FormalOLP declaration was found for this substantive source section.
model-theory/basics/partial-iso.tex	model-theory	unit	defn#1	selected	model-theory	model-theory/basics/basics.tex	0	0	yes	781	Partial Isomorphisms	-	-	defn#1	12	31	224	1608	missing	no_native_match_found	-	-	No active declaration was found for this source unit.
model-theory/basics/partial-iso.tex	model-theory	unit	defn#2; label=defn:partialisom	selected	model-theory	model-theory/basics/basics.tex	0	0	yes	781	Partial Isomorphisms	-	defn:partialisom	defn#2; label=defn:partialisom	36	50	224	1608	missing	no_native_match_found	-	-	No active declaration was found for this source unit.
model-theory/basics/partial-iso.tex	model-theory	unit	thm#1; label=thm:p-isom1	selected	model-theory	model-theory/basics/basics.tex	0	0	yes	781	Partial Isomorphisms	-	thm:p-isom1	thm#1; label=thm:p-isom1	52	56	224	1608	missing	no_native_match_found	-	-	No active declaration was found for this source unit.
model-theory/basics/partial-iso.tex	model-theory	unit	prob#1	selected	model-theory	model-theory/basics/basics.tex	0	0	yes	781	Partial Isomorphisms	-	-	prob#1	80	83	224	1608	missing	no_native_match_found	-	-	No active declaration was found for this source unit.
model-theory/basics/partial-iso.tex	model-theory	unit	thm#2; label=thm:p-isom2	selected	model-theory	model-theory/basics/basics.tex	0	0	yes	781	Partial Isomorphisms	-	thm:p-isom2	thm#2; label=thm:p-isom2	85	91	224	1608	missing	no_native_match_found	-	-	No active declaration was found for this source unit.
model-theory/basics/partial-iso.tex	model-theory	unit	defn#3	selected	model-theory	model-theory/basics/basics.tex	0	0	yes	781	Partial Isomorphisms	-	-	defn#3	113	120	224	1608	missing	no_native_match_found	-	-	No active declaration was found for this source unit.
model-theory/basics/partial-iso.tex	model-theory	unit	prop#1; label=prop:qr-finite	selected	model-theory	model-theory/basics/basics.tex	0	0	yes	781	Partial Isomorphisms	-	prop:qr-finite	prop#1; label=prop:qr-finite	122	129	224	1608	missing	no_native_match_found	-	-	No active declaration was found for this source unit.
model-theory/basics/partial-iso.tex	model-theory	unit	defn#4	selected	model-theory	model-theory/basics/basics.tex	0	0	yes	781	Partial Isomorphisms	-	-	defn#4	135	141	224	1608	missing	no_native_match_found	-	-	No active declaration was found for this source unit.
model-theory/basics/partial-iso.tex	model-theory	unit	defn#5	selected	model-theory	model-theory/basics/basics.tex	0	0	yes	781	Partial Isomorphisms	-	-	defn#5	143	158	224	1608	missing	no_native_match_found	-	-	No active declaration was found for this source unit.
model-theory/basics/partial-iso.tex	model-theory	unit	defn#6	selected	model-theory	model-theory/basics/basics.tex	0	0	yes	781	Partial Isomorphisms	-	-	defn#6	161	165	224	1608	missing	no_native_match_found	-	-	No active declaration was found for this source unit.
model-theory/basics/partial-iso.tex	model-theory	unit	thm#3; label=thm:b-n-f	selected	model-theory	model-theory/basics/basics.tex	0	0	yes	781	Partial Isomorphisms	-	thm:b-n-f	thm#3; label=thm:b-n-f	167	174	224	1608	missing	no_native_match_found	-	-	No active declaration was found for this source unit.
model-theory/basics/partial-iso.tex	model-theory	unit	cor#1; label=cor:b-n-f	selected	model-theory	model-theory/basics/basics.tex	0	0	yes	781	Partial Isomorphisms	-	cor:b-n-f	cor#1; label=cor:b-n-f	215	221	224	1608	missing	no_native_match_found	-	-	No active declaration was found for this source unit.
model-theory/basics/reducts-and-expansions.tex	model-theory	section	section	selected	model-theory	model-theory/basics/basics.tex	0	0	yes	165	Reducts and Expansions	defn=2;prop=1;prob=1;proof=1	defn:reduct;prop:reduct	defn:_#defn:reduct;prop:_#prop:reduct	1	67	68	372	missing	no_native_match_found	-	-	No active FormalOLP declaration was found for this substantive source section.
model-theory/basics/reducts-and-expansions.tex	model-theory	unit	defn#1; label=defn:reduct	selected	model-theory	model-theory/basics/basics.tex	0	0	yes	165	Reducts and Expansions	-	defn:reduct	defn#1; label=defn:reduct	24	39	68	372	missing	no_native_match_found	-	-	No active declaration was found for this source unit.
model-theory/basics/reducts-and-expansions.tex	model-theory	unit	prop#1; label=prop:reduct	selected	model-theory	model-theory/basics/basics.tex	0	0	yes	165	Reducts and Expansions	-	prop:reduct	prop#1; label=prop:reduct	41	49	68	372	missing	no_native_match_found	-	-	No active declaration was found for this source unit.
model-theory/basics/reducts-and-expansions.tex	model-theory	unit	prob#1	selected	model-theory	model-theory/basics/basics.tex	0	0	yes	165	Reducts and Expansions	-	-	prob#1	55	57	68	372	missing	no_native_match_found	-	-	No active declaration was found for this source unit.
model-theory/basics/reducts-and-expansions.tex	model-theory	unit	defn#2	selected	model-theory	model-theory/basics/basics.tex	0	0	yes	165	Reducts and Expansions	-	-	defn#2	59	65	68	372	missing	no_native_match_found	-	-	No active declaration was found for this source unit.
model-theory/basics/substructures.tex	model-theory	section	section	selected	model-theory	model-theory/basics/basics.tex	0	0	yes	95	Sub\printtoken{p	defn=1;rem=1	defn:substructure;rem:substructure	defn:_#defn:substructure	1	49	50	281	missing	no_native_match_found	-	-	No active FormalOLP declaration was found for this substantive source section.
model-theory/basics/substructures.tex	model-theory	unit	defn#1; label=defn:substructure	selected	model-theory	model-theory/basics/basics.tex	0	0	yes	95	Sub\printtoken{p	-	defn:substructure	defn#1; label=defn:substructure	19	37	50	281	missing	no_native_match_found	-	-	No active declaration was found for this source unit.
model-theory/basics/theory-of-m.tex	model-theory	section	section	selected	model-theory	model-theory/basics/basics.tex	0	0	yes	170	The Theory of a \printtoken{S	defn=1;prop=2;proof=2;rem=1	prop:equiv;remark:R	prop:_#prop:equiv	1	64	65	364	missing	no_native_match_found	-	-	No active FormalOLP declaration was found for this substantive source section.
model-theory/basics/theory-of-m.tex	model-theory	unit	defn#1	selected	model-theory	model-theory/basics/basics.tex	0	0	yes	170	The Theory of a \printtoken{S	-	-	defn#1	18	23	65	364	missing	no_native_match_found	-	-	No active declaration was found for this source unit.
model-theory/basics/theory-of-m.tex	model-theory	unit	prop#1	selected	model-theory	model-theory/basics/basics.tex	0	0	yes	170	The Theory of a \printtoken{S	-	-	prop#1	29	31	65	364	missing	no_native_match_found	-	-	No active declaration was found for this source unit.
model-theory/basics/theory-of-m.tex	model-theory	unit	prop#2; label=prop:equiv	selected	model-theory	model-theory/basics/basics.tex	0	0	yes	170	The Theory of a \printtoken{S	-	prop:equiv	prop#2; label=prop:equiv	38	41	65	364	missing	no_native_match_found	-	-	No active declaration was found for this source unit.
model-theory/interpolation/definability.tex	model-theory	section	section	selected	model-theory	model-theory/interpolation/interpolation.tex	0	0	yes	327	The Definability Theorem	defn=2;thm=1;proof=1	-	thm:Beth Definability Theorem	1	129	130	834	missing	no_native_match_found	-	-	No active FormalOLP declaration was found for this substantive source section.
model-theory/interpolation/definability.tex	model-theory	unit	defn#1	selected	model-theory	model-theory/interpolation/interpolation.tex	0	0	yes	327	The Definability Theorem	-	-	defn#1	34	44	130	834	missing	no_native_match_found	-	-	No active declaration was found for this source unit.
model-theory/interpolation/definability.tex	model-theory	unit	defn#2	selected	model-theory	model-theory/interpolation/interpolation.tex	0	0	yes	327	The Definability Theorem	-	-	defn#2	46	57	130	834	missing	no_native_match_found	-	-	No active declaration was found for this source unit.
model-theory/interpolation/definability.tex	model-theory	unit	thm#1	selected	model-theory	model-theory/interpolation/interpolation.tex	0	0	yes	327	The Definability Theorem	-	-	thm#1	66	69	130	834	missing	no_native_match_found	-	-	No active declaration was found for this source unit.
model-theory/interpolation/interpolation-proof.tex	model-theory	section	section	selected	model-theory	model-theory/interpolation/interpolation.tex	0	0	yes	684	Craig's Interpolation Theorem	thm=1;proof=1	thm:interpol;part-a;part-b	thm:Craig's Interpolation Theorem#thm:interpol	1	192	193	1536	missing	no_native_match_found	-	-	No active FormalOLP declaration was found for this substantive source section.
model-theory/interpolation/interpolation-proof.tex	model-theory	unit	thm#1; label=thm:interpol	selected	model-theory	model-theory/interpolation/interpolation.tex	0	0	yes	684	Craig's Interpolation Theorem	-	thm:interpol	thm#1; label=thm:interpol	13	20	193	1536	missing	no_native_match_found	-	-	No active declaration was found for this source unit.
model-theory/interpolation/interpolation.tex	model-theory	chapter	section	selected	model-theory	model-theory/model-theory.tex	4	0	no	4	mod	-	-	-	1	20	21	31	structural_container	aggregator	-	-	Aggregator/editorial import container; child source files are audited separately.
model-theory/interpolation/introduction.tex	model-theory	section	section	selected	model-theory	model-theory/interpolation/interpolation.tex	0	0	yes	95	Introduction	-	-	-	1	27	28	142	missing	no_native_match_found	-	-	No active FormalOLP declaration was found for this substantive source section.
model-theory/interpolation/separation.tex	model-theory	section	section	selected	model-theory	model-theory/interpolation/interpolation.tex	0	0	yes	343	Separation of \printtoken{P	defn=1;lem=2;proof=2;figure=1	fig:sep;lem:sep1;lem:sep2	lem:_#lem:sep1;lem:_#lem:sep2	1	119	120	809	missing	no_native_match_found	-	-	No active FormalOLP declaration was found for this substantive source section.
model-theory/interpolation/separation.tex	model-theory	unit	defn#1	selected	model-theory	model-theory/interpolation/interpolation.tex	0	0	yes	343	Separation of \printtoken{P	-	-	defn#1	23	28	120	809	missing	no_native_match_found	-	-	No active declaration was found for this source unit.
model-theory/interpolation/separation.tex	model-theory	unit	lem#1; label=lem:sep1	selected	model-theory	model-theory/interpolation/interpolation.tex	0	0	yes	343	Separation of \printtoken{P	-	lem:sep1	lem#1; label=lem:sep1	49	56	120	809	missing	no_native_match_found	-	-	No active declaration was found for this source unit.
model-theory/interpolation/separation.tex	model-theory	unit	lem#2; label=lem:sep2	selected	model-theory	model-theory/interpolation/interpolation.tex	0	0	yes	343	Separation of \printtoken{P	-	lem:sep2	lem#2; label=lem:sep2	85	90	120	809	missing	no_native_match_found	-	-	No active declaration was found for this source unit.
model-theory/lindstrom/abstract-logics.tex	model-theory	section	section	selected	model-theory	model-theory/lindstrom/lindstrom.tex	0	0	yes	518	Abstract Logics	defn=4;rem=1	-	-	1	137	138	1093	missing	no_native_match_found	-	-	No active FormalOLP declaration was found for this substantive source section.
model-theory/lindstrom/abstract-logics.tex	model-theory	unit	defn#1	selected	model-theory	model-theory/lindstrom/lindstrom.tex	0	0	yes	518	Abstract Logics	-	-	defn#1	12	22	138	1093	missing	no_native_match_found	-	-	No active declaration was found for this source unit.
model-theory/lindstrom/abstract-logics.tex	model-theory	unit	defn#2	selected	model-theory	model-theory/lindstrom/lindstrom.tex	0	0	yes	518	Abstract Logics	-	-	defn#2	39	46	138	1093	missing	no_native_match_found	-	-	No active declaration was found for this source unit.
model-theory/lindstrom/abstract-logics.tex	model-theory	unit	defn#3	selected	model-theory	model-theory/lindstrom/lindstrom.tex	0	0	yes	518	Abstract Logics	-	-	defn#3	48	106	138	1093	missing	no_native_match_found	-	-	No active declaration was found for this source unit.
model-theory/lindstrom/abstract-logics.tex	model-theory	unit	defn#4	selected	model-theory	model-theory/lindstrom/lindstrom.tex	0	0	yes	518	Abstract Logics	-	-	defn#4	108	119	138	1093	missing	no_native_match_found	-	-	No active declaration was found for this source unit.
model-theory/lindstrom/introduction.tex	model-theory	section	section	selected	model-theory	model-theory/lindstrom/lindstrom.tex	0	0	yes	79	Introduction	-	-	-	1	23	24	114	missing	no_native_match_found	-	-	No active FormalOLP declaration was found for this substantive source section.
model-theory/lindstrom/lindstrom-proof.tex	model-theory	section	section	selected	model-theory	model-theory/lindstrom/lindstrom.tex	0	0	yes	498	"Lindstr\""om's Theorem"	thm=1;lem=1;proof=2	lem:lindstrom;thm:lindstrom	"thm:Lindstr\""om's Theorem#thm:lindstrom;lem:_#lem:lindstrom"	1	124	125	1021	missing	no_native_match_found	-	-	No active FormalOLP declaration was found for this substantive source section.
model-theory/lindstrom/lindstrom-proof.tex	model-theory	unit	lem#1; label=lem:lindstrom	selected	model-theory	model-theory/lindstrom/lindstrom.tex	0	0	yes	498	"Lindstr\""om's Theorem"	-	lem:lindstrom	lem#1; label=lem:lindstrom	13	22	125	1021	missing	no_native_match_found	-	-	No active declaration was found for this source unit.
model-theory/lindstrom/lindstrom-proof.tex	model-theory	unit	thm#1; label=thm:lindstrom	selected	model-theory	model-theory/lindstrom/lindstrom.tex	0	0	yes	498	"Lindstr\""om's Theorem"	-	thm:lindstrom	thm#1; label=thm:lindstrom	47	52	125	1021	missing	no_native_match_found	-	-	No active declaration was found for this source unit.
model-theory/lindstrom/lindstrom.tex	model-theory	chapter	section	selected	model-theory	model-theory/model-theory.tex	4	0	no	4	mod	-	-	-	1	20	21	34	structural_container	aggregator	-	-	Aggregator/editorial import container; child source files are audited separately.
model-theory/lindstrom/ls-property.tex	model-theory	section	section	selected	model-theory	model-theory/lindstrom/lindstrom.tex	0	0	yes	468	"Compactness and L\""owenheim--Skolem Properties"	defn=2;thm=1;proof=1;figure=1	thm:abstract-p-isom	thm:_#thm:abstract-p-isom	1	124	125	910	missing	no_native_match_found	-	-	No active FormalOLP declaration was found for this substantive source section.
model-theory/lindstrom/ls-property.tex	model-theory	unit	defn#1	selected	model-theory	model-theory/lindstrom/lindstrom.tex	0	0	yes	468	"Compactness and L\""owenheim--Skolem Properties"	-	-	defn#1	16	21	125	910	missing	no_native_match_found	-	-	No active declaration was found for this source unit.
model-theory/lindstrom/ls-property.tex	model-theory	unit	defn#2	selected	model-theory	model-theory/lindstrom/lindstrom.tex	0	0	yes	468	"Compactness and L\""owenheim--Skolem Properties"	-	-	defn#2	23	26	125	910	missing	no_native_match_found	-	-	No active declaration was found for this source unit.
model-theory/lindstrom/ls-property.tex	model-theory	unit	thm#1; label=thm:abstract-p-isom	selected	model-theory	model-theory/lindstrom/lindstrom.tex	0	0	yes	468	"Compactness and L\""owenheim--Skolem Properties"	-	thm:abstract-p-isom	thm#1; label=thm:abstract-p-isom	41	47	125	910	missing	no_native_match_found	-	-	No active declaration was found for this source unit.
model-theory/model-theory.tex	model-theory	part	section	selected	model-theory	content.tex	4	0	yes	65	mod	editorial=1	-	-	1	29	30	105	structural_container	aggregator	-	-	Aggregator/editorial import container; child source files are audited separately.
model-theory/models-of-arithmetic/computable-models.tex	model-theory	section	section	selected	model-theory	model-theory/models-of-arithmetic/models-of-arithmetic.tex	0	0	yes	378	Computable Models of Arithmetic	defn=1;thm=1;ex=1;prob=1;explain=2	ex:comp-model-q	thm:Tennenbaum's Theorem;ex:_#ex:comp-model-q	1	123	124	766	missing	no_native_match_found	-	-	No active FormalOLP declaration was found for this substantive source section.
model-theory/models-of-arithmetic/computable-models.tex	model-theory	unit	defn#1	selected	model-theory	model-theory/models-of-arithmetic/models-of-arithmetic.tex	0	0	yes	378	Computable Models of Arithmetic	-	-	defn#1	35	40	124	766	missing	no_native_match_found	-	-	No active declaration was found for this source unit.
model-theory/models-of-arithmetic/computable-models.tex	model-theory	unit	ex#1; label=ex:comp-model-q	selected	model-theory	model-theory/models-of-arithmetic/models-of-arithmetic.tex	0	0	yes	378	Computable Models of Arithmetic	-	ex:comp-model-q	ex#1; label=ex:comp-model-q	42	105	124	766	missing	no_native_match_found	-	-	No active declaration was found for this source unit.
model-theory/models-of-arithmetic/computable-models.tex	model-theory	unit	prob#1	selected	model-theory	model-theory/models-of-arithmetic/models-of-arithmetic.tex	0	0	yes	378	Computable Models of Arithmetic	-	-	prob#1	107	110	124	766	missing	no_native_match_found	-	-	No active declaration was found for this source unit.
model-theory/models-of-arithmetic/computable-models.tex	model-theory	unit	thm#1	selected	model-theory	model-theory/models-of-arithmetic/models-of-arithmetic.tex	0	0	yes	378	Computable Models of Arithmetic	-	-	thm#1	119	121	124	766	missing	no_native_match_found	-	-	No active declaration was found for this source unit.
model-theory/models-of-arithmetic/introduction.tex	model-theory	section	section	selected	model-theory	model-theory/models-of-arithmetic/models-of-arithmetic.tex	0	0	yes	273	Introduction	-	-	-	1	72	73	523	missing	no_native_match_found	-	-	No active FormalOLP declaration was found for this substantive source section.
model-theory/models-of-arithmetic/models-of-arithmetic.tex	model-theory	chapter	section	selected	model-theory	model-theory/model-theory.tex	6	0	no	4	mod	-	-	-	1	24	25	44	structural_container	aggregator	-	-	Aggregator/editorial import container; child source files are audited separately.
model-theory/models-of-arithmetic/models-of-pa.tex	model-theory	section	section	selected	model-theory	model-theory/models-of-arithmetic/models-of-arithmetic.tex	0	0	yes	893	Models of $\Th{PA	prop=9;cor=1;prob=3;proof=10;explain=3	prop:M-discrete;prop:blocks-dense	prop:_#prop:M-discrete;prop:_#prop:blocks-dense	1	260	261	1864	missing	no_native_match_found	-	-	No active FormalOLP declaration was found for this substantive source section.
model-theory/models-of-arithmetic/models-of-pa.tex	model-theory	unit	prop#1	selected	model-theory	model-theory/models-of-arithmetic/models-of-arithmetic.tex	0	0	yes	893	Models of $\Th{PA	-	-	prop#1	41	49	261	1864	missing	no_native_match_found	-	-	No active declaration was found for this source unit.
model-theory/models-of-arithmetic/models-of-pa.tex	model-theory	unit	prop#2; label=prop:M-discrete	selected	model-theory	model-theory/models-of-arithmetic/models-of-arithmetic.tex	0	0	yes	893	Models of $\Th{PA	-	prop:M-discrete	prop#2; label=prop:M-discrete	60	67	261	1864	missing	no_native_match_found	-	-	No active declaration was found for this source unit.
model-theory/models-of-arithmetic/models-of-pa.tex	model-theory	unit	prob#1	selected	model-theory	model-theory/models-of-arithmetic/models-of-arithmetic.tex	0	0	yes	893	Models of $\Th{PA	-	-	prob#1	73	78	261	1864	missing	no_native_match_found	-	-	No active declaration was found for this source unit.
model-theory/models-of-arithmetic/models-of-pa.tex	model-theory	unit	prop#3	selected	model-theory	model-theory/models-of-arithmetic/models-of-arithmetic.tex	0	0	yes	893	Models of $\Th{PA	-	-	prop#3	80	83	261	1864	missing	no_native_match_found	-	-	No active declaration was found for this source unit.
model-theory/models-of-arithmetic/models-of-pa.tex	model-theory	unit	prop#4	selected	model-theory	model-theory/models-of-arithmetic/models-of-arithmetic.tex	0	0	yes	893	Models of $\Th{PA	-	-	prop#4	97	108	261	1864	missing	no_native_match_found	-	-	No active declaration was found for this source unit.
model-theory/models-of-arithmetic/models-of-pa.tex	model-theory	unit	prop#5	selected	model-theory	model-theory/models-of-arithmetic/models-of-arithmetic.tex	0	0	yes	893	Models of $\Th{PA	-	-	prop#5	125	128	261	1864	missing	no_native_match_found	-	-	No active declaration was found for this source unit.
model-theory/models-of-arithmetic/models-of-pa.tex	model-theory	unit	cor#1	selected	model-theory	model-theory/models-of-arithmetic/models-of-arithmetic.tex	0	0	yes	893	Models of $\Th{PA	-	-	cor#1	153	155	261	1864	missing	no_native_match_found	-	-	No active declaration was found for this source unit.
model-theory/models-of-arithmetic/models-of-pa.tex	model-theory	unit	prop#6	selected	model-theory	model-theory/models-of-arithmetic/models-of-arithmetic.tex	0	0	yes	893	Models of $\Th{PA	-	-	prop#6	173	176	261	1864	missing	no_native_match_found	-	-	No active declaration was found for this source unit.
model-theory/models-of-arithmetic/models-of-pa.tex	model-theory	unit	prop#7	selected	model-theory	model-theory/models-of-arithmetic/models-of-arithmetic.tex	0	0	yes	893	Models of $\Th{PA	-	-	prop#7	188	190	261	1864	missing	no_native_match_found	-	-	No active declaration was found for this source unit.
model-theory/models-of-arithmetic/models-of-pa.tex	model-theory	unit	prop#8	selected	model-theory	model-theory/models-of-arithmetic/models-of-arithmetic.tex	0	0	yes	893	Models of $\Th{PA	-	-	prop#8	202	204	261	1864	missing	no_native_match_found	-	-	No active declaration was found for this source unit.
model-theory/models-of-arithmetic/models-of-pa.tex	model-theory	unit	prob#2	selected	model-theory	model-theory/models-of-arithmetic/models-of-arithmetic.tex	0	0	yes	893	Models of $\Th{PA	-	-	prob#2	210	213	261	1864	missing	no_native_match_found	-	-	No active declaration was found for this source unit.
model-theory/models-of-arithmetic/models-of-pa.tex	model-theory	unit	prop#9; label=prop:blocks-dense	selected	model-theory	model-theory/models-of-arithmetic/models-of-arithmetic.tex	0	0	yes	893	Models of $\Th{PA	-	prop:blocks-dense	prop#9; label=prop:blocks-dense	215	220	261	1864	missing	no_native_match_found	-	-	No active declaration was found for this source unit.
model-theory/models-of-arithmetic/models-of-pa.tex	model-theory	unit	prob#3	selected	model-theory	model-theory/models-of-arithmetic/models-of-arithmetic.tex	0	0	yes	893	Models of $\Th{PA	-	-	prob#3	230	236	261	1864	missing	no_native_match_found	-	-	No active declaration was found for this source unit.
model-theory/models-of-arithmetic/models-of-q.tex	model-theory	section	section	selected	model-theory	model-theory/models-of-arithmetic/models-of-arithmetic.tex	0	0	yes	403	Models of $\Th{Q	ex=2;prob=3;explain=2	ex:model-K-of-Q;ex:model-L-of-Q	ex:_#ex:model-K-of-Q;ex:_#ex:model-L-of-Q	1	205	206	1400	missing	no_native_match_found	-	-	No active FormalOLP declaration was found for this substantive source section.
model-theory/models-of-arithmetic/models-of-q.tex	model-theory	unit	ex#1; label=ex:model-K-of-Q	selected	model-theory	model-theory/models-of-arithmetic/models-of-arithmetic.tex	0	0	yes	403	Models of $\Th{Q	-	ex:model-K-of-Q	ex#1; label=ex:model-K-of-Q	26	119	206	1400	missing	no_native_match_found	-	-	No active declaration was found for this source unit.
model-theory/models-of-arithmetic/models-of-q.tex	model-theory	unit	prob#1	selected	model-theory	model-theory/models-of-arithmetic/models-of-arithmetic.tex	0	0	yes	403	Models of $\Th{Q	-	-	prob#1	121	131	206	1400	missing	no_native_match_found	-	-	No active declaration was found for this source unit.
model-theory/models-of-arithmetic/models-of-q.tex	model-theory	unit	ex#2; label=ex:model-L-of-Q	selected	model-theory	model-theory/models-of-arithmetic/models-of-arithmetic.tex	0	0	yes	403	Models of $\Th{Q	-	ex:model-L-of-Q	ex#2; label=ex:model-L-of-Q	133	174	206	1400	missing	no_native_match_found	-	-	No active declaration was found for this source unit.
model-theory/models-of-arithmetic/models-of-q.tex	model-theory	unit	prob#2	selected	model-theory	model-theory/models-of-arithmetic/models-of-arithmetic.tex	0	0	yes	403	Models of $\Th{Q	-	-	prob#2	176	185	206	1400	missing	no_native_match_found	-	-	No active declaration was found for this source unit.
model-theory/models-of-arithmetic/models-of-q.tex	model-theory	unit	prob#3	selected	model-theory	model-theory/models-of-arithmetic/models-of-arithmetic.tex	0	0	yes	403	Models of $\Th{Q	-	-	prob#3	187	191	206	1400	missing	no_native_match_found	-	-	No active declaration was found for this source unit.
model-theory/models-of-arithmetic/non-standard-models.tex	model-theory	section	section	selected	model-theory	model-theory/models-of-arithmetic/models-of-arithmetic.tex	0	0	yes	379	Non-Standard Models	defn=1;prop=2;prob=1;proof=2;explain=3	-	-	1	115	116	781	missing	no_native_match_found	-	-	No active FormalOLP declaration was found for this substantive source section.
model-theory/models-of-arithmetic/non-standard-models.tex	model-theory	unit	defn#1	selected	model-theory	model-theory/models-of-arithmetic/models-of-arithmetic.tex	0	0	yes	379	Non-Standard Models	-	-	defn#1	18	24	116	781	missing	no_native_match_found	-	-	No active declaration was found for this source unit.
model-theory/models-of-arithmetic/non-standard-models.tex	model-theory	unit	prop#1	selected	model-theory	model-theory/models-of-arithmetic/models-of-arithmetic.tex	0	0	yes	379	Non-Standard Models	-	-	prop#1	34	37	116	781	missing	no_native_match_found	-	-	No active declaration was found for this source unit.
model-theory/models-of-arithmetic/non-standard-models.tex	model-theory	unit	prob#1	selected	model-theory	model-theory/models-of-arithmetic/models-of-arithmetic.tex	0	0	yes	379	Non-Standard Models	-	-	prob#1	49	64	116	781	missing	no_native_match_found	-	-	No active declaration was found for this source unit.
model-theory/models-of-arithmetic/non-standard-models.tex	model-theory	unit	prop#2	selected	model-theory	model-theory/models-of-arithmetic/models-of-arithmetic.tex	0	0	yes	379	Non-Standard Models	-	-	prop#2	78	81	116	781	missing	no_native_match_found	-	-	No active declaration was found for this source unit.
model-theory/models-of-arithmetic/standard-models.tex	model-theory	section	section	selected	model-theory	model-theory/models-of-arithmetic/models-of-arithmetic.tex	0	0	yes	594	Standard Models of Arithmetic	defn=1;prop=3;prob=1;proof=3;explain=3	prop:standard-domain;prop:thq-standard;prop:thq-unique-iso	prop:_#prop:standard-domain;prop:_#prop:thq-standard;prop:_#prop:thq-unique-iso	1	174	175	1403	missing	no_native_match_found	-	-	No active FormalOLP declaration was found for this substantive source section.
model-theory/models-of-arithmetic/standard-models.tex	model-theory	unit	defn#1	selected	model-theory	model-theory/models-of-arithmetic/models-of-arithmetic.tex	0	0	yes	594	Standard Models of Arithmetic	-	-	defn#1	20	23	175	1403	missing	no_native_match_found	-	-	No active declaration was found for this source unit.
model-theory/models-of-arithmetic/standard-models.tex	model-theory	unit	prop#1; label=prop:standard-domain	selected	model-theory	model-theory/models-of-arithmetic/models-of-arithmetic.tex	0	0	yes	594	Standard Models of Arithmetic	-	prop:standard-domain	prop#1; label=prop:standard-domain	25	31	175	1403	missing	no_native_match_found	-	-	No active declaration was found for this source unit.
model-theory/models-of-arithmetic/standard-models.tex	model-theory	unit	prob#1	selected	model-theory	model-theory/models-of-arithmetic/models-of-arithmetic.tex	0	0	yes	594	Standard Models of Arithmetic	-	-	prob#1	52	57	175	1403	missing	no_native_match_found	-	-	No active declaration was found for this source unit.
model-theory/models-of-arithmetic/standard-models.tex	model-theory	unit	prop#2; label=prop:thq-standard	selected	model-theory	model-theory/models-of-arithmetic/models-of-arithmetic.tex	0	0	yes	594	Standard Models of Arithmetic	-	prop:thq-standard	prop#2; label=prop:thq-standard	59	63	175	1403	missing	no_native_match_found	-	-	No active declaration was found for this source unit.
model-theory/models-of-arithmetic/standard-models.tex	model-theory	unit	prop#3; label=prop:thq-unique-iso	selected	model-theory	model-theory/models-of-arithmetic/models-of-arithmetic.tex	0	0	yes	594	Standard Models of Arithmetic	-	prop:thq-unique-iso	prop#3; label=prop:thq-unique-iso	127	130	175	1403	missing	no_native_match_found	-	-	No active declaration was found for this source unit.
intuitionistic-logic/introduction/axiomatic-derivations.tex	intuitionistic-logic	section	section	selected	intuitionistic-logic	intuitionistic-logic/introduction/introduction.tex	0	0	yes	160	Axiomatic \usetoken{P	defn=4;prop=1;proof=1	ax:land1;ax:land2;ax:land3;ax:lor1;ax:lor2;ax:lor3;ax:lif1;ax:lif2;ax:lfalse1	defn:!!^{derivability};defn:Axioms#ax:land1,ax:land2,ax:land3,ax:lor1,ax:lor2,ax:lor3,ax:lif1,ax:lif2,ax:lfalse1;defn:!!^{derivability};defn:Theorems	1	71	72	378	missing	no_native_match_found	-	-	No active FormalOLP declaration was found for this substantive source section.
intuitionistic-logic/introduction/axiomatic-derivations.tex	intuitionistic-logic	unit	defn#1	selected	intuitionistic-logic	intuitionistic-logic/introduction/introduction.tex	0	0	yes	160	Axiomatic \usetoken{P	-	-	defn#1	17	28	72	378	missing	no_native_match_found	-	-	No active declaration was found for this source unit.
intuitionistic-logic/introduction/axiomatic-derivations.tex	intuitionistic-logic	unit	defn#2; label=ax:land1	selected	intuitionistic-logic	intuitionistic-logic/introduction/introduction.tex	0	0	yes	160	Axiomatic \usetoken{P	-	ax:land1	defn#2; label=ax:land1	30	44	72	378	missing	no_native_match_found	-	-	No active declaration was found for this source unit.
intuitionistic-logic/introduction/axiomatic-derivations.tex	intuitionistic-logic	unit	defn#3	selected	intuitionistic-logic	intuitionistic-logic/introduction/introduction.tex	0	0	yes	160	Axiomatic \usetoken{P	-	-	defn#3	46	50	72	378	missing	no_native_match_found	-	-	No active declaration was found for this source unit.
intuitionistic-logic/introduction/axiomatic-derivations.tex	intuitionistic-logic	unit	defn#4	selected	intuitionistic-logic	intuitionistic-logic/introduction/introduction.tex	0	0	yes	160	Axiomatic \usetoken{P	-	-	defn#4	52	56	72	378	missing	no_native_match_found	-	-	No active declaration was found for this source unit.
intuitionistic-logic/introduction/axiomatic-derivations.tex	intuitionistic-logic	unit	prop#1	selected	intuitionistic-logic	intuitionistic-logic/introduction/introduction.tex	0	0	yes	160	Axiomatic \usetoken{P	-	-	prop#1	58	63	72	378	missing	no_native_match_found	-	-	No active declaration was found for this source unit.
intuitionistic-logic/introduction/bhk-interpretation.tex	intuitionistic-logic	section	section	selected	intuitionistic-logic	intuitionistic-logic/introduction/introduction.tex	0	0	yes	732	The Brouwer--Heyting--Kolmogorov Interpretation	ex=5;editorial=1	-	-	1	158	159	1328	missing	no_native_match_found	-	-	No active FormalOLP declaration was found for this substantive source section.
intuitionistic-logic/introduction/bhk-interpretation.tex	intuitionistic-logic	unit	ex#1	selected	intuitionistic-logic	intuitionistic-logic/introduction/introduction.tex	0	0	yes	732	The Brouwer--Heyting--Kolmogorov Interpretation	-	-	ex#1	44	50	159	1328	missing	no_native_match_found	-	-	No active declaration was found for this source unit.
intuitionistic-logic/introduction/bhk-interpretation.tex	intuitionistic-logic	unit	ex#2	selected	intuitionistic-logic	intuitionistic-logic/introduction/introduction.tex	0	0	yes	732	The Brouwer--Heyting--Kolmogorov Interpretation	-	-	ex#2	54	66	159	1328	missing	no_native_match_found	-	-	No active declaration was found for this source unit.
intuitionistic-logic/introduction/bhk-interpretation.tex	intuitionistic-logic	unit	ex#3	selected	intuitionistic-logic	intuitionistic-logic/introduction/introduction.tex	0	0	yes	732	The Brouwer--Heyting--Kolmogorov Interpretation	-	-	ex#3	68	88	159	1328	missing	no_native_match_found	-	-	No active declaration was found for this source unit.
intuitionistic-logic/introduction/bhk-interpretation.tex	intuitionistic-logic	unit	ex#4	selected	intuitionistic-logic	intuitionistic-logic/introduction/introduction.tex	0	0	yes	732	The Brouwer--Heyting--Kolmogorov Interpretation	-	-	ex#4	90	111	159	1328	missing	no_native_match_found	-	-	No active declaration was found for this source unit.
intuitionistic-logic/introduction/bhk-interpretation.tex	intuitionistic-logic	unit	ex#5	selected	intuitionistic-logic	intuitionistic-logic/introduction/introduction.tex	0	0	yes	732	The Brouwer--Heyting--Kolmogorov Interpretation	-	-	ex#5	122	152	159	1328	missing	no_native_match_found	-	-	No active declaration was found for this source unit.
intuitionistic-logic/introduction/constructive-reasoning.tex	intuitionistic-logic	section	section	selected	intuitionistic-logic	intuitionistic-logic/introduction/introduction.tex	0	0	yes	551	Constructive Reasoning	thm=1;proof=1	-	-	1	97	98	709	missing	no_native_match_found	-	-	No active FormalOLP declaration was found for this substantive source section.
intuitionistic-logic/introduction/constructive-reasoning.tex	intuitionistic-logic	unit	thm#1	selected	intuitionistic-logic	intuitionistic-logic/introduction/introduction.tex	0	0	yes	551	Constructive Reasoning	-	-	thm#1	46	48	98	709	missing	no_native_match_found	-	-	No active declaration was found for this source unit.
intuitionistic-logic/introduction/introduction.tex	intuitionistic-logic	chapter	section	selected	intuitionistic-logic	intuitionistic-logic/intuitionistic-logic.tex	5	0	no	2	int	-	-	-	1	23	24	34	structural_container	aggregator	-	-	Aggregator/editorial import container; child source files are audited separately.
intuitionistic-logic/introduction/natural-deduction.tex	intuitionistic-logic	section	section	selected	intuitionistic-logic	intuitionistic-logic/introduction/introduction.tex	0	0	yes	424	Natural Deduction;Conjunction;Conditional;Disjunction;Absurdity;Rules for $\lnot$;Examples of \usetoken{P	prop=1;prob=1;proof=1;defish=5;prooftree=4	-	-	1	261	262	1210	proved_weaker	manual_fragment_match	FormalOLP/IntuitionisticLogic/NaturalDeduction.lean	FormalOLP/IntuitionisticLogic/NaturalDeduction.lean:36-84	All listed intuitionistic propositional constructors are present as a Type-valued tree; BHK exposition and examples are not Lean declarations.
intuitionistic-logic/introduction/natural-deduction.tex	intuitionistic-logic	unit	prop#1	selected	intuitionistic-logic	intuitionistic-logic/introduction/introduction.tex	0	0	yes	424	Natural Deduction;Conjunction;Conditional;Disjunction;Absurdity;Rules for $\lnot$;Examples of \usetoken{P	-	-	prop#1	236	240	262	1210	missing	no_native_match_found	-	-	No individual source theorem/example mapping was recorded.
intuitionistic-logic/introduction/natural-deduction.tex	intuitionistic-logic	unit	prob#1	selected	intuitionistic-logic	intuitionistic-logic/introduction/introduction.tex	0	0	yes	424	Natural Deduction;Conjunction;Conditional;Disjunction;Absurdity;Rules for $\lnot$;Examples of \usetoken{P	-	-	prob#1	248	259	262	1210	missing	no_native_match_found	-	-	No individual source theorem/example mapping was recorded.
intuitionistic-logic/introduction/syntax.tex	intuitionistic-logic	section	section	selected	intuitionistic-logic	intuitionistic-logic/introduction/introduction.tex	0	0	yes	236	Syntax of Intuitionistic Logic	defn=1	defn:formulas	defn:Formula#defn:formulas	1	76	77	395	defined_only	manual_definition_match	FormalOLP/PropositionalLogic/Syntax.lean	FormalOLP/PropositionalLogic/Syntax.lean:20-45	The shared native formula syntax supplies the primitive language; source BHK and formation discussion is not formalized.
intuitionistic-logic/introduction/syntax.tex	intuitionistic-logic	unit	defn#1; label=defn:formulas	selected	intuitionistic-logic	intuitionistic-logic/introduction/introduction.tex	0	0	yes	236	Syntax of Intuitionistic Logic	-	defn:formulas	defn#1; label=defn:formulas	38	58	77	395	defined_only	manual_definition_match	FormalOLP/PropositionalLogic/Syntax.lean	FormalOLP/PropositionalLogic/Syntax.lean:20-45	The shared native formula syntax supplies the primitive language; source BHK and formation discussion is not formalized.
intuitionistic-logic/intuitionistic-logic.tex	intuitionistic-logic	part	section	selected	intuitionistic-logic	content.tex	4	0	no	2	int	-	-	-	1	19	20	32	structural_container	aggregator	-	-	Aggregator/editorial import container; child source files are audited separately.
intuitionistic-logic/semantics/introduction.tex	intuitionistic-logic	section	section	selected	intuitionistic-logic	intuitionistic-logic/semantics/semantics.tex	0	0	yes	462	Introduction	-	-	-	1	73	74	587	missing	no_native_match_found	-	-	No active FormalOLP declaration was found for this substantive source section.
intuitionistic-logic/semantics/propositions.tex	intuitionistic-logic	section	section	orphan_or_unselected	-	-	0	0	yes	46	Propositions	defn=1;prop=1;prob=1;proof=1	prop:propositions-true	prop:_#prop:propositions-true	1	52	53	211	missing	no_native_match_found	-	-	No active FormalOLP declaration was found for this substantive source section.
intuitionistic-logic/semantics/propositions.tex	intuitionistic-logic	unit	defn#1	orphan_or_unselected	-	-	0	0	yes	46	Propositions	-	-	defn#1	18	37	53	211	missing	no_native_match_found	-	-	No active declaration was found for this source unit.
intuitionistic-logic/semantics/propositions.tex	intuitionistic-logic	unit	prop#1; label=prop:propositions-true	orphan_or_unselected	-	-	0	0	yes	46	Propositions	-	prop:propositions-true	prop#1; label=prop:propositions-true	39	42	53	211	missing	no_native_match_found	-	-	No active declaration was found for this source unit.
intuitionistic-logic/semantics/propositions.tex	intuitionistic-logic	unit	prob#1	orphan_or_unselected	-	-	0	0	yes	46	Propositions	-	-	prob#1	48	50	53	211	missing	no_native_match_found	-	-	No active declaration was found for this source unit.
intuitionistic-logic/semantics/relational-models.tex	intuitionistic-logic	section	section	selected	intuitionistic-logic	intuitionistic-logic/semantics/semantics.tex	0	0	yes	172	\usetoken{P	defn=2;prop=1;prob=2;proof=1	defn:true-at-w;prop:true-monotonic	defn:_#defn:true-at-w;prop:_#prop:true-monotonic	1	72	73	434	proved_weaker	manual_fragment_match	FormalOLP/IntuitionisticLogic/Kripke.lean	FormalOLP/IntuitionisticLogic/Kripke.lean:28-101	The native frame, forcing, and persistence chain matches the mathematical core; source exercises and full surrounding exposition are not declarations.
intuitionistic-logic/semantics/relational-models.tex	intuitionistic-logic	unit	defn#1	selected	intuitionistic-logic	intuitionistic-logic/semantics/semantics.tex	0	0	yes	172	\usetoken{P	-	-	defn#1	20	31	73	434	defined_only	manual_definition_match	FormalOLP/IntuitionisticLogic/Kripke.lean	FormalOLP/IntuitionisticLogic/Kripke.lean:28-87	Nonempty partial-order frame, persistent valuation, and forcing clauses are native.
intuitionistic-logic/semantics/relational-models.tex	intuitionistic-logic	unit	defn#2; label=defn:true-at-w	selected	intuitionistic-logic	intuitionistic-logic/semantics/semantics.tex	0	0	yes	172	\usetoken{P	-	defn:true-at-w	defn#2; label=defn:true-at-w	33	52	73	434	defined_only	manual_definition_match	FormalOLP/IntuitionisticLogic/Kripke.lean	FormalOLP/IntuitionisticLogic/Kripke.lean:28-87	Nonempty partial-order frame, persistent valuation, and forcing clauses are native.
intuitionistic-logic/semantics/relational-models.tex	intuitionistic-logic	unit	prob#1	selected	intuitionistic-logic	intuitionistic-logic/semantics/semantics.tex	0	0	yes	172	\usetoken{P	-	-	prob#1	54	57	73	434	missing	no_native_match_found	-	-	Source exercise is not separately declared.
intuitionistic-logic/semantics/relational-models.tex	intuitionistic-logic	unit	prop#1; label=prop:true-monotonic	selected	intuitionistic-logic	intuitionistic-logic/semantics/semantics.tex	0	0	yes	172	\usetoken{P	-	prop:true-monotonic	prop#1; label=prop:true-monotonic	59	62	73	434	proved_equivalent	manual_statement_match	FormalOLP/IntuitionisticLogic/Kripke.lean	FormalOLP/IntuitionisticLogic/Kripke.lean:90-101	Forcing persistence under the explicit frame relation hypothesis.
intuitionistic-logic/semantics/relational-models.tex	intuitionistic-logic	unit	prob#2	selected	intuitionistic-logic	intuitionistic-logic/semantics/semantics.tex	0	0	yes	172	\usetoken{P	-	-	prob#2	68	70	73	434	missing	no_native_match_found	-	-	Source exercise is not separately declared.
intuitionistic-logic/semantics/semantic-notions.tex	intuitionistic-logic	section	section	selected	intuitionistic-logic	intuitionistic-logic/semantics/semantics.tex	0	0	yes	93	Semantic Notions	defn=2;prop=3;prob=1;proof=2	prop:sat-entails;prop:sat-entails1;prop:sat-entails2;defn:restrict;prop:restrict	defn:_#defn:restrict;prop:_#prop:sat-entails,prop:sat-entails1,prop:sat-entails2;prop:_#prop:restrict	1	73	74	361	missing	no_native_match_found	-	-	No active FormalOLP declaration was found for this substantive source section.
intuitionistic-logic/semantics/semantic-notions.tex	intuitionistic-logic	unit	defn#1	selected	intuitionistic-logic	intuitionistic-logic/semantics/semantics.tex	0	0	yes	93	Semantic Notions	-	-	defn#1	13	20	74	361	missing	no_native_match_found	-	-	No active declaration was found for this source unit.
intuitionistic-logic/semantics/semantic-notions.tex	intuitionistic-logic	unit	prop#1; label=prop:sat-entails	selected	intuitionistic-logic	intuitionistic-logic/semantics/semantics.tex	0	0	yes	93	Semantic Notions	-	prop:sat-entails	prop#1; label=prop:sat-entails	22	29	74	361	missing	no_native_match_found	-	-	No active declaration was found for this source unit.
intuitionistic-logic/semantics/semantic-notions.tex	intuitionistic-logic	unit	defn#2; label=defn:restrict	selected	intuitionistic-logic	intuitionistic-logic/semantics/semantics.tex	0	0	yes	93	Semantic Notions	-	defn:restrict	defn#2; label=defn:restrict	42	51	74	361	missing	no_native_match_found	-	-	No active declaration was found for this source unit.
intuitionistic-logic/semantics/semantic-notions.tex	intuitionistic-logic	unit	prop#2; label=prop:restrict	selected	intuitionistic-logic	intuitionistic-logic/semantics/semantics.tex	0	0	yes	93	Semantic Notions	-	prop:restrict	prop#2; label=prop:restrict	53	55	74	361	missing	no_native_match_found	-	-	No active declaration was found for this source unit.
intuitionistic-logic/semantics/semantic-notions.tex	intuitionistic-logic	unit	prob#1	selected	intuitionistic-logic	intuitionistic-logic/semantics/semantics.tex	0	0	yes	93	Semantic Notions	-	-	prob#1	57	59	74	361	missing	no_native_match_found	-	-	No active declaration was found for this source unit.
intuitionistic-logic/semantics/semantic-notions.tex	intuitionistic-logic	unit	prop#3	selected	intuitionistic-logic	intuitionistic-logic/semantics/semantics.tex	0	0	yes	93	Semantic Notions	-	-	prop#3	61	64	74	361	missing	no_native_match_found	-	-	No active declaration was found for this source unit.
intuitionistic-logic/semantics/semantics.tex	intuitionistic-logic	chapter	section	selected	intuitionistic-logic	intuitionistic-logic/intuitionistic-logic.tex	4	0	yes	39	int	editorial=1	-	-	1	24	25	72	structural_container	aggregator	-	-	Aggregator/editorial import container; child source files are audited separately.
intuitionistic-logic/semantics/topological-semantics.tex	intuitionistic-logic	section	section	selected	intuitionistic-logic	intuitionistic-logic/semantics/semantics.tex	0	0	yes	350	Topological Semantics	defn=2	-	-	1	95	96	726	missing	no_native_match_found	-	-	No active FormalOLP declaration was found for this substantive source section.
intuitionistic-logic/semantics/topological-semantics.tex	intuitionistic-logic	unit	defn#1	selected	intuitionistic-logic	intuitionistic-logic/semantics/semantics.tex	0	0	yes	350	Topological Semantics	-	-	defn#1	16	31	96	726	missing	no_native_match_found	-	-	No active declaration was found for this source unit.
intuitionistic-logic/semantics/topological-semantics.tex	intuitionistic-logic	unit	defn#2	selected	intuitionistic-logic	intuitionistic-logic/semantics/semantics.tex	0	0	yes	350	Topological Semantics	-	-	defn#2	37	59	96	726	missing	no_native_match_found	-	-	No active declaration was found for this source unit.
intuitionistic-logic/soundness-completeness/canonical-model.tex	intuitionistic-logic	section	section	selected	intuitionistic-logic	intuitionistic-logic/soundness-completeness/soundness-completeness.tex	0	0	yes	158	The Canonical Model	defn=1	defn:canonical-model	defn:_#defn:canonical-model	1	65	66	373	missing	no_native_match_found	-	-	No active FormalOLP declaration was found for this substantive source section.
intuitionistic-logic/soundness-completeness/canonical-model.tex	intuitionistic-logic	unit	defn#1; label=defn:canonical-model	selected	intuitionistic-logic	intuitionistic-logic/soundness-completeness/soundness-completeness.tex	0	0	yes	158	The Canonical Model	-	defn:canonical-model	defn#1; label=defn:canonical-model	47	57	66	373	missing	no_native_match_found	-	-	No active declaration was found for this source unit.
intuitionistic-logic/soundness-completeness/completeness-thm.tex	intuitionistic-logic	section	section	selected	intuitionistic-logic	intuitionistic-logic/soundness-completeness/soundness-completeness.tex	0	0	yes	92	The Completeness Theorem	thm=1;prob=3;proof=1	thm:completeness	thm:_#thm:completeness	1	48	49	242	missing	no_native_match_found	-	-	No active FormalOLP declaration was found for this substantive source section.
intuitionistic-logic/soundness-completeness/completeness-thm.tex	intuitionistic-logic	unit	thm#1; label=thm:completeness	selected	intuitionistic-logic	intuitionistic-logic/soundness-completeness/soundness-completeness.tex	0	0	yes	92	The Completeness Theorem	-	thm:completeness	thm#1; label=thm:completeness	13	15	49	242	missing	no_native_match_found	-	-	No active declaration was found for this source unit.
intuitionistic-logic/soundness-completeness/completeness-thm.tex	intuitionistic-logic	unit	prob#1	selected	intuitionistic-logic	intuitionistic-logic/soundness-completeness/soundness-completeness.tex	0	0	yes	92	The Completeness Theorem	-	-	prob#1	30	34	49	242	missing	no_native_match_found	-	-	No active declaration was found for this source unit.
intuitionistic-logic/soundness-completeness/completeness-thm.tex	intuitionistic-logic	unit	prob#2	selected	intuitionistic-logic	intuitionistic-logic/soundness-completeness/soundness-completeness.tex	0	0	yes	92	The Completeness Theorem	-	-	prob#2	36	41	49	242	missing	no_native_match_found	-	-	No active declaration was found for this source unit.
intuitionistic-logic/soundness-completeness/completeness-thm.tex	intuitionistic-logic	unit	prob#3	selected	intuitionistic-logic	intuitionistic-logic/soundness-completeness/soundness-completeness.tex	0	0	yes	92	The Completeness Theorem	-	-	prob#3	43	46	49	242	missing	no_native_match_found	-	-	No active declaration was found for this source unit.
intuitionistic-logic/soundness-completeness/decidability.tex	intuitionistic-logic	section	section	selected	intuitionistic-logic	intuitionistic-logic/soundness-completeness/soundness-completeness.tex	0	0	yes	145	Decidability	thm=1;prob=1;proof=1	thm:decidability	thm:_#thm:decidability	1	49	50	282	missing	no_native_match_found	-	-	No active FormalOLP declaration was found for this substantive source section.
intuitionistic-logic/soundness-completeness/decidability.tex	intuitionistic-logic	unit	thm#1; label=thm:decidability	selected	intuitionistic-logic	intuitionistic-logic/soundness-completeness/soundness-completeness.tex	0	0	yes	145	Decidability	-	thm:decidability	thm#1; label=thm:decidability	19	21	50	282	missing	no_native_match_found	-	-	No active declaration was found for this source unit.
intuitionistic-logic/soundness-completeness/decidability.tex	intuitionistic-logic	unit	prob#1	selected	intuitionistic-logic	intuitionistic-logic/soundness-completeness/soundness-completeness.tex	0	0	yes	145	Decidability	-	-	prob#1	39	43	50	282	missing	no_native_match_found	-	-	No active declaration was found for this source unit.
intuitionistic-logic/soundness-completeness/lindenbaum.tex	intuitionistic-logic	section	section	selected	intuitionistic-logic	intuitionistic-logic/soundness-completeness/soundness-completeness.tex	0	0	yes	502	Lindenbaum's Lemma	defn=1;lem=1;prob=1;proof=1	defn:prime;defn:prime1;defn:prime2;defn:prime3;lem:lindenbaum;gamma-1;gamma-2	defn:_#defn:prime,defn:prime1,defn:prime2,defn:prime3;lem:Lindenbaum's Lemma#lem:lindenbaum	1	142	143	1046	missing	no_native_match_found	-	-	No active FormalOLP declaration was found for this substantive source section.
intuitionistic-logic/soundness-completeness/lindenbaum.tex	intuitionistic-logic	unit	defn#1; label=defn:prime	selected	intuitionistic-logic	intuitionistic-logic/soundness-completeness/soundness-completeness.tex	0	0	yes	502	Lindenbaum's Lemma	-	defn:prime	defn#1; label=defn:prime	34	42	143	1046	missing	no_native_match_found	-	-	No active declaration was found for this source unit.
intuitionistic-logic/soundness-completeness/lindenbaum.tex	intuitionistic-logic	unit	lem#1; label=lem:lindenbaum	selected	intuitionistic-logic	intuitionistic-logic/soundness-completeness/soundness-completeness.tex	0	0	yes	502	Lindenbaum's Lemma	-	lem:lindenbaum	lem#1; label=lem:lindenbaum	44	48	143	1046	missing	no_native_match_found	-	-	No active declaration was found for this source unit.
intuitionistic-logic/soundness-completeness/lindenbaum.tex	intuitionistic-logic	unit	prob#1	selected	intuitionistic-logic	intuitionistic-logic/soundness-completeness/soundness-completeness.tex	0	0	yes	502	Lindenbaum's Lemma	-	-	prob#1	136	140	143	1046	missing	no_native_match_found	-	-	No active declaration was found for this source unit.
intuitionistic-logic/soundness-completeness/soundness-axd.tex	intuitionistic-logic	section	section	selected	intuitionistic-logic	intuitionistic-logic/soundness-completeness/soundness-completeness.tex	0	0	yes	161	Soundness of Axiomatic \usetoken{P	thm=1;proof=1;editorial=1	thm:soundness	thm:Soundness#thm:soundness	1	59	60	353	missing	no_native_match_found	-	-	No active FormalOLP declaration was found for this substantive source section.
intuitionistic-logic/soundness-completeness/soundness-axd.tex	intuitionistic-logic	unit	thm#1; label=thm:soundness	selected	intuitionistic-logic	intuitionistic-logic/soundness-completeness/soundness-completeness.tex	0	0	yes	161	Soundness of Axiomatic \usetoken{P	-	thm:soundness	thm#1; label=thm:soundness	19	22	60	353	missing	no_native_match_found	-	-	No active declaration was found for this source unit.
intuitionistic-logic/soundness-completeness/soundness-completeness.tex	intuitionistic-logic	chapter	section	selected	intuitionistic-logic	intuitionistic-logic/intuitionistic-logic.tex	7	0	yes	36	int	editorial=1	-	-	1	27	28	78	structural_container	aggregator	-	-	Aggregator/editorial import container; child source files are audited separately.
intuitionistic-logic/soundness-completeness/soundness-nd.tex	intuitionistic-logic	section	section	selected	intuitionistic-logic	intuitionistic-logic/soundness-completeness/soundness-completeness.tex	0	0	yes	490	Soundness of Natural Deduction	thm=1;prob=2;proof=1	thm:soundness	thm:Soundness#thm:soundness	1	153	154	1111	proved_weaker	manual_fragment_match	FormalOLP/IntuitionisticLogic/NaturalDeduction.lean	FormalOLP/IntuitionisticLogic/NaturalDeduction.lean:130-196	Native derivation_sound/proof_sound match the soundness theorem, but the two source exercises and completeness material are not formalized.
intuitionistic-logic/soundness-completeness/soundness-nd.tex	intuitionistic-logic	unit	thm#1; label=thm:soundness	selected	intuitionistic-logic	intuitionistic-logic/soundness-completeness/soundness-completeness.tex	0	0	yes	490	Soundness of Natural Deduction	-	thm:soundness	thm#1; label=thm:soundness	18	21	154	1111	proved_equivalent	manual_statement_match	FormalOLP/IntuitionisticLogic/NaturalDeduction.lean	FormalOLP/IntuitionisticLogic/NaturalDeduction.lean:130-196	Standalone Type-valued intuitionistic derivation tree; classical RAA and completeness are excluded.
intuitionistic-logic/soundness-completeness/soundness-nd.tex	intuitionistic-logic	unit	prob#1	selected	intuitionistic-logic	intuitionistic-logic/soundness-completeness/soundness-completeness.tex	0	0	yes	490	Soundness of Natural Deduction	-	-	prob#1	136	141	154	1111	missing	no_native_match_found	-	-	Source soundness exercises are not separate declarations.
intuitionistic-logic/soundness-completeness/soundness-nd.tex	intuitionistic-logic	unit	prob#2	selected	intuitionistic-logic	intuitionistic-logic/soundness-completeness/soundness-completeness.tex	0	0	yes	490	Soundness of Natural Deduction	-	-	prob#2	143	151	154	1111	missing	no_native_match_found	-	-	Source soundness exercises are not separate declarations.
intuitionistic-logic/soundness-completeness/truth-lemma.tex	intuitionistic-logic	section	section	selected	intuitionistic-logic	intuitionistic-logic/soundness-completeness/soundness-completeness.tex	0	0	yes	143	The Truth Lemma	lem=1;proof=1	lem:truth	lem:_#lem:truth	1	72	73	432	missing	no_native_match_found	-	-	No active FormalOLP declaration was found for this substantive source section.
intuitionistic-logic/soundness-completeness/truth-lemma.tex	intuitionistic-logic	unit	lem#1; label=lem:truth	selected	intuitionistic-logic	intuitionistic-logic/soundness-completeness/soundness-completeness.tex	0	0	yes	143	The Truth Lemma	-	lem:truth	lem#1; label=lem:truth	16	19	73	432	missing	no_native_match_found	-	-	No active declaration was found for this source unit.
intuitionistic-logic/tableaux/introduction.tex	intuitionistic-logic	section	section	selected	intuitionistic-logic	intuitionistic-logic/tableaux/tableaux.tex	0	0	yes	313	Introduction	-	-	-	1	68	69	468	missing	no_native_match_found	-	-	No active FormalOLP declaration was found for this substantive source section.
intuitionistic-logic/tableaux/proofs.tex	intuitionistic-logic	section	section	selected	intuitionistic-logic	intuitionistic-logic/tableaux/tableaux.tex	0	0	yes	33	\usetoken{P	ex=1;prob=1;oltableau=1	-	-	1	57	58	237	missing	no_native_match_found	-	-	No active FormalOLP declaration was found for this substantive source section.
intuitionistic-logic/tableaux/proofs.tex	intuitionistic-logic	unit	ex#1	selected	intuitionistic-logic	intuitionistic-logic/tableaux/tableaux.tex	0	0	yes	33	\usetoken{P	-	-	ex#1	13	43	58	237	missing	no_native_match_found	-	-	No active declaration was found for this source unit.
intuitionistic-logic/tableaux/proofs.tex	intuitionistic-logic	unit	prob#1	selected	intuitionistic-logic	intuitionistic-logic/tableaux/tableaux.tex	0	0	yes	33	\usetoken{P	-	-	prob#1	47	55	58	237	missing	no_native_match_found	-	-	No active declaration was found for this source unit.
intuitionistic-logic/tableaux/rules.tex	intuitionistic-logic	section	section	selected	intuitionistic-logic	intuitionistic-logic/tableaux/tableaux.tex	0	0	yes	325	Rules for Intuitionistic Logic	table=2	tab:prop-rules;tab:rules-lif-lnot	-	1	145	146	753	missing	no_native_match_found	-	-	No active FormalOLP declaration was found for this substantive source section.
intuitionistic-logic/tableaux/soundness.tex	intuitionistic-logic	section	section	selected	intuitionistic-logic	intuitionistic-logic/tableaux/tableaux.tex	0	0	yes	831	Soundness for Intuitionistic \usetoken{P	defn=2;thm=1;prop=1;cor=2;prob=1;proof=3;explain=1	thm:tableau-soundness;cor:entailment-soundness;cor:weak-soundness	thm:Soundness#thm:tableau-soundness;cor:_#cor:entailment-soundness;cor:_#cor:weak-soundness	1	213	214	1588	missing	no_native_match_found	-	-	No active FormalOLP declaration was found for this substantive source section.
intuitionistic-logic/tableaux/soundness.tex	intuitionistic-logic	unit	defn#1	selected	intuitionistic-logic	intuitionistic-logic/tableaux/tableaux.tex	0	0	yes	831	Soundness for Intuitionistic \usetoken{P	-	-	defn#1	36	50	214	1588	missing	no_native_match_found	-	-	No active declaration was found for this source unit.
intuitionistic-logic/tableaux/soundness.tex	intuitionistic-logic	unit	defn#2	selected	intuitionistic-logic	intuitionistic-logic/tableaux/tableaux.tex	0	0	yes	831	Soundness for Intuitionistic \usetoken{P	-	-	defn#2	56	65	214	1588	missing	no_native_match_found	-	-	No active declaration was found for this source unit.
intuitionistic-logic/tableaux/soundness.tex	intuitionistic-logic	unit	prop#1	selected	intuitionistic-logic	intuitionistic-logic/tableaux/tableaux.tex	0	0	yes	831	Soundness for Intuitionistic \usetoken{P	-	-	prop#1	67	71	214	1588	missing	no_native_match_found	-	-	No active declaration was found for this source unit.
intuitionistic-logic/tableaux/soundness.tex	intuitionistic-logic	unit	thm#1; label=thm:tableau-soundness	selected	intuitionistic-logic	intuitionistic-logic/tableaux/tableaux.tex	0	0	yes	831	Soundness for Intuitionistic \usetoken{P	-	thm:tableau-soundness	thm#1; label=thm:tableau-soundness	85	88	214	1588	missing	no_native_match_found	-	-	No active declaration was found for this source unit.
intuitionistic-logic/tableaux/soundness.tex	intuitionistic-logic	unit	prob#1	selected	intuitionistic-logic	intuitionistic-logic/tableaux/tableaux.tex	0	0	yes	831	Soundness for Intuitionistic \usetoken{P	-	-	prob#1	186	188	214	1588	missing	no_native_match_found	-	-	No active declaration was found for this source unit.
intuitionistic-logic/tableaux/soundness.tex	intuitionistic-logic	unit	cor#1; label=cor:entailment-soundness	selected	intuitionistic-logic	intuitionistic-logic/tableaux/tableaux.tex	0	0	yes	831	Soundness for Intuitionistic \usetoken{P	-	cor:entailment-soundness	cor#1; label=cor:entailment-soundness	190	193	214	1588	missing	no_native_match_found	-	-	No active declaration was found for this source unit.
intuitionistic-logic/tableaux/soundness.tex	intuitionistic-logic	unit	cor#2; label=cor:weak-soundness	selected	intuitionistic-logic	intuitionistic-logic/tableaux/tableaux.tex	0	0	yes	831	Soundness for Intuitionistic \usetoken{P	-	cor:weak-soundness	cor#2; label=cor:weak-soundness	208	211	214	1588	missing	no_native_match_found	-	-	No active declaration was found for this source unit.
intuitionistic-logic/tableaux/tableaux.tex	intuitionistic-logic	chapter	section	selected	intuitionistic-logic	intuitionistic-logic/intuitionistic-logic.tex	4	2	yes	30	int	editorial=1	-	-	1	26	27	66	structural_container	aggregator	-	-	Aggregator/editorial import container; child source files are audited separately.
normal-modal-logic/axioms-systems/axioms-systems.tex	normal-modal-logic	chapter	section	selected	normal-modal-logic	normal-modal-logic/normal-modal-logic.tex	13	0	no	3	nml	-	-	-	1	27	28	65	structural_container	aggregator	-	-	Aggregator/editorial import container; child source files are audited separately.
normal-modal-logic/axioms-systems/consistency.tex	normal-modal-logic	section	section	selected	normal-modal-logic	normal-modal-logic/axioms-systems/axioms-systems.tex	0	0	yes	172	Consistency	defn=1;prop=1;proof=1	prop:consistencyfacts;prop:consistencyfacts-b;prop:consistencyfacts-c	prop:_#prop:consistencyfacts,prop:consistencyfacts-b,prop:consistencyfacts-c	1	64	65	364	missing	no_native_match_found	-	-	No active FormalOLP declaration was found for this substantive source section.
normal-modal-logic/axioms-systems/consistency.tex	normal-modal-logic	unit	defn#1	selected	normal-modal-logic	normal-modal-logic/axioms-systems/axioms-systems.tex	0	0	yes	172	Consistency	-	-	defn#1	21	25	65	364	missing	no_native_match_found	-	-	No active declaration was found for this source unit.
normal-modal-logic/axioms-systems/consistency.tex	normal-modal-logic	unit	prop#1; label=prop:consistencyfacts	selected	normal-modal-logic	normal-modal-logic/axioms-systems/axioms-systems.tex	0	0	yes	172	Consistency	-	prop:consistencyfacts	prop#1; label=prop:consistencyfacts	32	47	65	364	missing	no_native_match_found	-	-	No active declaration was found for this source unit.
normal-modal-logic/axioms-systems/derived-rules.tex	normal-modal-logic	section	section	selected	normal-modal-logic	normal-modal-logic/axioms-systems/axioms-systems.tex	0	0	yes	384	Derived Rules	prop=6;prob=1;proof=6;derivation=5	prop:rewriting	prop:_#prop:rewriting	1	167	168	991	missing	no_native_match_found	-	-	No active FormalOLP declaration was found for this substantive source section.
normal-modal-logic/axioms-systems/derived-rules.tex	normal-modal-logic	unit	prop#1	selected	normal-modal-logic	normal-modal-logic/axioms-systems/axioms-systems.tex	0	0	yes	384	Derived Rules	-	-	prop#1	31	35	168	991	missing	no_native_match_found	-	-	No active declaration was found for this source unit.
normal-modal-logic/axioms-systems/derived-rules.tex	normal-modal-logic	unit	prop#2	selected	normal-modal-logic	normal-modal-logic/axioms-systems/axioms-systems.tex	0	0	yes	384	Derived Rules	-	-	prop#2	48	52	168	991	missing	no_native_match_found	-	-	No active declaration was found for this source unit.
normal-modal-logic/axioms-systems/derived-rules.tex	normal-modal-logic	unit	prop#3	selected	normal-modal-logic	normal-modal-logic/axioms-systems/axioms-systems.tex	0	0	yes	384	Derived Rules	-	-	prop#3	61	63	168	991	missing	no_native_match_found	-	-	No active declaration was found for this source unit.
normal-modal-logic/axioms-systems/derived-rules.tex	normal-modal-logic	unit	prop#4; label=prop:rewriting	selected	normal-modal-logic	normal-modal-logic/axioms-systems/axioms-systems.tex	0	0	yes	384	Derived Rules	-	prop:rewriting	prop#4; label=prop:rewriting	73	76	168	991	missing	no_native_match_found	-	-	No active declaration was found for this source unit.
normal-modal-logic/axioms-systems/derived-rules.tex	normal-modal-logic	unit	prob#1	selected	normal-modal-logic	normal-modal-logic/axioms-systems/axioms-systems.tex	0	0	yes	384	Derived Rules	-	-	prob#1	82	86	168	991	missing	no_native_match_found	-	-	No active declaration was found for this source unit.
normal-modal-logic/axioms-systems/derived-rules.tex	normal-modal-logic	unit	prop#5	selected	normal-modal-logic	normal-modal-logic/axioms-systems/axioms-systems.tex	0	0	yes	384	Derived Rules	-	-	prop#5	101	103	168	991	missing	no_native_match_found	-	-	No active declaration was found for this source unit.
normal-modal-logic/axioms-systems/derived-rules.tex	normal-modal-logic	unit	prop#6	selected	normal-modal-logic	normal-modal-logic/axioms-systems/axioms-systems.tex	0	0	yes	384	Derived Rules	-	-	prop#6	148	151	168	991	missing	no_native_match_found	-	-	No active declaration was found for this source unit.
normal-modal-logic/axioms-systems/duals.tex	normal-modal-logic	section	section	selected	normal-modal-logic	normal-modal-logic/axioms-systems/axioms-systems.tex	0	0	yes	58	Dual \usetoken{P	defn=1;prop=1;prob=1;proof=1	def:duals;prop:dualsys	defn:_#def:duals;prop:_#prop:dualsys	1	42	43	191	missing	no_native_match_found	-	-	No active FormalOLP declaration was found for this substantive source section.
normal-modal-logic/axioms-systems/duals.tex	normal-modal-logic	unit	defn#1; label=def:duals	selected	normal-modal-logic	normal-modal-logic/axioms-systems/axioms-systems.tex	0	0	yes	58	Dual \usetoken{P	-	def:duals	defn#1; label=def:duals	13	23	43	191	missing	no_native_match_found	-	-	No active declaration was found for this source unit.
normal-modal-logic/axioms-systems/duals.tex	normal-modal-logic	unit	prop#1; label=prop:dualsys	selected	normal-modal-logic	normal-modal-logic/axioms-systems/axioms-systems.tex	0	0	yes	58	Dual \usetoken{P	-	prop:dualsys	prop#1; label=prop:dualsys	31	34	43	191	missing	no_native_match_found	-	-	No active declaration was found for this source unit.
normal-modal-logic/axioms-systems/duals.tex	normal-modal-logic	unit	prob#1	selected	normal-modal-logic	normal-modal-logic/axioms-systems/axioms-systems.tex	0	0	yes	58	Dual \usetoken{P	-	-	prob#1	38	40	43	191	missing	no_native_match_found	-	-	No active declaration was found for this source unit.
normal-modal-logic/axioms-systems/introduction.tex	normal-modal-logic	section	section	selected	normal-modal-logic	normal-modal-logic/axioms-systems/axioms-systems.tex	0	0	yes	431	Introduction	defn=3;prooftree=2	-	-	1	90	91	589	missing	no_native_match_found	-	-	No active FormalOLP declaration was found for this substantive source section.
normal-modal-logic/axioms-systems/introduction.tex	normal-modal-logic	unit	defn#1	selected	normal-modal-logic	normal-modal-logic/axioms-systems/axioms-systems.tex	0	0	yes	431	Introduction	-	-	defn#1	46	56	91	589	missing	no_native_match_found	-	-	No active declaration was found for this source unit.
normal-modal-logic/axioms-systems/introduction.tex	normal-modal-logic	unit	defn#2	selected	normal-modal-logic	normal-modal-logic/axioms-systems/axioms-systems.tex	0	0	yes	431	Introduction	-	-	defn#2	58	67	91	589	missing	no_native_match_found	-	-	No active declaration was found for this source unit.
normal-modal-logic/axioms-systems/introduction.tex	normal-modal-logic	unit	defn#3	selected	normal-modal-logic	normal-modal-logic/axioms-systems/axioms-systems.tex	0	0	yes	431	Introduction	-	-	defn#3	69	82	91	589	missing	no_native_match_found	-	-	No active declaration was found for this source unit.
normal-modal-logic/axioms-systems/logics-proofs.tex	normal-modal-logic	section	section	selected	normal-modal-logic	normal-modal-logic/axioms-systems/axioms-systems.tex	0	0	yes	395	\usetoken{P	defn=1;prop=1;proof=1	-	-	1	96	97	719	missing	no_native_match_found	-	-	No active FormalOLP declaration was found for this substantive source section.
normal-modal-logic/axioms-systems/logics-proofs.tex	normal-modal-logic	unit	defn#1	selected	normal-modal-logic	normal-modal-logic/axioms-systems/axioms-systems.tex	0	0	yes	395	\usetoken{P	-	-	defn#1	24	33	97	719	missing	no_native_match_found	-	-	No active declaration was found for this source unit.
normal-modal-logic/axioms-systems/logics-proofs.tex	normal-modal-logic	unit	prop#1	selected	normal-modal-logic	normal-modal-logic/axioms-systems/axioms-systems.tex	0	0	yes	395	\usetoken{P	-	-	prop#1	38	40	97	719	missing	no_native_match_found	-	-	No active declaration was found for this source unit.
normal-modal-logic/axioms-systems/more-proofs-in-K.tex	normal-modal-logic	section	section	selected	normal-modal-logic	normal-modal-logic/axioms-systems/axioms-systems.tex	0	0	yes	32	More Proofs in \Log{K	prop=4;prob=1;proof=4;derivation=4	-	-	1	101	102	597	missing	no_native_match_found	-	-	No active FormalOLP declaration was found for this substantive source section.
normal-modal-logic/axioms-systems/more-proofs-in-K.tex	normal-modal-logic	unit	prop#1	selected	normal-modal-logic	normal-modal-logic/axioms-systems/axioms-systems.tex	0	0	yes	32	More Proofs in \Log{K	-	-	prop#1	16	19	102	597	missing	no_native_match_found	-	-	No active declaration was found for this source unit.
normal-modal-logic/axioms-systems/more-proofs-in-K.tex	normal-modal-logic	unit	prop#2	selected	normal-modal-logic	normal-modal-logic/axioms-systems/axioms-systems.tex	0	0	yes	32	More Proofs in \Log{K	-	-	prop#2	33	36	102	597	missing	no_native_match_found	-	-	No active declaration was found for this source unit.
normal-modal-logic/axioms-systems/more-proofs-in-K.tex	normal-modal-logic	unit	prop#3	selected	normal-modal-logic	normal-modal-logic/axioms-systems/axioms-systems.tex	0	0	yes	32	More Proofs in \Log{K	-	-	prop#3	50	52	102	597	missing	no_native_match_found	-	-	No active declaration was found for this source unit.
normal-modal-logic/axioms-systems/more-proofs-in-K.tex	normal-modal-logic	unit	prop#4	selected	normal-modal-logic	normal-modal-logic/axioms-systems/axioms-systems.tex	0	0	yes	32	More Proofs in \Log{K	-	-	prop#4	68	70	102	597	missing	no_native_match_found	-	-	No active declaration was found for this source unit.
normal-modal-logic/axioms-systems/more-proofs-in-K.tex	normal-modal-logic	unit	prob#1	selected	normal-modal-logic	normal-modal-logic/axioms-systems/axioms-systems.tex	0	0	yes	32	More Proofs in \Log{K	-	-	prob#1	89	99	102	597	missing	no_native_match_found	-	-	No active declaration was found for this source unit.
normal-modal-logic/axioms-systems/normal-logics.tex	normal-modal-logic	section	section	selected	normal-modal-logic	normal-modal-logic/axioms-systems/axioms-systems.tex	0	0	yes	321	Normal Modal Logics	defn=3;prop=3;prob=1;proof=2;prooftree=1	prop:rk;prop:notDiamondBot	prop:_#prop:rk;prop:_#prop:notDiamondBot	1	121	122	702	missing	no_native_match_found	-	-	No active FormalOLP declaration was found for this substantive source section.
normal-modal-logic/axioms-systems/normal-logics.tex	normal-modal-logic	unit	defn#1	selected	normal-modal-logic	normal-modal-logic/axioms-systems/axioms-systems.tex	0	0	yes	321	Normal Modal Logics	-	-	defn#1	23	35	122	702	missing	no_native_match_found	-	-	No active declaration was found for this source unit.
normal-modal-logic/axioms-systems/normal-logics.tex	normal-modal-logic	unit	defn#2	selected	normal-modal-logic	normal-modal-logic/axioms-systems/axioms-systems.tex	0	0	yes	321	Normal Modal Logics	-	-	defn#2	46	55	122	702	missing	no_native_match_found	-	-	No active declaration was found for this source unit.
normal-modal-logic/axioms-systems/normal-logics.tex	normal-modal-logic	unit	prop#1; label=prop:rk	selected	normal-modal-logic	normal-modal-logic/axioms-systems/axioms-systems.tex	0	0	yes	321	Normal Modal Logics	-	prop:rk	prop#1; label=prop:rk	62	70	122	702	missing	no_native_match_found	-	-	No active declaration was found for this source unit.
normal-modal-logic/axioms-systems/normal-logics.tex	normal-modal-logic	unit	prop#2; label=prop:notDiamondBot	selected	normal-modal-logic	normal-modal-logic/axioms-systems/axioms-systems.tex	0	0	yes	321	Normal Modal Logics	-	prop:notDiamondBot	prop#2; label=prop:notDiamondBot	93	95	122	702	missing	no_native_match_found	-	-	No active declaration was found for this source unit.
normal-modal-logic/axioms-systems/normal-logics.tex	normal-modal-logic	unit	prob#1	selected	normal-modal-logic	normal-modal-logic/axioms-systems/axioms-systems.tex	0	0	yes	321	Normal Modal Logics	-	-	prob#1	97	99	122	702	missing	no_native_match_found	-	-	No active declaration was found for this source unit.
normal-modal-logic/axioms-systems/normal-logics.tex	normal-modal-logic	unit	prop#3	selected	normal-modal-logic	normal-modal-logic/axioms-systems/axioms-systems.tex	0	0	yes	321	Normal Modal Logics	-	-	prop#3	101	105	122	702	missing	no_native_match_found	-	-	No active declaration was found for this source unit.
normal-modal-logic/axioms-systems/normal-logics.tex	normal-modal-logic	unit	defn#3	selected	normal-modal-logic	normal-modal-logic/axioms-systems/axioms-systems.tex	0	0	yes	321	Normal Modal Logics	-	-	defn#3	115	119	122	702	missing	no_native_match_found	-	-	No active declaration was found for this source unit.
normal-modal-logic/axioms-systems/proofs-in-K.tex	normal-modal-logic	section	section	selected	normal-modal-logic	normal-modal-logic/axioms-systems/axioms-systems.tex	0	0	yes	101	Proofs in \Log{K	prop=4;prob=1;proof=4;derivation=6	-	-	1	159	160	1127	missing	no_native_match_found	-	-	No active FormalOLP declaration was found for this substantive source section.
normal-modal-logic/axioms-systems/proofs-in-K.tex	normal-modal-logic	unit	prop#1	selected	normal-modal-logic	normal-modal-logic/axioms-systems/axioms-systems.tex	0	0	yes	101	Proofs in \Log{K	-	-	prop#1	18	20	160	1127	missing	no_native_match_found	-	-	No active declaration was found for this source unit.
normal-modal-logic/axioms-systems/proofs-in-K.tex	normal-modal-logic	unit	prop#2	selected	normal-modal-logic	normal-modal-logic/axioms-systems/axioms-systems.tex	0	0	yes	101	Proofs in \Log{K	-	-	prop#2	32	34	160	1127	missing	no_native_match_found	-	-	No active declaration was found for this source unit.
normal-modal-logic/axioms-systems/proofs-in-K.tex	normal-modal-logic	unit	prop#3	selected	normal-modal-logic	normal-modal-logic/axioms-systems/axioms-systems.tex	0	0	yes	101	Proofs in \Log{K	-	-	prop#3	61	63	160	1127	missing	no_native_match_found	-	-	No active declaration was found for this source unit.
normal-modal-logic/axioms-systems/proofs-in-K.tex	normal-modal-logic	unit	prop#4	selected	normal-modal-logic	normal-modal-logic/axioms-systems/axioms-systems.tex	0	0	yes	101	Proofs in \Log{K	-	-	prop#4	89	92	160	1127	missing	no_native_match_found	-	-	No active declaration was found for this source unit.
normal-modal-logic/axioms-systems/proofs-in-K.tex	normal-modal-logic	unit	prob#1	selected	normal-modal-logic	normal-modal-logic/axioms-systems/axioms-systems.tex	0	0	yes	101	Proofs in \Log{K	-	-	prob#1	150	157	160	1127	missing	no_native_match_found	-	-	No active declaration was found for this source unit.
normal-modal-logic/axioms-systems/proofs-modal-systems.tex	normal-modal-logic	section	section	selected	normal-modal-logic	normal-modal-logic/axioms-systems/axioms-systems.tex	0	0	yes	79	Proofs in Modal Systems	defn=1;prop=2;prob=1;proof=2;derivation=6	prop:S5facts;prop:S5facts-KT-D;prop:S5	prop:_#prop:S5facts,prop:S5facts-KT-D;prop:_#prop:S5	1	107	108	602	missing	no_native_match_found	-	-	No active FormalOLP declaration was found for this substantive source section.
normal-modal-logic/axioms-systems/proofs-modal-systems.tex	normal-modal-logic	unit	prop#1; label=prop:S5facts	selected	normal-modal-logic	normal-modal-logic/axioms-systems/axioms-systems.tex	0	0	yes	79	Proofs in Modal Systems	-	prop:S5facts	prop#1; label=prop:S5facts	15	25	108	602	missing	no_native_match_found	-	-	No active declaration was found for this source unit.
normal-modal-logic/axioms-systems/proofs-modal-systems.tex	normal-modal-logic	unit	defn#1	selected	normal-modal-logic	normal-modal-logic/axioms-systems/axioms-systems.tex	0	0	yes	79	Proofs in Modal Systems	-	-	defn#1	84	87	108	602	missing	no_native_match_found	-	-	No active declaration was found for this source unit.
normal-modal-logic/axioms-systems/proofs-modal-systems.tex	normal-modal-logic	unit	prop#2; label=prop:S5	selected	normal-modal-logic	normal-modal-logic/axioms-systems/axioms-systems.tex	0	0	yes	79	Proofs in Modal Systems	-	prop:S5	prop#2; label=prop:S5	94	96	108	602	missing	no_native_match_found	-	-	No active declaration was found for this source unit.
normal-modal-logic/axioms-systems/proofs-modal-systems.tex	normal-modal-logic	unit	prob#1	selected	normal-modal-logic	normal-modal-logic/axioms-systems/axioms-systems.tex	0	0	yes	79	Proofs in Modal Systems	-	-	prob#1	102	104	108	602	missing	no_native_match_found	-	-	No active declaration was found for this source unit.
normal-modal-logic/axioms-systems/provability-from-set.tex	normal-modal-logic	section	section	selected	normal-modal-logic	normal-modal-logic/axioms-systems/axioms-systems.tex	0	0	yes	49	\usetoken{S	defn=1	defn:Gammaproves	defn:_#defn:Gammaproves	1	25	26	122	missing	no_native_match_found	-	-	No active FormalOLP declaration was found for this substantive source section.
normal-modal-logic/axioms-systems/provability-from-set.tex	normal-modal-logic	unit	defn#1; label=defn:Gammaproves	selected	normal-modal-logic	normal-modal-logic/axioms-systems/axioms-systems.tex	0	0	yes	49	\usetoken{S	-	defn:Gammaproves	defn#1; label=defn:Gammaproves	17	23	26	122	missing	no_native_match_found	-	-	No active declaration was found for this source unit.
normal-modal-logic/axioms-systems/provability-properties.tex	normal-modal-logic	section	section	selected	normal-modal-logic	normal-modal-logic/axioms-systems/axioms-systems.tex	0	0	yes	71	Properties of \usetoken{S	defn=1;prop=1	prop:derivabilityfacts;prop:derivabilityfacts-monotonicity;prop:derivabilityfacts-reflexivity;prop:derivabilityfacts-cut;prop:derivabilityfacts-deduction;prop:derivabilityfacts-ruleT	prop:_#prop:derivabilityfacts,prop:derivabilityfacts-monotonicity,prop:derivabilityfacts-reflexivity,prop:derivabilityfacts-cut,prop:derivabilityfacts-deduction,prop:derivabilityfacts-ruleT	1	50	51	270	missing	no_native_match_found	-	-	No active FormalOLP declaration was found for this substantive source section.
normal-modal-logic/axioms-systems/provability-properties.tex	normal-modal-logic	unit	prop#1; label=prop:derivabilityfacts	selected	normal-modal-logic	normal-modal-logic/axioms-systems/axioms-systems.tex	0	0	yes	71	Properties of \usetoken{S	-	prop:derivabilityfacts	prop#1; label=prop:derivabilityfacts	13	35	51	270	missing	no_native_match_found	-	-	No active declaration was found for this source unit.
normal-modal-logic/axioms-systems/provability-properties.tex	normal-modal-logic	unit	defn#1	selected	normal-modal-logic	normal-modal-logic/axioms-systems/axioms-systems.tex	0	0	yes	71	Properties of \usetoken{S	-	-	defn#1	44	48	51	270	missing	no_native_match_found	-	-	No active declaration was found for this source unit.
normal-modal-logic/axioms-systems/soundness.tex	normal-modal-logic	section	section	selected	normal-modal-logic	normal-modal-logic/axioms-systems/axioms-systems.tex	0	0	yes	239	Soundness	thm=1;proof=1	thm:soundness	thm:Soundness Theorem#thm:soundness	1	57	58	411	missing	no_native_match_found	-	-	No active FormalOLP declaration was found for this substantive source section.
normal-modal-logic/axioms-systems/soundness.tex	normal-modal-logic	unit	thm#1; label=thm:soundness	selected	normal-modal-logic	normal-modal-logic/axioms-systems/axioms-systems.tex	0	0	yes	239	Soundness	-	thm:soundness	thm#1; label=thm:soundness	20	26	58	411	missing	no_native_match_found	-	-	No active declaration was found for this source unit.
normal-modal-logic/axioms-systems/systems-distinct.tex	normal-modal-logic	section	section	selected	normal-modal-logic	normal-modal-logic/axioms-systems/axioms-systems.tex	0	0	yes	355	Showing Systems are Distinct	thm=2;prop=2;prob=2;proof=4;figure=3	fig:Bnot4;thm:KTBnot45;fig:KTBnot45;thm:KD5not4;fig:KD5not4	thm:_#thm:KTBnot45;thm:_#thm:KD5not4	1	153	154	887	missing	no_native_match_found	-	-	No active FormalOLP declaration was found for this substantive source section.
normal-modal-logic/axioms-systems/systems-distinct.tex	normal-modal-logic	unit	prop#1	selected	normal-modal-logic	normal-modal-logic/axioms-systems/axioms-systems.tex	0	0	yes	355	Showing Systems are Distinct	-	-	prop#1	19	21	154	887	missing	no_native_match_found	-	-	No active declaration was found for this source unit.
normal-modal-logic/axioms-systems/systems-distinct.tex	normal-modal-logic	unit	prop#2	selected	normal-modal-logic	normal-modal-logic/axioms-systems/axioms-systems.tex	0	0	yes	355	Showing Systems are Distinct	-	-	prop#2	36	38	154	887	missing	no_native_match_found	-	-	No active declaration was found for this source unit.
normal-modal-logic/axioms-systems/systems-distinct.tex	normal-modal-logic	unit	thm#1; label=thm:KTBnot45	selected	normal-modal-logic	normal-modal-logic/axioms-systems/axioms-systems.tex	0	0	yes	355	Showing Systems are Distinct	-	thm:KTBnot45	thm#1; label=thm:KTBnot45	65	67	154	887	missing	no_native_match_found	-	-	No active declaration was found for this source unit.
normal-modal-logic/axioms-systems/systems-distinct.tex	normal-modal-logic	unit	thm#2; label=thm:KD5not4	selected	normal-modal-logic	normal-modal-logic/axioms-systems/axioms-systems.tex	0	0	yes	355	Showing Systems are Distinct	-	thm:KD5not4	thm#2; label=thm:KD5not4	105	107	154	887	missing	no_native_match_found	-	-	No active declaration was found for this source unit.
normal-modal-logic/axioms-systems/systems-distinct.tex	normal-modal-logic	unit	prob#1	selected	normal-modal-logic	normal-modal-logic/axioms-systems/axioms-systems.tex	0	0	yes	355	Showing Systems are Distinct	-	-	prob#1	143	146	154	887	missing	no_native_match_found	-	-	No active declaration was found for this source unit.
normal-modal-logic/axioms-systems/systems-distinct.tex	normal-modal-logic	unit	prob#2	selected	normal-modal-logic	normal-modal-logic/axioms-systems/axioms-systems.tex	0	0	yes	355	Showing Systems are Distinct	-	-	prob#2	148	151	154	887	missing	no_native_match_found	-	-	No active declaration was found for this source unit.
normal-modal-logic/completeness/canonical-models.tex	normal-modal-logic	section	section	selected	normal-modal-logic	normal-modal-logic/completeness/completeness.tex	0	0	yes	55	Canonical Models	defn=1	-	-	1	35	36	158	missing	no_native_match_found	-	-	No active FormalOLP declaration was found for this substantive source section.
normal-modal-logic/completeness/canonical-models.tex	normal-modal-logic	unit	defn#1	selected	normal-modal-logic	normal-modal-logic/completeness/completeness.tex	0	0	yes	55	Canonical Models	-	-	defn#1	20	32	36	158	missing	no_native_match_found	-	-	No active declaration was found for this source unit.
normal-modal-logic/completeness/complete-consistent-sets.tex	normal-modal-logic	section	section	selected	normal-modal-logic	normal-modal-logic/completeness/completeness.tex	0	0	yes	338	Complete $\Sigma$-Consistent Sets	defn=1;prop=1;probtag=1;proof=1	prop:ccs-properties;prop:ccs-closed;prop:ccs-sigma;prop:ccs-lfalse;prop:ccs-ltrue;prop:ccs-lnot;prop:ccs-land;prop:ccs-lor;prop:ccs-lif;prop:ccs-liff	prop:_#prop:ccs-properties,prop:ccs-closed,prop:ccs-sigma,prop:ccs-lfalse,prop:ccs-ltrue,prop:ccs-lnot,prop:ccs-land,prop:ccs-lor,prop:ccs-lif,prop:ccs-liff	1	137	138	912	missing	no_native_match_found	-	-	No active FormalOLP declaration was found for this substantive source section.
normal-modal-logic/completeness/complete-consistent-sets.tex	normal-modal-logic	unit	defn#1	selected	normal-modal-logic	normal-modal-logic/completeness/completeness.tex	0	0	yes	338	Complete $\Sigma$-Consistent Sets	-	-	defn#1	24	28	138	912	missing	no_native_match_found	-	-	No active declaration was found for this source unit.
normal-modal-logic/completeness/complete-consistent-sets.tex	normal-modal-logic	unit	prop#1; label=prop:ccs-properties	selected	normal-modal-logic	normal-modal-logic/completeness/completeness.tex	0	0	yes	338	Complete $\Sigma$-Consistent Sets	-	prop:ccs-properties	prop#1; label=prop:ccs-properties	38	62	138	912	missing	no_native_match_found	-	-	No active declaration was found for this source unit.
normal-modal-logic/completeness/completeness-K.tex	normal-modal-logic	section	section	selected	normal-modal-logic	normal-modal-logic/completeness/completeness.tex	0	0	yes	198	Determination and Completeness for \Log{K	defn=1;thm=1;cor=1;proof=2	thm:determination;cor:Kcomplete	thm:Determination#thm:determination;cor:_#cor:Kcomplete	1	65	66	369	missing	no_native_match_found	-	-	No active FormalOLP declaration was found for this substantive source section.
normal-modal-logic/completeness/completeness-K.tex	normal-modal-logic	unit	defn#1	selected	normal-modal-logic	normal-modal-logic/completeness/completeness.tex	0	0	yes	198	Determination and Completeness for \Log{K	-	-	defn#1	19	23	66	369	missing	no_native_match_found	-	-	No active declaration was found for this source unit.
normal-modal-logic/completeness/completeness-K.tex	normal-modal-logic	unit	thm#1; label=thm:determination	selected	normal-modal-logic	normal-modal-logic/completeness/completeness.tex	0	0	yes	198	Determination and Completeness for \Log{K	-	thm:determination	thm#1; label=thm:determination	25	27	66	369	missing	no_native_match_found	-	-	No active declaration was found for this source unit.
normal-modal-logic/completeness/completeness-K.tex	normal-modal-logic	unit	cor#1; label=cor:Kcomplete	selected	normal-modal-logic	normal-modal-logic/completeness/completeness.tex	0	0	yes	198	Determination and Completeness for \Log{K	-	cor:Kcomplete	cor#1; label=cor:Kcomplete	47	51	66	369	missing	no_native_match_found	-	-	No active declaration was found for this source unit.
normal-modal-logic/completeness/completeness.tex	normal-modal-logic	chapter	section	selected	normal-modal-logic	normal-modal-logic/normal-modal-logic.tex	8	0	no	5	nml	-	-	-	1	22	23	48	structural_container	aggregator	-	-	Aggregator/editorial import container; child source files are audited separately.
normal-modal-logic/completeness/frame-completeness.tex	normal-modal-logic	section	section	selected	normal-modal-logic	normal-modal-logic/completeness/completeness.tex	0	0	yes	621	Frame Completeness	thm=2;prop=1;proof=2;table=1	thm:completeframeprops;tab:correspondencetable;thm:generaldet;prop:anotherfive-a	thm:_#thm:completeframeprops;thm:_#thm:generaldet;prop:_#prop:anotherfive-a	1	233	234	1589	missing	no_native_match_found	-	-	No active FormalOLP declaration was found for this substantive source section.
normal-modal-logic/completeness/frame-completeness.tex	normal-modal-logic	unit	thm#1; label=thm:completeframeprops	selected	normal-modal-logic	normal-modal-logic/completeness/completeness.tex	0	0	yes	621	Frame Completeness	-	thm:completeframeprops	thm#1; label=thm:completeframeprops	17	22	234	1589	missing	no_native_match_found	-	-	No active declaration was found for this source unit.
normal-modal-logic/completeness/frame-completeness.tex	normal-modal-logic	unit	thm#2; label=thm:generaldet	selected	normal-modal-logic	normal-modal-logic/completeness/completeness.tex	0	0	yes	621	Frame Completeness	-	thm:generaldet	thm#2; label=thm:generaldet	117	127	234	1589	missing	no_native_match_found	-	-	No active declaration was found for this source unit.
normal-modal-logic/completeness/frame-completeness.tex	normal-modal-logic	unit	prop#1; label=prop:anotherfive-a	selected	normal-modal-logic	normal-modal-logic/completeness/completeness.tex	0	0	yes	621	Frame Completeness	-	prop:anotherfive-a	prop#1; label=prop:anotherfive-a	129	142	234	1589	missing	no_native_match_found	-	-	No active declaration was found for this source unit.
normal-modal-logic/completeness/introduction.tex	normal-modal-logic	section	section	selected	normal-modal-logic	normal-modal-logic/completeness/completeness.tex	0	0	yes	472	Introduction	-	-	-	1	73	74	648	missing	no_native_match_found	-	-	No active FormalOLP declaration was found for this substantive source section.
normal-modal-logic/completeness/lindenbaums-lemma.tex	normal-modal-logic	section	section	selected	normal-modal-logic	normal-modal-logic/completeness/completeness.tex	0	0	yes	409	Lindenbaum's Lemma	thm=1;cor=1;proof=2	thm:lindenbaum;cor:provability-characterization	thm:Lindenbaum's Lemma#thm:lindenbaum;cor:_#cor:provability-characterization	1	107	108	748	missing	no_native_match_found	-	-	No active FormalOLP declaration was found for this substantive source section.
normal-modal-logic/completeness/lindenbaums-lemma.tex	normal-modal-logic	unit	thm#1; label=thm:lindenbaum	selected	normal-modal-logic	normal-modal-logic/completeness/completeness.tex	0	0	yes	409	Lindenbaum's Lemma	-	thm:lindenbaum	thm#1; label=thm:lindenbaum	21	24	108	748	missing	no_native_match_found	-	-	No active declaration was found for this source unit.
normal-modal-logic/completeness/lindenbaums-lemma.tex	normal-modal-logic	unit	cor#1; label=cor:provability-characterization	selected	normal-modal-logic	normal-modal-logic/completeness/completeness.tex	0	0	yes	409	Lindenbaum's Lemma	-	cor:provability-characterization	cor#1; label=cor:provability-characterization	87	92	108	748	missing	no_native_match_found	-	-	No active declaration was found for this source unit.
normal-modal-logic/completeness/modalities-ccs.tex	normal-modal-logic	section	section	selected	normal-modal-logic	normal-modal-logic/completeness/completeness.tex	0	0	yes	664	Modalities and Complete Consistent Sets	defn=1;prop=3;lem=3;prob=1;proof=6;explain=1	lem:box1;lem:box2;prop:box;prop:diamond;lem:box-iff-diamond	prop:_#prop:box;prop:_#prop:diamond;prop:_#prop:diamond;lem:_#lem:box1;lem:_#lem:box2;lem:_#lem:box-iff-diamond	1	246	247	1679	missing	no_native_match_found	-	-	No active FormalOLP declaration was found for this substantive source section.
normal-modal-logic/completeness/modalities-ccs.tex	normal-modal-logic	unit	defn#1	selected	normal-modal-logic	normal-modal-logic/completeness/completeness.tex	0	0	yes	664	Modalities and Complete Consistent Sets	-	-	defn#1	63	72	247	1679	missing	no_native_match_found	-	-	No active declaration was found for this source unit.
normal-modal-logic/completeness/modalities-ccs.tex	normal-modal-logic	unit	lem#1; label=lem:box1	selected	normal-modal-logic	normal-modal-logic/completeness/completeness.tex	0	0	yes	664	Modalities and Complete Consistent Sets	-	lem:box1	lem#1; label=lem:box1	87	90	247	1679	missing	no_native_match_found	-	-	No active declaration was found for this source unit.
normal-modal-logic/completeness/modalities-ccs.tex	normal-modal-logic	unit	lem#2; label=lem:box2	selected	normal-modal-logic	normal-modal-logic/completeness/completeness.tex	0	0	yes	664	Modalities and Complete Consistent Sets	-	lem:box2	lem#2; label=lem:box2	102	105	247	1679	missing	no_native_match_found	-	-	No active declaration was found for this source unit.
normal-modal-logic/completeness/modalities-ccs.tex	normal-modal-logic	unit	prop#1; label=prop:box	selected	normal-modal-logic	normal-modal-logic/completeness/completeness.tex	0	0	yes	664	Modalities and Complete Consistent Sets	-	prop:box	prop#1; label=prop:box	117	122	247	1679	missing	no_native_match_found	-	-	No active declaration was found for this source unit.
normal-modal-logic/completeness/modalities-ccs.tex	normal-modal-logic	unit	prop#2; label=prop:diamond	selected	normal-modal-logic	normal-modal-logic/completeness/completeness.tex	0	0	yes	664	Modalities and Complete Consistent Sets	-	prop:diamond	prop#2; label=prop:diamond	144	149	247	1679	missing	no_native_match_found	-	-	No active declaration was found for this source unit.
normal-modal-logic/completeness/modalities-ccs.tex	normal-modal-logic	unit	lem#3; label=lem:box-iff-diamond	selected	normal-modal-logic	normal-modal-logic/completeness/completeness.tex	0	0	yes	664	Modalities and Complete Consistent Sets	-	lem:box-iff-diamond	lem#3; label=lem:box-iff-diamond	179	183	247	1679	missing	no_native_match_found	-	-	No active declaration was found for this source unit.
normal-modal-logic/completeness/modalities-ccs.tex	normal-modal-logic	unit	prop#3; label=prop:diamond	selected	normal-modal-logic	normal-modal-logic/completeness/completeness.tex	0	0	yes	664	Modalities and Complete Consistent Sets	-	prop:diamond	prop#3; label=prop:diamond	209	214	247	1679	missing	no_native_match_found	-	-	No active declaration was found for this source unit.
normal-modal-logic/completeness/modalities-ccs.tex	normal-modal-logic	unit	prob#1	selected	normal-modal-logic	normal-modal-logic/completeness/completeness.tex	0	0	yes	664	Modalities and Complete Consistent Sets	-	-	prob#1	235	244	247	1679	missing	no_native_match_found	-	-	No active declaration was found for this source unit.
normal-modal-logic/completeness/truth-lemma.tex	normal-modal-logic	section	section	selected	normal-modal-logic	normal-modal-logic/completeness/completeness.tex	0	0	yes	301	The Truth Lemma	prop=1;probtag=1;proof=1	prop:truthlemma	prop:Truth Lemma#prop:truthlemma	1	147	148	962	missing	no_native_match_found	-	-	No active FormalOLP declaration was found for this substantive source section.
normal-modal-logic/completeness/truth-lemma.tex	normal-modal-logic	unit	prop#1; label=prop:truthlemma	selected	normal-modal-logic	normal-modal-logic/completeness/completeness.tex	0	0	yes	301	The Truth Lemma	-	prop:truthlemma	prop#1; label=prop:truthlemma	22	26	148	962	missing	no_native_match_found	-	-	No active declaration was found for this source unit.
normal-modal-logic/filtrations/S5-decidable.tex	normal-modal-logic	section	section	selected	normal-modal-logic	normal-modal-logic/filtrations/filtrations.tex	0	0	yes	153	\Log{S5	thm=1;proof=1	-	-	1	38	39	225	missing	no_native_match_found	-	-	No active FormalOLP declaration was found for this substantive source section.
normal-modal-logic/filtrations/S5-decidable.tex	normal-modal-logic	unit	thm#1	selected	normal-modal-logic	normal-modal-logic/filtrations/filtrations.tex	0	0	yes	153	\Log{S5	-	-	thm#1	17	19	39	225	missing	no_native_match_found	-	-	No active declaration was found for this source unit.
normal-modal-logic/filtrations/S5-fmp.tex	normal-modal-logic	section	section	selected	normal-modal-logic	normal-modal-logic/filtrations/filtrations.tex	0	0	yes	335	\Log{K	defn=1;prop=2;cor=1;prob=2;proof=3	prop:K-fmp;prop:univ-fin;cor:S5fmp	prop:_#prop:K-fmp;prop:_#prop:univ-fin;cor:_#cor:S5fmp	1	89	90	576	missing	no_native_match_found	-	-	No active FormalOLP declaration was found for this substantive source section.
normal-modal-logic/filtrations/S5-fmp.tex	normal-modal-logic	unit	defn#1	selected	normal-modal-logic	normal-modal-logic/filtrations/filtrations.tex	0	0	yes	335	\Log{K	-	-	defn#1	13	18	90	576	missing	no_native_match_found	-	-	No active declaration was found for this source unit.
normal-modal-logic/filtrations/S5-fmp.tex	normal-modal-logic	unit	prop#1; label=prop:K-fmp	selected	normal-modal-logic	normal-modal-logic/filtrations/filtrations.tex	0	0	yes	335	\Log{K	-	prop:K-fmp	prop#1; label=prop:K-fmp	20	22	90	576	missing	no_native_match_found	-	-	No active declaration was found for this source unit.
normal-modal-logic/filtrations/S5-fmp.tex	normal-modal-logic	unit	prop#2; label=prop:univ-fin	selected	normal-modal-logic	normal-modal-logic/filtrations/filtrations.tex	0	0	yes	335	\Log{K	-	prop:univ-fin	prop#2; label=prop:univ-fin	42	48	90	576	missing	no_native_match_found	-	-	No active declaration was found for this source unit.
normal-modal-logic/filtrations/S5-fmp.tex	normal-modal-logic	unit	cor#1; label=cor:S5fmp	selected	normal-modal-logic	normal-modal-logic/filtrations/filtrations.tex	0	0	yes	335	\Log{K	-	cor:S5fmp	cor#1; label=cor:S5fmp	65	67	90	576	missing	no_native_match_found	-	-	No active declaration was found for this source unit.
normal-modal-logic/filtrations/S5-fmp.tex	normal-modal-logic	unit	prob#1	selected	normal-modal-logic	normal-modal-logic/filtrations/filtrations.tex	0	0	yes	335	\Log{K	-	-	prob#1	79	82	90	576	missing	no_native_match_found	-	-	No active declaration was found for this source unit.
normal-modal-logic/filtrations/S5-fmp.tex	normal-modal-logic	unit	prob#2	selected	normal-modal-logic	normal-modal-logic/filtrations/filtrations.tex	0	0	yes	335	\Log{K	-	-	prob#2	84	87	90	576	missing	no_native_match_found	-	-	No active declaration was found for this source unit.
normal-modal-logic/filtrations/euclidean-filtrations.tex	normal-modal-logic	section	section	selected	normal-modal-logic	normal-modal-logic/filtrations/filtrations.tex	0	0	yes	354	Filtrations of Euclidean Models	thm=1;prob=1;proof=1;figure=2	fig:ser-eucl;fig:ser-eucl2;thm:modal-closed-filt	thm:_#thm:modal-closed-filt	1	134	135	780	missing	no_native_match_found	-	-	No active FormalOLP declaration was found for this substantive source section.
normal-modal-logic/filtrations/euclidean-filtrations.tex	normal-modal-logic	unit	thm#1; label=thm:modal-closed-filt	selected	normal-modal-logic	normal-modal-logic/filtrations/filtrations.tex	0	0	yes	354	Filtrations of Euclidean Models	-	thm:modal-closed-filt	thm#1; label=thm:modal-closed-filt	96	105	135	780	missing	no_native_match_found	-	-	No active declaration was found for this source unit.
normal-modal-logic/filtrations/euclidean-filtrations.tex	normal-modal-logic	unit	prob#1	selected	normal-modal-logic	normal-modal-logic/filtrations/filtrations.tex	0	0	yes	354	Filtrations of Euclidean Models	-	-	prob#1	130	132	135	780	missing	no_native_match_found	-	-	No active declaration was found for this source unit.
normal-modal-logic/filtrations/examples-of-filtrations.tex	normal-modal-logic	section	section	selected	normal-modal-logic	normal-modal-logic/filtrations/filtrations.tex	0	0	yes	606	Examples of Filtrations	defn=2;prop=2;ex=1;prob=1;probtag=1;proof=2;figure=1	prop:finest;defn:coarsest-Box;defn:coarsest-Diamond;fig:ex-filtration	defn:_#defn:coarsest-Box,defn:coarsest-Diamond;prop:_#prop:finest;ex:_#fig:ex-filtration	1	228	229	1511	missing	no_native_match_found	-	-	No active FormalOLP declaration was found for this substantive source section.
normal-modal-logic/filtrations/examples-of-filtrations.tex	normal-modal-logic	unit	defn#1	selected	normal-modal-logic	normal-modal-logic/filtrations/filtrations.tex	0	0	yes	606	Examples of Filtrations	-	-	defn#1	22	29	229	1511	missing	no_native_match_found	-	-	No active declaration was found for this source unit.
normal-modal-logic/filtrations/examples-of-filtrations.tex	normal-modal-logic	unit	prop#1; label=prop:finest	selected	normal-modal-logic	normal-modal-logic/filtrations/filtrations.tex	0	0	yes	606	Examples of Filtrations	-	prop:finest	prop#1; label=prop:finest	31	33	229	1511	missing	no_native_match_found	-	-	No active declaration was found for this source unit.
normal-modal-logic/filtrations/examples-of-filtrations.tex	normal-modal-logic	unit	defn#2; label=defn:coarsest-Box	selected	normal-modal-logic	normal-modal-logic/filtrations/filtrations.tex	0	0	yes	606	Examples of Filtrations	-	defn:coarsest-Box	defn#2; label=defn:coarsest-Box	68	82	229	1511	missing	no_native_match_found	-	-	No active declaration was found for this source unit.
normal-modal-logic/filtrations/examples-of-filtrations.tex	normal-modal-logic	unit	prop#2	selected	normal-modal-logic	normal-modal-logic/filtrations/filtrations.tex	0	0	yes	606	Examples of Filtrations	-	-	prop#2	84	86	229	1511	missing	no_native_match_found	-	-	No active declaration was found for this source unit.
normal-modal-logic/filtrations/examples-of-filtrations.tex	normal-modal-logic	unit	ex#1; label=fig:ex-filtration	selected	normal-modal-logic	normal-modal-logic/filtrations/filtrations.tex	0	0	yes	606	Examples of Filtrations	-	fig:ex-filtration	ex#1; label=fig:ex-filtration	101	166	229	1511	missing	no_native_match_found	-	-	No active declaration was found for this source unit.
normal-modal-logic/filtrations/examples-of-filtrations.tex	normal-modal-logic	unit	prob#1	selected	normal-modal-logic	normal-modal-logic/filtrations/filtrations.tex	0	0	yes	606	Examples of Filtrations	-	-	prob#1	169	226	229	1511	missing	no_native_match_found	-	-	No active declaration was found for this source unit.
normal-modal-logic/filtrations/filtrations-def.tex	normal-modal-logic	section	section	selected	normal-modal-logic	normal-modal-logic/filtrations/filtrations.tex	0	0	yes	442	Filtrations	defn=1;thm=1;cor=1;prob=1;proof=1	defn:filtration;defn:filtration-R;defn:filtration-R1;defn:filtration-R2;defn:filtration-R3;thm:filtrations	defn:_#defn:filtration,defn:filtration-R,defn:filtration-R1,defn:filtration-R2,defn:filtration-R3;thm:_#thm:filtrations	1	174	175	1224	missing	no_native_match_found	-	-	No active FormalOLP declaration was found for this substantive source section.
normal-modal-logic/filtrations/filtrations-def.tex	normal-modal-logic	unit	defn#1; label=defn:filtration	selected	normal-modal-logic	normal-modal-logic/filtrations/filtrations.tex	0	0	yes	442	Filtrations	-	defn:filtration	defn#1; label=defn:filtration	23	43	175	1224	missing	no_native_match_found	-	-	No active declaration was found for this source unit.
normal-modal-logic/filtrations/filtrations-def.tex	normal-modal-logic	unit	thm#1; label=thm:filtrations	selected	normal-modal-logic	normal-modal-logic/filtrations/filtrations.tex	0	0	yes	442	Filtrations	-	thm:filtrations	thm#1; label=thm:filtrations	55	59	175	1224	missing	no_native_match_found	-	-	No active declaration was found for this source unit.
normal-modal-logic/filtrations/filtrations-def.tex	normal-modal-logic	unit	prob#1	selected	normal-modal-logic	normal-modal-logic/filtrations/filtrations.tex	0	0	yes	442	Filtrations	-	-	prob#1	152	154	175	1224	missing	no_native_match_found	-	-	No active declaration was found for this source unit.
normal-modal-logic/filtrations/filtrations-def.tex	normal-modal-logic	unit	cor#1	selected	normal-modal-logic	normal-modal-logic/filtrations/filtrations.tex	0	0	yes	442	Filtrations	-	-	cor#1	159	170	175	1224	missing	no_native_match_found	-	-	No active declaration was found for this source unit.
normal-modal-logic/filtrations/filtrations.tex	normal-modal-logic	chapter	section	selected	normal-modal-logic	normal-modal-logic/normal-modal-logic.tex	9	0	no	4	nml	-	-	-	1	23	24	47	structural_container	aggregator	-	-	Aggregator/editorial import container; child source files are audited separately.
normal-modal-logic/filtrations/finite.tex	normal-modal-logic	section	section	selected	normal-modal-logic	normal-modal-logic/filtrations/filtrations.tex	0	0	yes	189	Filtrations are Finite	prop=1;proof=1	prop:filt-are-finite	prop:_#prop:filt-are-finite	1	45	46	304	missing	no_native_match_found	-	-	No active FormalOLP declaration was found for this substantive source section.
normal-modal-logic/filtrations/finite.tex	normal-modal-logic	unit	prop#1; label=prop:filt-are-finite	selected	normal-modal-logic	normal-modal-logic/filtrations/filtrations.tex	0	0	yes	189	Filtrations are Finite	-	prop:filt-are-finite	prop#1; label=prop:filt-are-finite	20	23	46	304	missing	no_native_match_found	-	-	No active declaration was found for this source unit.
normal-modal-logic/filtrations/introduction.tex	normal-modal-logic	section	section	selected	normal-modal-logic	normal-modal-logic/filtrations/filtrations.tex	0	0	yes	1013	Introduction	-	-	-	1	131	132	1310	missing	no_native_match_found	-	-	No active FormalOLP declaration was found for this substantive source section.
normal-modal-logic/filtrations/more-filtrations.tex	normal-modal-logic	section	section	selected	normal-modal-logic	normal-modal-logic/filtrations/filtrations.tex	0	0	yes	334	Filtrations and Properties of Accessibility	thm=1;prob=1;proof=1;table=1	tab:Cn-filtrations;thm:more-filtrations	thm:_#thm:more-filtrations	1	135	136	887	missing	no_native_match_found	-	-	No active FormalOLP declaration was found for this substantive source section.
normal-modal-logic/filtrations/more-filtrations.tex	normal-modal-logic	unit	thm#1; label=thm:more-filtrations	selected	normal-modal-logic	normal-modal-logic/filtrations/filtrations.tex	0	0	yes	334	Filtrations and Properties of Accessibility	-	thm:more-filtrations	thm#1; label=thm:more-filtrations	72	93	136	887	missing	no_native_match_found	-	-	No active declaration was found for this source unit.
normal-modal-logic/filtrations/more-filtrations.tex	normal-modal-logic	unit	prob#1	selected	normal-modal-logic	normal-modal-logic/filtrations/filtrations.tex	0	0	yes	334	Filtrations and Properties of Accessibility	-	-	prob#1	131	133	136	887	missing	no_native_match_found	-	-	No active declaration was found for this source unit.
normal-modal-logic/filtrations/preliminaries.tex	normal-modal-logic	section	section	selected	normal-modal-logic	normal-modal-logic/filtrations/filtrations.tex	0	0	yes	302	Preliminaries	defn=2;prop=1;proof=1	defn:modallyclosed	defn:_#defn:modallyclosed	1	76	77	502	missing	no_native_match_found	-	-	No active FormalOLP declaration was found for this substantive source section.
normal-modal-logic/filtrations/preliminaries.tex	normal-modal-logic	unit	defn#1; label=defn:modallyclosed	selected	normal-modal-logic	normal-modal-logic/filtrations/filtrations.tex	0	0	yes	302	Preliminaries	-	defn:modallyclosed	defn#1; label=defn:modallyclosed	20	26	77	502	missing	no_native_match_found	-	-	No active declaration was found for this source unit.
normal-modal-logic/filtrations/preliminaries.tex	normal-modal-logic	unit	defn#2	selected	normal-modal-logic	normal-modal-logic/filtrations/filtrations.tex	0	0	yes	302	Preliminaries	-	-	defn#2	38	51	77	502	missing	no_native_match_found	-	-	No active declaration was found for this source unit.
normal-modal-logic/filtrations/preliminaries.tex	normal-modal-logic	unit	prop#1	selected	normal-modal-logic	normal-modal-logic/filtrations/filtrations.tex	0	0	yes	302	Preliminaries	-	-	prop#1	53	57	77	502	missing	no_native_match_found	-	-	No active declaration was found for this source unit.
normal-modal-logic/frame-definability/definability.tex	normal-modal-logic	section	section	selected	normal-modal-logic	normal-modal-logic/frame-definability/frame-definability.tex	0	0	yes	786	Frame Definability	defn=1;thm=1;prop=1;cor=2;prob=2;proof=2	thm:fullCorrespondence;prop:D-serial;prop:relation-facts	thm:_#thm:fullCorrespondence;prop:_#prop:relation-facts;cor:_#prop:D-serial	1	167	168	1381	proved_weaker	manual_fragment_match	FormalOLP/NormalModalLogic/Soundness.lean	FormalOLP/NormalModalLogic/Soundness.lean:45-249	Several correspondence theorems are native; full frame-definability and all source schema families are absent.
normal-modal-logic/frame-definability/definability.tex	normal-modal-logic	unit	defn#1	selected	normal-modal-logic	normal-modal-logic/frame-definability/frame-definability.tex	0	0	yes	786	Frame Definability	-	-	defn#1	21	25	168	1381	defined_only	manual_definition_match	FormalOLP/NormalModalLogic/Soundness.lean	FormalOLP/NormalModalLogic/Soundness.lean:45-249	Several correspondence theorems are native; full frame-definability and all source schema families are absent.
normal-modal-logic/frame-definability/definability.tex	normal-modal-logic	unit	thm#1; label=thm:fullCorrespondence	selected	normal-modal-logic	normal-modal-logic/frame-definability/frame-definability.tex	0	0	yes	786	Frame Definability	-	thm:fullCorrespondence	thm#1; label=thm:fullCorrespondence	30	34	168	1381	missing	no_native_match_found	-	-	No individual source theorem/example mapping was recorded.
normal-modal-logic/frame-definability/definability.tex	normal-modal-logic	unit	cor#1; label=prop:D-serial	selected	normal-modal-logic	normal-modal-logic/frame-definability/frame-definability.tex	0	0	yes	786	Frame Definability	-	prop:D-serial	cor#1; label=prop:D-serial	100	102	168	1381	missing	no_native_match_found	-	-	No individual source theorem/example mapping was recorded.
normal-modal-logic/frame-definability/definability.tex	normal-modal-logic	unit	cor#2	selected	normal-modal-logic	normal-modal-logic/frame-definability/frame-definability.tex	0	0	yes	786	Frame Definability	-	-	cor#2	104	107	168	1381	missing	no_native_match_found	-	-	No individual source theorem/example mapping was recorded.
normal-modal-logic/frame-definability/definability.tex	normal-modal-logic	unit	prob#1	selected	normal-modal-logic	normal-modal-logic/frame-definability/frame-definability.tex	0	0	yes	786	Frame Definability	-	-	prob#1	119	126	168	1381	missing	no_native_match_found	-	-	No individual source theorem/example mapping was recorded.
normal-modal-logic/frame-definability/definability.tex	normal-modal-logic	unit	prop#1; label=prop:relation-facts	selected	normal-modal-logic	normal-modal-logic/frame-definability/frame-definability.tex	0	0	yes	786	Frame Definability	-	prop:relation-facts	prop#1; label=prop:relation-facts	150	161	168	1381	missing	no_native_match_found	-	-	No individual source theorem/example mapping was recorded.
normal-modal-logic/frame-definability/definability.tex	normal-modal-logic	unit	prob#2	selected	normal-modal-logic	normal-modal-logic/frame-definability/frame-definability.tex	0	0	yes	786	Frame Definability	-	-	prob#2	163	165	168	1381	missing	no_native_match_found	-	-	No individual source theorem/example mapping was recorded.
normal-modal-logic/frame-definability/equivalence-S5.tex	normal-modal-logic	section	section	selected	normal-modal-logic	normal-modal-logic/frame-definability/frame-definability.tex	0	0	yes	534	Equivalence Relations and \Log{S5	defn=1;prop=3;prob=1;proof=2;figure=1	prop:equivalences;prop:S5=univ;fig:partition	prop:_#prop:equivalences;prop:_#prop:S5=univ	1	143	144	948	missing	no_native_match_found	-	-	No active FormalOLP declaration was found for this substantive source section.
normal-modal-logic/frame-definability/equivalence-S5.tex	normal-modal-logic	unit	defn#1	selected	normal-modal-logic	normal-modal-logic/frame-definability/frame-definability.tex	0	0	yes	534	Equivalence Relations and \Log{S5	-	-	defn#1	22	27	144	948	missing	no_native_match_found	-	-	No active declaration was found for this source unit.
normal-modal-logic/frame-definability/equivalence-S5.tex	normal-modal-logic	unit	prop#1; label=prop:equivalences	selected	normal-modal-logic	normal-modal-logic/frame-definability/frame-definability.tex	0	0	yes	534	Equivalence Relations and \Log{S5	-	prop:equivalences	prop#1; label=prop:equivalences	38	46	144	948	missing	no_native_match_found	-	-	No active declaration was found for this source unit.
normal-modal-logic/frame-definability/equivalence-S5.tex	normal-modal-logic	unit	prob#1	selected	normal-modal-logic	normal-modal-logic/frame-definability/frame-definability.tex	0	0	yes	534	Equivalence Relations and \Log{S5	-	-	prob#1	52	63	144	948	missing	no_native_match_found	-	-	No active declaration was found for this source unit.
normal-modal-logic/frame-definability/equivalence-S5.tex	normal-modal-logic	unit	prop#2	selected	normal-modal-logic	normal-modal-logic/frame-definability/frame-definability.tex	0	0	yes	534	Equivalence Relations and \Log{S5	-	-	prop#2	76	86	144	948	missing	no_native_match_found	-	-	No active declaration was found for this source unit.
normal-modal-logic/frame-definability/equivalence-S5.tex	normal-modal-logic	unit	prop#3; label=prop:S5=univ	selected	normal-modal-logic	normal-modal-logic/frame-definability/frame-definability.tex	0	0	yes	534	Equivalence Relations and \Log{S5	-	prop:S5=univ	prop#3; label=prop:S5=univ	88	93	144	948	missing	no_native_match_found	-	-	No active declaration was found for this source unit.
normal-modal-logic/frame-definability/first-order-definability.tex	normal-modal-logic	section	section	selected	normal-modal-logic	normal-modal-logic/frame-definability/frame-definability.tex	0	0	yes	410	First-order Definability	defn=1	-	-	1	87	88	631	missing	no_native_match_found	-	-	No active FormalOLP declaration was found for this substantive source section.
normal-modal-logic/frame-definability/first-order-definability.tex	normal-modal-logic	unit	defn#1	selected	normal-modal-logic	normal-modal-logic/frame-definability/frame-definability.tex	0	0	yes	410	First-order Definability	-	-	defn#1	24	31	88	631	missing	no_native_match_found	-	-	No active declaration was found for this source unit.
normal-modal-logic/frame-definability/frame-definability.tex	normal-modal-logic	chapter	section	selected	normal-modal-logic	normal-modal-logic/normal-modal-logic.tex	7	0	no	3	nml	-	-	-	1	21	22	43	structural_container	aggregator	-	-	Aggregator/editorial import container; child source files are audited separately.
normal-modal-logic/frame-definability/frames.tex	normal-modal-logic	section	section	selected	normal-modal-logic	normal-modal-logic/frame-definability/frame-definability.tex	0	0	yes	164	Frames	defn=2;rem=1	-	-	1	49	50	317	missing	no_native_match_found	-	-	No active FormalOLP declaration was found for this substantive source section.
normal-modal-logic/frame-definability/frames.tex	normal-modal-logic	unit	defn#1	selected	normal-modal-logic	normal-modal-logic/frame-definability/frame-definability.tex	0	0	yes	164	Frames	-	-	defn#1	13	18	50	317	missing	no_native_match_found	-	-	No active declaration was found for this source unit.
normal-modal-logic/frame-definability/frames.tex	normal-modal-logic	unit	defn#2	selected	normal-modal-logic	normal-modal-logic/frame-definability/frame-definability.tex	0	0	yes	164	Frames	-	-	defn#2	20	28	50	317	missing	no_native_match_found	-	-	No active declaration was found for this source unit.
normal-modal-logic/frame-definability/introduction.tex	normal-modal-logic	section	section	selected	normal-modal-logic	normal-modal-logic/frame-definability/frame-definability.tex	0	0	yes	355	Introduction	-	-	-	1	59	60	517	missing	no_native_match_found	-	-	No active FormalOLP declaration was found for this substantive source section.
normal-modal-logic/frame-definability/properties-accessibility.tex	normal-modal-logic	section	section	selected	normal-modal-logic	normal-modal-logic/frame-definability/frame-definability.tex	0	0	yes	570	Properties of Accessibility Relations	thm=1;prop=1;prob=3;proof=1;figure=1;table=2	thm:soundschemas;tab:five;fig:Bsymm;prop:reflexive;tab:anotherfive	thm:_#thm:soundschemas;prop:_#prop:reflexive	1	191	192	1245	proved_weaker	manual_fragment_match	FormalOLP/NormalModalLogic/Soundness.lean	FormalOLP/NormalModalLogic/Soundness.lean:124-249	The first five correspondence directions are native, but the source exercises, counterexample proposition, and additional five correspondence table remain outside the API.
normal-modal-logic/frame-definability/properties-accessibility.tex	normal-modal-logic	unit	thm#1; label=thm:soundschemas	selected	normal-modal-logic	normal-modal-logic/frame-definability/frame-definability.tex	0	0	yes	570	Properties of Accessibility Relations	-	thm:soundschemas	thm#1; label=thm:soundschemas	20	24	192	1245	proved_equivalent	manual_statement_match	FormalOLP/NormalModalLogic/Soundness.lean	FormalOLP/NormalModalLogic/Soundness.lean:75-249	Five explicit relation-property/schema correspondence chains are proved; source substitution-instance prose is narrower in API.
normal-modal-logic/frame-definability/properties-accessibility.tex	normal-modal-logic	unit	prob#1	selected	normal-modal-logic	normal-modal-logic/frame-definability/frame-definability.tex	0	0	yes	570	Properties of Accessibility Relations	-	-	prob#1	72	74	192	1245	missing	no_native_match_found	-	-	Counterexample proposition and exercises for additional correspondences are absent.
normal-modal-logic/frame-definability/properties-accessibility.tex	normal-modal-logic	unit	prop#1; label=prop:reflexive	selected	normal-modal-logic	normal-modal-logic/frame-definability/frame-definability.tex	0	0	yes	570	Properties of Accessibility Relations	-	prop:reflexive	prop#1; label=prop:reflexive	104	119	192	1245	missing	no_native_match_found	-	-	Counterexample proposition and exercises for additional correspondences are absent.
normal-modal-logic/frame-definability/properties-accessibility.tex	normal-modal-logic	unit	prob#2	selected	normal-modal-logic	normal-modal-logic/frame-definability/frame-definability.tex	0	0	yes	570	Properties of Accessibility Relations	-	-	prob#2	121	123	192	1245	missing	no_native_match_found	-	-	Counterexample proposition and exercises for additional correspondences are absent.
normal-modal-logic/frame-definability/properties-accessibility.tex	normal-modal-logic	unit	prob#3	selected	normal-modal-logic	normal-modal-logic/frame-definability/frame-definability.tex	0	0	yes	570	Properties of Accessibility Relations	-	-	prob#3	182	187	192	1245	missing	no_native_match_found	-	-	Counterexample proposition and exercises for additional correspondences are absent.
normal-modal-logic/frame-definability/second-order-definability.tex	normal-modal-logic	section	section	selected	normal-modal-logic	normal-modal-logic/frame-definability/frame-definability.tex	0	0	yes	495	Second-order Definability	defn=2;prop=2;cor=1;proof=3	prop:st	prop:_#prop:st	1	155	156	1111	missing	no_native_match_found	-	-	No active FormalOLP declaration was found for this substantive source section.
normal-modal-logic/frame-definability/second-order-definability.tex	normal-modal-logic	unit	defn#1	selected	normal-modal-logic	normal-modal-logic/frame-definability/frame-definability.tex	0	0	yes	495	Second-order Definability	-	-	defn#1	25	46	156	1111	missing	no_native_match_found	-	-	No active declaration was found for this source unit.
normal-modal-logic/frame-definability/second-order-definability.tex	normal-modal-logic	unit	prop#1; label=prop:st	selected	normal-modal-logic	normal-modal-logic/frame-definability/frame-definability.tex	0	0	yes	495	Second-order Definability	-	prop:st	prop#1; label=prop:st	60	67	156	1111	missing	no_native_match_found	-	-	No active declaration was found for this source unit.
normal-modal-logic/frame-definability/second-order-definability.tex	normal-modal-logic	unit	prop#2	selected	normal-modal-logic	normal-modal-logic/frame-definability/frame-definability.tex	0	0	yes	495	Second-order Definability	-	-	prop#2	73	88	156	1111	missing	no_native_match_found	-	-	No active declaration was found for this source unit.
normal-modal-logic/frame-definability/second-order-definability.tex	normal-modal-logic	unit	defn#2	selected	normal-modal-logic	normal-modal-logic/frame-definability/frame-definability.tex	0	0	yes	495	Second-order Definability	-	-	defn#2	99	106	156	1111	missing	no_native_match_found	-	-	No active declaration was found for this source unit.
normal-modal-logic/frame-definability/second-order-definability.tex	normal-modal-logic	unit	cor#1	selected	normal-modal-logic	normal-modal-logic/frame-definability/frame-definability.tex	0	0	yes	495	Second-order Definability	-	-	cor#1	108	112	156	1111	missing	no_native_match_found	-	-	No active declaration was found for this source unit.
normal-modal-logic/normal-modal-logic.tex	normal-modal-logic	part	section	selected	normal-modal-logic	content.tex	7	0	yes	27	nml	editorial=1	-	-	1	31	32	80	structural_container	aggregator	-	-	Aggregator/editorial import container; child source files are audited separately.
normal-modal-logic/sequent-calculus/introduction.tex	normal-modal-logic	section	section	selected	normal-modal-logic	normal-modal-logic/sequent-calculus/sequent-calculus.tex	0	0	yes	81	Introduction	-	-	-	1	51	52	198	missing	no_native_match_found	-	-	No active FormalOLP declaration was found for this substantive source section.
normal-modal-logic/sequent-calculus/more-rules.tex	normal-modal-logic	section	section	selected	normal-modal-logic	normal-modal-logic/sequent-calculus/sequent-calculus.tex	0	0	yes	111	Rules for Other Accessibility Relations	ex=6;prob=1;table=4;prooftree=6	tab:more-rules;tab:logics-rules	-	1	364	365	1373	missing	no_native_match_found	-	-	No active FormalOLP declaration was found for this substantive source section.
normal-modal-logic/sequent-calculus/more-rules.tex	normal-modal-logic	unit	ex#1	selected	normal-modal-logic	normal-modal-logic/sequent-calculus/sequent-calculus.tex	0	0	yes	111	Rules for Other Accessibility Relations	-	-	ex#1	223	233	365	1373	missing	no_native_match_found	-	-	No active declaration was found for this source unit.
normal-modal-logic/sequent-calculus/more-rules.tex	normal-modal-logic	unit	ex#2	selected	normal-modal-logic	normal-modal-logic/sequent-calculus/sequent-calculus.tex	0	0	yes	111	Rules for Other Accessibility Relations	-	-	ex#2	235	245	365	1373	missing	no_native_match_found	-	-	No active declaration was found for this source unit.
normal-modal-logic/sequent-calculus/more-rules.tex	normal-modal-logic	unit	ex#3	selected	normal-modal-logic	normal-modal-logic/sequent-calculus/sequent-calculus.tex	0	0	yes	111	Rules for Other Accessibility Relations	-	-	ex#3	249	259	365	1373	missing	no_native_match_found	-	-	No active declaration was found for this source unit.
normal-modal-logic/sequent-calculus/more-rules.tex	normal-modal-logic	unit	ex#4	selected	normal-modal-logic	normal-modal-logic/sequent-calculus/sequent-calculus.tex	0	0	yes	111	Rules for Other Accessibility Relations	-	-	ex#4	261	275	365	1373	missing	no_native_match_found	-	-	No active declaration was found for this source unit.
normal-modal-logic/sequent-calculus/more-rules.tex	normal-modal-logic	unit	ex#5	selected	normal-modal-logic	normal-modal-logic/sequent-calculus/sequent-calculus.tex	0	0	yes	111	Rules for Other Accessibility Relations	-	-	ex#5	277	291	365	1373	missing	no_native_match_found	-	-	No active declaration was found for this source unit.
normal-modal-logic/sequent-calculus/more-rules.tex	normal-modal-logic	unit	ex#6	selected	normal-modal-logic	normal-modal-logic/sequent-calculus/sequent-calculus.tex	0	0	yes	111	Rules for Other Accessibility Relations	-	-	ex#6	293	350	365	1373	missing	no_native_match_found	-	-	No active declaration was found for this source unit.
normal-modal-logic/sequent-calculus/more-rules.tex	normal-modal-logic	unit	prob#1	selected	normal-modal-logic	normal-modal-logic/sequent-calculus/sequent-calculus.tex	0	0	yes	111	Rules for Other Accessibility Relations	-	-	prob#1	352	362	365	1373	missing	no_native_match_found	-	-	No active declaration was found for this source unit.
normal-modal-logic/sequent-calculus/proofs-in-K.tex	normal-modal-logic	section	section	selected	normal-modal-logic	normal-modal-logic/sequent-calculus/sequent-calculus.tex	0	0	yes	32	Sequent \usetoken{P	ex=2;prob=1;prooftree=3	-	-	1	128	129	548	missing	no_native_match_found	-	-	No active FormalOLP declaration was found for this substantive source section.
normal-modal-logic/sequent-calculus/proofs-in-K.tex	normal-modal-logic	unit	ex#1	selected	normal-modal-logic	normal-modal-logic/sequent-calculus/sequent-calculus.tex	0	0	yes	32	Sequent \usetoken{P	-	-	ex#1	15	44	129	548	missing	no_native_match_found	-	-	No active declaration was found for this source unit.
normal-modal-logic/sequent-calculus/proofs-in-K.tex	normal-modal-logic	unit	ex#2	selected	normal-modal-logic	normal-modal-logic/sequent-calculus/sequent-calculus.tex	0	0	yes	32	Sequent \usetoken{P	-	-	ex#2	48	78	129	548	missing	no_native_match_found	-	-	No active declaration was found for this source unit.
normal-modal-logic/sequent-calculus/proofs-in-K.tex	normal-modal-logic	unit	prob#1	selected	normal-modal-logic	normal-modal-logic/sequent-calculus/sequent-calculus.tex	0	0	yes	32	Sequent \usetoken{P	-	-	prob#1	111	114	129	548	missing	no_native_match_found	-	-	No active declaration was found for this source unit.
normal-modal-logic/sequent-calculus/proofs-in-K.tex	normal-modal-logic	unit	prob#2	selected	normal-modal-logic	normal-modal-logic/sequent-calculus/sequent-calculus.tex	0	0	yes	32	Sequent \usetoken{P	-	-	prob#2	117	126	129	548	missing	no_native_match_found	-	-	No active declaration was found for this source unit.
normal-modal-logic/sequent-calculus/rules-for-K.tex	normal-modal-logic	section	section	selected	normal-modal-logic	normal-modal-logic/sequent-calculus/sequent-calculus.tex	0	0	yes	238	Rules for \Log{K	-	-	-	1	129	130	660	missing	no_native_match_found	-	-	No active FormalOLP declaration was found for this substantive source section.
normal-modal-logic/sequent-calculus/sequent-calculus.tex	normal-modal-logic	chapter	section	selected	normal-modal-logic	normal-modal-logic/normal-modal-logic.tex	4	3	yes	19	nml	editorial=1	-	-	1	26	27	66	structural_container	aggregator	-	-	Aggregator/editorial import container; child source files are audited separately.
normal-modal-logic/syntax-and-semantics/entailment.tex	normal-modal-logic	section	section	selected	normal-modal-logic	normal-modal-logic/syntax-and-semantics/syntax-and-semantics.tex	0	0	yes	212	Entailment	defn=1;ex=1;prob=2;explain=1;figure=1	fig:counterex	ex:_#fig:counterex	1	85	86	577	missing	no_native_match_found	-	-	No active FormalOLP declaration was found for this substantive source section.
normal-modal-logic/syntax-and-semantics/entailment.tex	normal-modal-logic	unit	defn#1	selected	normal-modal-logic	normal-modal-logic/syntax-and-semantics/syntax-and-semantics.tex	0	0	yes	212	Entailment	-	-	defn#1	21	28	86	577	missing	no_native_match_found	-	-	No active declaration was found for this source unit.
normal-modal-logic/syntax-and-semantics/entailment.tex	normal-modal-logic	unit	ex#1; label=fig:counterex	selected	normal-modal-logic	normal-modal-logic/syntax-and-semantics/syntax-and-semantics.tex	0	0	yes	212	Entailment	-	fig:counterex	ex#1; label=fig:counterex	30	74	86	577	missing	no_native_match_found	-	-	No active declaration was found for this source unit.
normal-modal-logic/syntax-and-semantics/entailment.tex	normal-modal-logic	unit	prob#1	selected	normal-modal-logic	normal-modal-logic/syntax-and-semantics/syntax-and-semantics.tex	0	0	yes	212	Entailment	-	-	prob#1	76	78	86	577	missing	no_native_match_found	-	-	No active declaration was found for this source unit.
normal-modal-logic/syntax-and-semantics/entailment.tex	normal-modal-logic	unit	prob#2	selected	normal-modal-logic	normal-modal-logic/syntax-and-semantics/syntax-and-semantics.tex	0	0	yes	212	Entailment	-	-	prob#2	80	83	86	577	missing	no_native_match_found	-	-	No active declaration was found for this source unit.
normal-modal-logic/syntax-and-semantics/introduction.tex	normal-modal-logic	section	section	selected	normal-modal-logic	normal-modal-logic/syntax-and-semantics/syntax-and-semantics.tex	0	0	yes	616	Introduction	-	-	-	1	97	98	785	missing	no_native_match_found	-	-	No active FormalOLP declaration was found for this substantive source section.
normal-modal-logic/syntax-and-semantics/language-modal-logic.tex	normal-modal-logic	section	section	selected	normal-modal-logic	normal-modal-logic/syntax-and-semantics/syntax-and-semantics.tex	0	0	yes	173	The Language of Basic Modal Logic	defn=3	-	-	1	107	108	465	defined_only	manual_definition_match	FormalOLP/NormalModalLogic/Syntax.lean	FormalOLP/NormalModalLogic/Syntax.lean:21-45	Primitive modal Formula, negation, disjunction, conjunction, and diamond are native.
normal-modal-logic/syntax-and-semantics/language-modal-logic.tex	normal-modal-logic	unit	defn#1	selected	normal-modal-logic	normal-modal-logic/syntax-and-semantics/syntax-and-semantics.tex	0	0	yes	173	The Language of Basic Modal Logic	-	-	defn#1	13	29	108	465	defined_only	manual_definition_match	FormalOLP/NormalModalLogic/Syntax.lean	FormalOLP/NormalModalLogic/Syntax.lean:21-45	Primitive modal Formula, negation, disjunction, conjunction, and diamond are native.
normal-modal-logic/syntax-and-semantics/language-modal-logic.tex	normal-modal-logic	unit	defn#2	selected	normal-modal-logic	normal-modal-logic/syntax-and-semantics/syntax-and-semantics.tex	0	0	yes	173	The Language of Basic Modal Logic	-	-	defn#2	31	64	108	465	defined_only	manual_definition_match	FormalOLP/NormalModalLogic/Syntax.lean	FormalOLP/NormalModalLogic/Syntax.lean:21-45	Primitive modal Formula, negation, disjunction, conjunction, and diamond are native.
normal-modal-logic/syntax-and-semantics/language-modal-logic.tex	normal-modal-logic	unit	defn#3	selected	normal-modal-logic	normal-modal-logic/syntax-and-semantics/syntax-and-semantics.tex	0	0	yes	173	The Language of Basic Modal Logic	-	-	defn#3	67	101	108	465	defined_only	manual_definition_match	FormalOLP/NormalModalLogic/Syntax.lean	FormalOLP/NormalModalLogic/Syntax.lean:21-45	Primitive modal Formula, negation, disjunction, conjunction, and diamond are native.
normal-modal-logic/syntax-and-semantics/modal-validity.tex	normal-modal-logic	section	section	selected	normal-modal-logic	normal-modal-logic/syntax-and-semantics/syntax-and-semantics.tex	0	0	yes	266	Validity	defn=1;prop=2;prob=2;proof=1;explain=1	prop:subset-class;prop:Nec-rule	prop:_#prop:subset-class;prop:_#prop:Nec-rule	1	78	79	493	proved_weaker	manual_fragment_match	FormalOLP/NormalModalLogic/Semantics.lean	FormalOLP/NormalModalLogic/Semantics.lean:74-89	Model.Valid and Frame.Valid are native; source entailment/validity exercises and schema theory are not.
normal-modal-logic/syntax-and-semantics/modal-validity.tex	normal-modal-logic	unit	defn#1	selected	normal-modal-logic	normal-modal-logic/syntax-and-semantics/syntax-and-semantics.tex	0	0	yes	266	Validity	-	-	defn#1	35	42	79	493	defined_only	manual_definition_match	FormalOLP/NormalModalLogic/Semantics.lean	FormalOLP/NormalModalLogic/Semantics.lean:74-89	Model.Valid and Frame.Valid are native; source entailment/validity exercises and schema theory are not.
normal-modal-logic/syntax-and-semantics/modal-validity.tex	normal-modal-logic	unit	prop#1; label=prop:subset-class	selected	normal-modal-logic	normal-modal-logic/syntax-and-semantics/syntax-and-semantics.tex	0	0	yes	266	Validity	-	prop:subset-class	prop#1; label=prop:subset-class	44	47	79	493	missing	no_native_match_found	-	-	No individual source theorem/example mapping was recorded.
normal-modal-logic/syntax-and-semantics/modal-validity.tex	normal-modal-logic	unit	prop#2; label=prop:Nec-rule	selected	normal-modal-logic	normal-modal-logic/syntax-and-semantics/syntax-and-semantics.tex	0	0	yes	266	Validity	-	prop:Nec-rule	prop#2; label=prop:Nec-rule	49	51	79	493	missing	no_native_match_found	-	-	No individual source theorem/example mapping was recorded.
normal-modal-logic/syntax-and-semantics/modal-validity.tex	normal-modal-logic	unit	prob#1	selected	normal-modal-logic	normal-modal-logic/syntax-and-semantics/syntax-and-semantics.tex	0	0	yes	266	Validity	-	-	prob#1	61	68	79	493	missing	no_native_match_found	-	-	No individual source theorem/example mapping was recorded.
normal-modal-logic/syntax-and-semantics/modal-validity.tex	normal-modal-logic	unit	prob#2	selected	normal-modal-logic	normal-modal-logic/syntax-and-semantics/syntax-and-semantics.tex	0	0	yes	266	Validity	-	-	prob#2	70	76	79	493	missing	no_native_match_found	-	-	No individual source theorem/example mapping was recorded.
normal-modal-logic/syntax-and-semantics/normal-modal-logics.tex	normal-modal-logic	section	section	orphan_or_unselected	-	-	0	0	yes	247	Normal Modal Logics	defn=2;ex=1	defn:modal-logic;defn:normal-modal-logic	defn:_#defn:modal-logic;defn:_#defn:normal-modal-logic	1	64	65	388	missing	no_native_match_found	-	-	No active FormalOLP declaration was found for this substantive source section.
normal-modal-logic/syntax-and-semantics/normal-modal-logics.tex	normal-modal-logic	unit	defn#1; label=defn:modal-logic	orphan_or_unselected	-	-	0	0	yes	247	Normal Modal Logics	-	defn:modal-logic	defn#1; label=defn:modal-logic	19	28	65	388	missing	no_native_match_found	-	-	No active declaration was found for this source unit.
normal-modal-logic/syntax-and-semantics/normal-modal-logics.tex	normal-modal-logic	unit	ex#1	orphan_or_unselected	-	-	0	0	yes	247	Normal Modal Logics	-	-	ex#1	30	37	65	388	missing	no_native_match_found	-	-	No active declaration was found for this source unit.
normal-modal-logic/syntax-and-semantics/normal-modal-logics.tex	normal-modal-logic	unit	defn#2	orphan_or_unselected	-	-	0	0	yes	247	Normal Modal Logics	-	-	defn#2	39	50	65	388	missing	no_native_match_found	-	-	No active declaration was found for this source unit.
normal-modal-logic/syntax-and-semantics/relational-models.tex	normal-modal-logic	section	section	selected	normal-modal-logic	normal-modal-logic/syntax-and-semantics/syntax-and-semantics.tex	0	0	yes	158	Relational Models	defn=1;figure=1	fig:simple	-	1	57	58	326	defined_only	manual_definition_match	FormalOLP/NormalModalLogic/Semantics.lean	FormalOLP/NormalModalLogic/Semantics.lean:24-34	Native nonempty Frame/Model structures are present.
normal-modal-logic/syntax-and-semantics/relational-models.tex	normal-modal-logic	unit	defn#1	selected	normal-modal-logic	normal-modal-logic/syntax-and-semantics/syntax-and-semantics.tex	0	0	yes	158	Relational Models	-	-	defn#1	19	30	58	326	defined_only	manual_definition_match	FormalOLP/NormalModalLogic/Semantics.lean	FormalOLP/NormalModalLogic/Semantics.lean:24-34	Native nonempty Frame/Model structures are present.
normal-modal-logic/syntax-and-semantics/schemas.tex	normal-modal-logic	section	section	selected	normal-modal-logic	normal-modal-logic/syntax-and-semantics/syntax-and-semantics.tex	0	0	yes	481	Schemas and Validity	defn=2;prop=4;prob=6;proof=3;table=1	prop:Kvalid;prop:Dual-valid;prop:soundMP;prop:valid-instances;tab:valid-invalidSchemas	prop:_#prop:Kvalid;prop:_#prop:Dual-valid;prop:_#prop:soundMP;prop:_#prop:valid-instances	1	182	183	1083	proved_weaker	manual_fragment_match	FormalOLP/NormalModalLogic/Soundness.lean	FormalOLP/NormalModalLogic/Soundness.lean:32-249	K/T/D/4/B/5 validity/correspondence chains exist; general schema substitution and all source schema results do not.
normal-modal-logic/syntax-and-semantics/schemas.tex	normal-modal-logic	unit	defn#1	selected	normal-modal-logic	normal-modal-logic/syntax-and-semantics/syntax-and-semantics.tex	0	0	yes	481	Schemas and Validity	-	-	defn#1	13	24	183	1083	defined_only	manual_definition_match	FormalOLP/NormalModalLogic/Soundness.lean	FormalOLP/NormalModalLogic/Soundness.lean:32-249	K/T/D/4/B/5 validity/correspondence chains exist; general schema substitution and all source schema results do not.
normal-modal-logic/syntax-and-semantics/schemas.tex	normal-modal-logic	unit	defn#2	selected	normal-modal-logic	normal-modal-logic/syntax-and-semantics/syntax-and-semantics.tex	0	0	yes	481	Schemas and Validity	-	-	defn#2	34	38	183	1083	defined_only	manual_definition_match	FormalOLP/NormalModalLogic/Soundness.lean	FormalOLP/NormalModalLogic/Soundness.lean:32-249	K/T/D/4/B/5 validity/correspondence chains exist; general schema substitution and all source schema results do not.
normal-modal-logic/syntax-and-semantics/schemas.tex	normal-modal-logic	unit	prop#1; label=prop:Kvalid	selected	normal-modal-logic	normal-modal-logic/syntax-and-semantics/syntax-and-semantics.tex	0	0	yes	481	Schemas and Validity	-	prop:Kvalid	prop#1; label=prop:Kvalid	40	45	183	1083	missing	no_native_match_found	-	-	No individual source theorem/example mapping was recorded.
normal-modal-logic/syntax-and-semantics/schemas.tex	normal-modal-logic	unit	prop#2; label=prop:Dual-valid	selected	normal-modal-logic	normal-modal-logic/syntax-and-semantics/syntax-and-semantics.tex	0	0	yes	481	Schemas and Validity	-	prop:Dual-valid	prop#2; label=prop:Dual-valid	60	65	183	1083	missing	no_native_match_found	-	-	No individual source theorem/example mapping was recorded.
normal-modal-logic/syntax-and-semantics/schemas.tex	normal-modal-logic	unit	prob#1	selected	normal-modal-logic	normal-modal-logic/syntax-and-semantics/syntax-and-semantics.tex	0	0	yes	481	Schemas and Validity	-	-	prob#1	71	73	183	1083	missing	no_native_match_found	-	-	No individual source theorem/example mapping was recorded.
normal-modal-logic/syntax-and-semantics/schemas.tex	normal-modal-logic	unit	prop#3; label=prop:soundMP	selected	normal-modal-logic	normal-modal-logic/syntax-and-semantics/syntax-and-semantics.tex	0	0	yes	481	Schemas and Validity	-	prop:soundMP	prop#3; label=prop:soundMP	75	79	183	1083	missing	no_native_match_found	-	-	No individual source theorem/example mapping was recorded.
normal-modal-logic/syntax-and-semantics/schemas.tex	normal-modal-logic	unit	prop#4; label=prop:valid-instances	selected	normal-modal-logic	normal-modal-logic/syntax-and-semantics/syntax-and-semantics.tex	0	0	yes	481	Schemas and Validity	-	prop:valid-instances	prop#4; label=prop:valid-instances	81	85	183	1083	missing	no_native_match_found	-	-	No individual source theorem/example mapping was recorded.
normal-modal-logic/syntax-and-semantics/schemas.tex	normal-modal-logic	unit	prob#2	selected	normal-modal-logic	normal-modal-logic/syntax-and-semantics/syntax-and-semantics.tex	0	0	yes	481	Schemas and Validity	-	-	prob#2	104	108	183	1083	missing	no_native_match_found	-	-	No individual source theorem/example mapping was recorded.
normal-modal-logic/syntax-and-semantics/schemas.tex	normal-modal-logic	unit	prob#3	selected	normal-modal-logic	normal-modal-logic/syntax-and-semantics/syntax-and-semantics.tex	0	0	yes	481	Schemas and Validity	-	-	prob#3	119	129	183	1083	missing	no_native_match_found	-	-	No individual source theorem/example mapping was recorded.
normal-modal-logic/syntax-and-semantics/schemas.tex	normal-modal-logic	unit	prob#4; label=ex:in/validSchemas	selected	normal-modal-logic	normal-modal-logic/syntax-and-semantics/syntax-and-semantics.tex	0	0	yes	481	Schemas and Validity	-	ex:in/validSchemas	prob#4; label=ex:in/validSchemas	158	162	183	1083	missing	no_native_match_found	-	-	No individual source theorem/example mapping was recorded.
normal-modal-logic/syntax-and-semantics/schemas.tex	normal-modal-logic	unit	prob#5	selected	normal-modal-logic	normal-modal-logic/syntax-and-semantics/syntax-and-semantics.tex	0	0	yes	481	Schemas and Validity	-	-	prob#5	164	171	183	1083	missing	no_native_match_found	-	-	No individual source theorem/example mapping was recorded.
normal-modal-logic/syntax-and-semantics/schemas.tex	normal-modal-logic	unit	prob#6	selected	normal-modal-logic	normal-modal-logic/syntax-and-semantics/syntax-and-semantics.tex	0	0	yes	481	Schemas and Validity	-	-	prob#6	173	180	183	1083	missing	no_native_match_found	-	-	No individual source theorem/example mapping was recorded.
normal-modal-logic/syntax-and-semantics/substitution.tex	normal-modal-logic	section	section	selected	normal-modal-logic	normal-modal-logic/syntax-and-semantics/syntax-and-semantics.tex	0	0	yes	104	Simultaneous Substitution	defn=1;ex=1	def:subst-inst	defn:_#def:subst-inst	1	101	102	654	missing	no_native_match_found	-	-	No active FormalOLP declaration was found for this substantive source section.
normal-modal-logic/syntax-and-semantics/substitution.tex	normal-modal-logic	unit	defn#1; label=def:subst-inst	selected	normal-modal-logic	normal-modal-logic/syntax-and-semantics/syntax-and-semantics.tex	0	0	yes	104	Simultaneous Substitution	-	def:subst-inst	defn#1; label=def:subst-inst	19	73	102	654	missing	no_native_match_found	-	-	No active declaration was found for this source unit.
normal-modal-logic/syntax-and-semantics/substitution.tex	normal-modal-logic	unit	ex#1	selected	normal-modal-logic	normal-modal-logic/syntax-and-semantics/syntax-and-semantics.tex	0	0	yes	104	Simultaneous Substitution	-	-	ex#1	75	99	102	654	missing	no_native_match_found	-	-	No active declaration was found for this source unit.
normal-modal-logic/syntax-and-semantics/syntax-and-semantics.tex	normal-modal-logic	chapter	section	selected	normal-modal-logic	normal-modal-logic/normal-modal-logic.tex	10	0	no	4	nml	-	-	-	1	24	25	54	structural_container	aggregator	-	-	Aggregator/editorial import container; child source files are audited separately.
normal-modal-logic/syntax-and-semantics/tautological-instances.tex	normal-modal-logic	section	section	selected	normal-modal-logic	normal-modal-logic/syntax-and-semantics/syntax-and-semantics.tex	0	0	yes	177	Tautological Instances	defn=1;prop=1;lem=1;proof=2;explain=1	lem:valid-taut;prop:valid-taut	prop:_#prop:valid-taut;lem:_#lem:valid-taut	1	160	161	913	missing	no_native_match_found	-	-	No active FormalOLP declaration was found for this substantive source section.
normal-modal-logic/syntax-and-semantics/tautological-instances.tex	normal-modal-logic	unit	defn#1	selected	normal-modal-logic	normal-modal-logic/syntax-and-semantics/syntax-and-semantics.tex	0	0	yes	177	Tautological Instances	-	-	defn#1	26	32	161	913	missing	no_native_match_found	-	-	No active declaration was found for this source unit.
normal-modal-logic/syntax-and-semantics/tautological-instances.tex	normal-modal-logic	unit	lem#1; label=lem:valid-taut	selected	normal-modal-logic	normal-modal-logic/syntax-and-semantics/syntax-and-semantics.tex	0	0	yes	177	Tautological Instances	-	lem:valid-taut	lem#1; label=lem:valid-taut	34	43	161	913	missing	no_native_match_found	-	-	No active declaration was found for this source unit.
normal-modal-logic/syntax-and-semantics/tautological-instances.tex	normal-modal-logic	unit	prop#1; label=prop:valid-taut	selected	normal-modal-logic	normal-modal-logic/syntax-and-semantics/syntax-and-semantics.tex	0	0	yes	177	Tautological Instances	-	prop:valid-taut	prop#1; label=prop:valid-taut	146	148	161	913	missing	no_native_match_found	-	-	No active declaration was found for this source unit.
normal-modal-logic/syntax-and-semantics/truth-at-w.tex	normal-modal-logic	section	section	selected	normal-modal-logic	normal-modal-logic/syntax-and-semantics/syntax-and-semantics.tex	0	0	yes	280	Truth at a World	defn=1;prop=1;prob=2;probtag=2;proof=1	defn:mmodels;defn:sub:mmodels-box;defn:sub:mmodels-diamond;prop:dual	defn:_#defn:mmodels,defn:sub:mmodels-box,defn:sub:mmodels-diamond;prop:_#prop:dual	1	126	127	885	proved_weaker	manual_fragment_match	FormalOLP/NormalModalLogic/Semantics.lean	FormalOLP/NormalModalLogic/Semantics.lean:43-61	Recursive truth clauses are present; source assignment/substitution and all worked examples are absent.
normal-modal-logic/syntax-and-semantics/truth-at-w.tex	normal-modal-logic	unit	defn#1; label=defn:mmodels	selected	normal-modal-logic	normal-modal-logic/syntax-and-semantics/syntax-and-semantics.tex	0	0	yes	280	Truth at a World	-	defn:mmodels	defn#1; label=defn:mmodels	19	44	127	885	defined_only	manual_definition_match	FormalOLP/NormalModalLogic/Semantics.lean	FormalOLP/NormalModalLogic/Semantics.lean:43-61	Recursive truth clauses are present; source assignment/substitution and all worked examples are absent.
normal-modal-logic/syntax-and-semantics/truth-at-w.tex	normal-modal-logic	unit	prob#1	selected	normal-modal-logic	normal-modal-logic/syntax-and-semantics/syntax-and-semantics.tex	0	0	yes	280	Truth at a World	-	-	prob#1	55	69	127	885	missing	no_native_match_found	-	-	No individual source theorem/example mapping was recorded.
normal-modal-logic/syntax-and-semantics/truth-at-w.tex	normal-modal-logic	unit	prop#1; label=prop:dual	selected	normal-modal-logic	normal-modal-logic/syntax-and-semantics/syntax-and-semantics.tex	0	0	yes	280	Truth at a World	-	prop:dual	prop#1; label=prop:dual	73	78	127	885	missing	no_native_match_found	-	-	No individual source theorem/example mapping was recorded.
normal-modal-logic/syntax-and-semantics/truth-at-w.tex	normal-modal-logic	unit	prob#2	selected	normal-modal-logic	normal-modal-logic/syntax-and-semantics/syntax-and-semantics.tex	0	0	yes	280	Truth at a World	-	-	prob#2	109	118	127	885	missing	no_native_match_found	-	-	No individual source theorem/example mapping was recorded.
normal-modal-logic/syntax-and-semantics/truth-in-model.tex	normal-modal-logic	section	section	selected	normal-modal-logic	normal-modal-logic/syntax-and-semantics/syntax-and-semantics.tex	0	0	yes	208	Truth in a Model	defn=1;prop=1;prob=1;proof=1	prop:truthfacts	prop:_#prop:truthfacts	1	84	85	524	missing	no_native_match_found	-	-	No active FormalOLP declaration was found for this substantive source section.
normal-modal-logic/syntax-and-semantics/truth-in-model.tex	normal-modal-logic	unit	defn#1	selected	normal-modal-logic	normal-modal-logic/syntax-and-semantics/syntax-and-semantics.tex	0	0	yes	208	Truth in a Model	-	-	defn#1	14	18	85	524	missing	no_native_match_found	-	-	No active declaration was found for this source unit.
normal-modal-logic/syntax-and-semantics/truth-in-model.tex	normal-modal-logic	unit	prop#1; label=prop:truthfacts	selected	normal-modal-logic	normal-modal-logic/syntax-and-semantics/syntax-and-semantics.tex	0	0	yes	208	Truth in a Model	-	prop:truthfacts	prop#1; label=prop:truthfacts	20	27	85	524	missing	no_native_match_found	-	-	No active declaration was found for this source unit.
normal-modal-logic/syntax-and-semantics/truth-in-model.tex	normal-modal-logic	unit	prob#1	selected	normal-modal-logic	normal-modal-logic/syntax-and-semantics/syntax-and-semantics.tex	0	0	yes	208	Truth in a Model	-	-	prob#1	55	82	85	524	missing	no_native_match_found	-	-	No active declaration was found for this source unit.
normal-modal-logic/tableaux/completeness.tex	normal-modal-logic	section	section	selected	normal-modal-logic	normal-modal-logic/tableaux/tableaux.tex	0	0	yes	729	Completeness for \Log{K	defn=1;thm=1;prop=1;cor=2;prob=1;proof=2;explain=2	prop:complete-tableau;thm:tableau-completeness;cor:entailment-completeness;cor:weak-completeness	thm:Completeness#thm:tableau-completeness;prop:_#prop:complete-tableau;cor:_#cor:entailment-completeness;cor:_#cor:weak-completeness	1	230	231	1506	missing	no_native_match_found	-	-	No active FormalOLP declaration was found for this substantive source section.
normal-modal-logic/tableaux/completeness.tex	normal-modal-logic	unit	defn#1	selected	normal-modal-logic	normal-modal-logic/tableaux/tableaux.tex	0	0	yes	729	Completeness for \Log{K	-	-	defn#1	30	46	231	1506	missing	no_native_match_found	-	-	No active declaration was found for this source unit.
normal-modal-logic/tableaux/completeness.tex	normal-modal-logic	unit	prop#1; label=prop:complete-tableau	selected	normal-modal-logic	normal-modal-logic/tableaux/tableaux.tex	0	0	yes	729	Completeness for \Log{K	-	prop:complete-tableau	prop#1; label=prop:complete-tableau	64	66	231	1506	missing	no_native_match_found	-	-	No active declaration was found for this source unit.
normal-modal-logic/tableaux/completeness.tex	normal-modal-logic	unit	thm#1; label=thm:tableau-completeness	selected	normal-modal-logic	normal-modal-logic/tableaux/tableaux.tex	0	0	yes	729	Completeness for \Log{K	-	thm:tableau-completeness	thm#1; label=thm:tableau-completeness	83	86	231	1506	missing	no_native_match_found	-	-	No active declaration was found for this source unit.
normal-modal-logic/tableaux/completeness.tex	normal-modal-logic	unit	prob#1	selected	normal-modal-logic	normal-modal-logic/tableaux/tableaux.tex	0	0	yes	729	Completeness for \Log{K	-	-	prob#1	216	218	231	1506	missing	no_native_match_found	-	-	No active declaration was found for this source unit.
normal-modal-logic/tableaux/completeness.tex	normal-modal-logic	unit	cor#1; label=cor:entailment-completeness	selected	normal-modal-logic	normal-modal-logic/tableaux/tableaux.tex	0	0	yes	729	Completeness for \Log{K	-	cor:entailment-completeness	cor#1; label=cor:entailment-completeness	220	223	231	1506	missing	no_native_match_found	-	-	No active declaration was found for this source unit.
normal-modal-logic/tableaux/completeness.tex	normal-modal-logic	unit	cor#2; label=cor:weak-completeness	selected	normal-modal-logic	normal-modal-logic/tableaux/tableaux.tex	0	0	yes	729	Completeness for \Log{K	-	cor:weak-completeness	cor#2; label=cor:weak-completeness	225	228	231	1506	missing	no_native_match_found	-	-	No active declaration was found for this source unit.
normal-modal-logic/tableaux/countermodels.tex	normal-modal-logic	section	section	selected	normal-modal-logic	normal-modal-logic/tableaux/tableaux.tex	0	0	yes	631	Countermodels from \usetoken{P	ex=2;explain=1;figure=2;oltableau=6	fig:counter-Box;fig:counter-Diamond	ex:_#fig:counter-Box;ex:_#fig:counter-Diamond	1	307	308	1686	missing	no_native_match_found	-	-	No active FormalOLP declaration was found for this substantive source section.
normal-modal-logic/tableaux/countermodels.tex	normal-modal-logic	unit	ex#1; label=fig:counter-Box	selected	normal-modal-logic	normal-modal-logic/tableaux/tableaux.tex	0	0	yes	631	Countermodels from \usetoken{P	-	fig:counter-Box	ex#1; label=fig:counter-Box	47	174	308	1686	missing	no_native_match_found	-	-	No active declaration was found for this source unit.
normal-modal-logic/tableaux/countermodels.tex	normal-modal-logic	unit	ex#2; label=fig:counter-Diamond	selected	normal-modal-logic	normal-modal-logic/tableaux/tableaux.tex	0	0	yes	631	Countermodels from \usetoken{P	-	fig:counter-Diamond	ex#2; label=fig:counter-Diamond	177	304	308	1686	missing	no_native_match_found	-	-	No active declaration was found for this source unit.
normal-modal-logic/tableaux/introduction.tex	normal-modal-logic	section	section	selected	normal-modal-logic	normal-modal-logic/tableaux/tableaux.tex	0	0	yes	254	Introduction	-	-	-	1	61	62	402	missing	no_native_match_found	-	-	No active FormalOLP declaration was found for this substantive source section.
normal-modal-logic/tableaux/more-rules.tex	normal-modal-logic	section	section	selected	normal-modal-logic	normal-modal-logic/tableaux/tableaux.tex	0	0	yes	82	Rules for Other Accessibility Relations	ex=1;prob=1;table=2;oltableau=1	tab:more-rules;tab:logics-rules	-	1	198	199	666	missing	no_native_match_found	-	-	No active FormalOLP declaration was found for this substantive source section.
normal-modal-logic/tableaux/more-rules.tex	normal-modal-logic	unit	ex#1	selected	normal-modal-logic	normal-modal-logic/tableaux/tableaux.tex	0	0	yes	82	Rules for Other Accessibility Relations	-	-	ex#1	160	184	199	666	missing	no_native_match_found	-	-	No active declaration was found for this source unit.
normal-modal-logic/tableaux/more-rules.tex	normal-modal-logic	unit	prob#1	selected	normal-modal-logic	normal-modal-logic/tableaux/tableaux.tex	0	0	yes	82	Rules for Other Accessibility Relations	-	-	prob#1	186	196	199	666	missing	no_native_match_found	-	-	No active declaration was found for this source unit.
normal-modal-logic/tableaux/more-soundness.tex	normal-modal-logic	section	section	selected	normal-modal-logic	normal-modal-logic/tableaux/tableaux.tex	0	0	yes	530	Soundness for Additional Rules	prop=5;cor=1;prob=5;proof=5	prop:soundness-T;prop:soundness-D;prop:soundness-B;prop:soundness-4;prop:soundness-4r;cor:soundness-logics	prop:_#prop:soundness-T;prop:_#prop:soundness-D;prop:_#prop:soundness-B;prop:_#prop:soundness-4;prop:_#prop:soundness-4r;cor:_#cor:soundness-logics	1	228	229	1416	missing	no_native_match_found	-	-	No active FormalOLP declaration was found for this substantive source section.
normal-modal-logic/tableaux/more-soundness.tex	normal-modal-logic	unit	prop#1; label=prop:soundness-T	selected	normal-modal-logic	normal-modal-logic/tableaux/tableaux.tex	0	0	yes	530	Soundness for Additional Rules	-	prop:soundness-T	prop#1; label=prop:soundness-T	18	25	229	1416	missing	no_native_match_found	-	-	No active declaration was found for this source unit.
normal-modal-logic/tableaux/more-soundness.tex	normal-modal-logic	unit	prob#1	selected	normal-modal-logic	normal-modal-logic/tableaux/tableaux.tex	0	0	yes	530	Soundness for Additional Rules	-	-	prob#1	49	51	229	1416	missing	no_native_match_found	-	-	No active declaration was found for this source unit.
normal-modal-logic/tableaux/more-soundness.tex	normal-modal-logic	unit	prop#2; label=prop:soundness-D	selected	normal-modal-logic	normal-modal-logic/tableaux/tableaux.tex	0	0	yes	530	Soundness for Additional Rules	-	prop:soundness-D	prop#2; label=prop:soundness-D	54	61	229	1416	missing	no_native_match_found	-	-	No active declaration was found for this source unit.
normal-modal-logic/tableaux/more-soundness.tex	normal-modal-logic	unit	prob#2	selected	normal-modal-logic	normal-modal-logic/tableaux/tableaux.tex	0	0	yes	530	Soundness for Additional Rules	-	-	prob#2	87	89	229	1416	missing	no_native_match_found	-	-	No active declaration was found for this source unit.
normal-modal-logic/tableaux/more-soundness.tex	normal-modal-logic	unit	prop#3; label=prop:soundness-B	selected	normal-modal-logic	normal-modal-logic/tableaux/tableaux.tex	0	0	yes	530	Soundness for Additional Rules	-	prop:soundness-B	prop#3; label=prop:soundness-B	92	99	229	1416	missing	no_native_match_found	-	-	No active declaration was found for this source unit.
normal-modal-logic/tableaux/more-soundness.tex	normal-modal-logic	unit	prob#3	selected	normal-modal-logic	normal-modal-logic/tableaux/tableaux.tex	0	0	yes	530	Soundness for Additional Rules	-	-	prob#3	129	131	229	1416	missing	no_native_match_found	-	-	No active declaration was found for this source unit.
normal-modal-logic/tableaux/more-soundness.tex	normal-modal-logic	unit	prop#4; label=prop:soundness-4	selected	normal-modal-logic	normal-modal-logic/tableaux/tableaux.tex	0	0	yes	530	Soundness for Additional Rules	-	prop:soundness-4	prop#4; label=prop:soundness-4	134	141	229	1416	missing	no_native_match_found	-	-	No active declaration was found for this source unit.
normal-modal-logic/tableaux/more-soundness.tex	normal-modal-logic	unit	prob#4	selected	normal-modal-logic	normal-modal-logic/tableaux/tableaux.tex	0	0	yes	530	Soundness for Additional Rules	-	-	prob#4	173	175	229	1416	missing	no_native_match_found	-	-	No active declaration was found for this source unit.
normal-modal-logic/tableaux/more-soundness.tex	normal-modal-logic	unit	prop#5; label=prop:soundness-4r	selected	normal-modal-logic	normal-modal-logic/tableaux/tableaux.tex	0	0	yes	530	Soundness for Additional Rules	-	prop:soundness-4r	prop#5; label=prop:soundness-4r	178	185	229	1416	missing	no_native_match_found	-	-	No active declaration was found for this source unit.
normal-modal-logic/tableaux/more-soundness.tex	normal-modal-logic	unit	prob#5	selected	normal-modal-logic	normal-modal-logic/tableaux/tableaux.tex	0	0	yes	530	Soundness for Additional Rules	-	-	prob#5	217	219	229	1416	missing	no_native_match_found	-	-	No active declaration was found for this source unit.
normal-modal-logic/tableaux/more-soundness.tex	normal-modal-logic	unit	cor#1; label=cor:soundness-logics	selected	normal-modal-logic	normal-modal-logic/tableaux/tableaux.tex	0	0	yes	530	Soundness for Additional Rules	-	cor:soundness-logics	cor#1; label=cor:soundness-logics	222	226	229	1416	missing	no_native_match_found	-	-	No active declaration was found for this source unit.
normal-modal-logic/tableaux/proofs-in-K.tex	normal-modal-logic	section	section	selected	normal-modal-logic	normal-modal-logic/tableaux/tableaux.tex	0	0	yes	48	\usetoken{P	ex=2;prob=1;oltableau=2	-	-	1	97	98	403	missing	no_native_match_found	-	-	No active FormalOLP declaration was found for this substantive source section.
normal-modal-logic/tableaux/proofs-in-K.tex	normal-modal-logic	unit	ex#1	selected	normal-modal-logic	normal-modal-logic/tableaux/tableaux.tex	0	0	yes	48	\usetoken{P	-	-	ex#1	15	47	98	403	missing	no_native_match_found	-	-	No active declaration was found for this source unit.
normal-modal-logic/tableaux/proofs-in-K.tex	normal-modal-logic	unit	ex#2	selected	normal-modal-logic	normal-modal-logic/tableaux/tableaux.tex	0	0	yes	48	\usetoken{P	-	-	ex#2	51	83	98	403	missing	no_native_match_found	-	-	No active declaration was found for this source unit.
normal-modal-logic/tableaux/proofs-in-K.tex	normal-modal-logic	unit	prob#1	selected	normal-modal-logic	normal-modal-logic/tableaux/tableaux.tex	0	0	yes	48	\usetoken{P	-	-	prob#1	87	95	98	403	missing	no_native_match_found	-	-	No active declaration was found for this source unit.
normal-modal-logic/tableaux/rules-for-K.tex	normal-modal-logic	section	section	selected	normal-modal-logic	normal-modal-logic/tableaux/tableaux.tex	0	0	yes	384	Rules for \Ax{K	table=2;oltableau=6	tab:prop-rules;tab:rules-K	-	1	273	274	1261	missing	no_native_match_found	-	-	No active FormalOLP declaration was found for this substantive source section.
normal-modal-logic/tableaux/simple-S5.tex	normal-modal-logic	section	section	selected	normal-modal-logic	normal-modal-logic/tableaux/tableaux.tex	0	0	yes	166	Simple \usetoken{P	ex=1;table=1;oltableau=1	tab:rules-S5	-	1	88	89	409	missing	no_native_match_found	-	-	No active FormalOLP declaration was found for this substantive source section.
normal-modal-logic/tableaux/simple-S5.tex	normal-modal-logic	unit	ex#1	selected	normal-modal-logic	normal-modal-logic/tableaux/tableaux.tex	0	0	yes	166	Simple \usetoken{P	-	-	ex#1	65	86	89	409	missing	no_native_match_found	-	-	No active declaration was found for this source unit.
normal-modal-logic/tableaux/soundness.tex	normal-modal-logic	section	section	selected	normal-modal-logic	normal-modal-logic/tableaux/tableaux.tex	0	0	yes	1031	Soundness for \Log{K	defn=2;thm=1;prop=1;cor=2;prob=1;proof=3;explain=1;editorial=1	thm:tableau-soundness;cor:entailment-soundness;cor:weak-soundness	thm:Soundness#thm:tableau-soundness;cor:_#cor:entailment-soundness;cor:_#cor:weak-soundness	1	269	270	2048	missing	no_native_match_found	-	-	No active FormalOLP declaration was found for this substantive source section.
normal-modal-logic/tableaux/soundness.tex	normal-modal-logic	unit	defn#1	selected	normal-modal-logic	normal-modal-logic/tableaux/tableaux.tex	0	0	yes	1031	Soundness for \Log{K	-	-	defn#1	45	59	270	2048	missing	no_native_match_found	-	-	No active declaration was found for this source unit.
normal-modal-logic/tableaux/soundness.tex	normal-modal-logic	unit	defn#2	selected	normal-modal-logic	normal-modal-logic/tableaux/tableaux.tex	0	0	yes	1031	Soundness for \Log{K	-	-	defn#2	61	70	270	2048	missing	no_native_match_found	-	-	No active declaration was found for this source unit.
normal-modal-logic/tableaux/soundness.tex	normal-modal-logic	unit	prop#1	selected	normal-modal-logic	normal-modal-logic/tableaux/tableaux.tex	0	0	yes	1031	Soundness for \Log{K	-	-	prop#1	72	76	270	2048	missing	no_native_match_found	-	-	No active declaration was found for this source unit.
normal-modal-logic/tableaux/soundness.tex	normal-modal-logic	unit	thm#1; label=thm:tableau-soundness	selected	normal-modal-logic	normal-modal-logic/tableaux/tableaux.tex	0	0	yes	1031	Soundness for \Log{K	-	thm:tableau-soundness	thm#1; label=thm:tableau-soundness	84	87	270	2048	missing	no_native_match_found	-	-	No active declaration was found for this source unit.
normal-modal-logic/tableaux/soundness.tex	normal-modal-logic	unit	prob#1	selected	normal-modal-logic	normal-modal-logic/tableaux/tableaux.tex	0	0	yes	1031	Soundness for \Log{K	-	-	prob#1	242	244	270	2048	missing	no_native_match_found	-	-	No active declaration was found for this source unit.
normal-modal-logic/tableaux/soundness.tex	normal-modal-logic	unit	cor#1; label=cor:entailment-soundness	selected	normal-modal-logic	normal-modal-logic/tableaux/tableaux.tex	0	0	yes	1031	Soundness for \Log{K	-	cor:entailment-soundness	cor#1; label=cor:entailment-soundness	246	249	270	2048	missing	no_native_match_found	-	-	No active declaration was found for this source unit.
normal-modal-logic/tableaux/soundness.tex	normal-modal-logic	unit	cor#2; label=cor:weak-soundness	selected	normal-modal-logic	normal-modal-logic/tableaux/tableaux.tex	0	0	yes	1031	Soundness for \Log{K	-	cor:weak-soundness	cor#2; label=cor:weak-soundness	264	267	270	2048	missing	no_native_match_found	-	-	No active declaration was found for this source unit.
normal-modal-logic/tableaux/tableaux.tex	normal-modal-logic	chapter	section	selected	normal-modal-logic	normal-modal-logic/normal-modal-logic.tex	9	0	yes	30	nml	editorial=1	-	-	1	29	30	81	structural_container	aggregator	-	-	Aggregator/editorial import container; child source files are audited separately.
applied-modal-logic/applied-modal-logic.tex	applied-modal-logic	part	section	selected	applied-modal-logic	content.tex	2	0	yes	21	aml	editorial=1	-	-	1	20	21	52	structural_container	aggregator	-	-	Aggregator/editorial import container; child source files are audited separately.
applied-modal-logic/epistemic-logic/bisimulations.tex	applied-modal-logic	section	section	selected	applied-modal-logic	applied-modal-logic/epistemic-logic/epistemic-logic.tex	0	0	yes	367	Bisimulations	defn=1;thm=1;figure=1	fig:bisimilar	defn:Bisimulation	1	103	104	651	missing	no_native_match_found	-	-	No active FormalOLP declaration was found for this substantive source section.
applied-modal-logic/epistemic-logic/bisimulations.tex	applied-modal-logic	unit	defn#1	selected	applied-modal-logic	applied-modal-logic/epistemic-logic/epistemic-logic.tex	0	0	yes	367	Bisimulations	-	-	defn#1	29	53	104	651	missing	no_native_match_found	-	-	No active declaration was found for this source unit.
applied-modal-logic/epistemic-logic/bisimulations.tex	applied-modal-logic	unit	thm#1	selected	applied-modal-logic	applied-modal-logic/epistemic-logic/epistemic-logic.tex	0	0	yes	367	Bisimulations	-	-	thm#1	62	66	104	651	missing	no_native_match_found	-	-	No active declaration was found for this source unit.
applied-modal-logic/epistemic-logic/epistemic-logic.tex	applied-modal-logic	chapter	section	selected	applied-modal-logic	applied-modal-logic/applied-modal-logic.tex	8	0	yes	44	aml	editorial=1	-	-	1	26	27	98	structural_container	aggregator	-	-	Aggregator/editorial import container; child source files are audited separately.
applied-modal-logic/epistemic-logic/introduction.tex	applied-modal-logic	section	section	selected	applied-modal-logic	applied-modal-logic/epistemic-logic/epistemic-logic.tex	0	0	yes	260	Introduction	-	-	-	1	23	24	314	missing	no_native_match_found	-	-	No active FormalOLP declaration was found for this substantive source section.
applied-modal-logic/epistemic-logic/language-epistemic-logic.tex	applied-modal-logic	section	section	selected	applied-modal-logic	applied-modal-logic/epistemic-logic/epistemic-logic.tex	0	0	yes	269	The Language of Epistemic Logic	defn=3	-	-	1	87	88	466	defined_only	manual_definition_match	FormalOLP/AppliedModalLogic/Epistemic.lean	FormalOLP/AppliedModalLogic/Epistemic.lean:19-38	Native multi-agent Formula and knowledge operator; group/common-knowledge syntax is represented semantically rather than as a Formula constructor.
applied-modal-logic/epistemic-logic/language-epistemic-logic.tex	applied-modal-logic	unit	defn#1	selected	applied-modal-logic	applied-modal-logic/epistemic-logic/epistemic-logic.tex	0	0	yes	269	The Language of Epistemic Logic	-	-	defn#1	13	29	88	466	defined_only	manual_definition_match	FormalOLP/AppliedModalLogic/Epistemic.lean	FormalOLP/AppliedModalLogic/Epistemic.lean:19-38	Native multi-agent Formula and knowledge operator; group/common-knowledge syntax is represented semantically rather than as a Formula constructor.
applied-modal-logic/epistemic-logic/language-epistemic-logic.tex	applied-modal-logic	unit	defn#2	selected	applied-modal-logic	applied-modal-logic/epistemic-logic/epistemic-logic.tex	0	0	yes	269	The Language of Epistemic Logic	-	-	defn#2	35	65	88	466	defined_only	manual_definition_match	FormalOLP/AppliedModalLogic/Epistemic.lean	FormalOLP/AppliedModalLogic/Epistemic.lean:19-38	Native multi-agent Formula and knowledge operator; group/common-knowledge syntax is represented semantically rather than as a Formula constructor.
applied-modal-logic/epistemic-logic/language-epistemic-logic.tex	applied-modal-logic	unit	defn#3	selected	applied-modal-logic	applied-modal-logic/epistemic-logic/epistemic-logic.tex	0	0	yes	269	The Language of Epistemic Logic	-	-	defn#3	70	75	88	466	defined_only	manual_definition_match	FormalOLP/AppliedModalLogic/Epistemic.lean	FormalOLP/AppliedModalLogic/Epistemic.lean:19-38	Native multi-agent Formula and knowledge operator; group/common-knowledge syntax is represented semantically rather than as a Formula constructor.
applied-modal-logic/epistemic-logic/properties-accessibility.tex	applied-modal-logic	section	section	selected	applied-modal-logic	applied-modal-logic/epistemic-logic/epistemic-logic.tex	0	0	yes	307	Accessibility Relations and Epistemic Principles	table=1	tab:four	-	1	78	79	484	proved_equivalent	manual_statement_match	FormalOLP/AppliedModalLogic/Epistemic.lean	FormalOLP/AppliedModalLogic/Epistemic.lean:114-146	K, factivity/T, positive/4, and negative/5 introspection are proved under explicit relation hypotheses.
applied-modal-logic/epistemic-logic/public-announcement-logic-lang.tex	applied-modal-logic	section	section	selected	applied-modal-logic	applied-modal-logic/epistemic-logic/epistemic-logic.tex	0	0	yes	254	Public Announcement Logic	defn=2	-	-	1	83	84	428	missing	no_native_match_found	-	-	No active FormalOLP declaration was found for this substantive source section.
applied-modal-logic/epistemic-logic/public-announcement-logic-lang.tex	applied-modal-logic	unit	defn#1	selected	applied-modal-logic	applied-modal-logic/epistemic-logic/epistemic-logic.tex	0	0	yes	254	Public Announcement Logic	-	-	defn#1	21	37	84	428	missing	no_native_match_found	-	-	No active declaration was found for this source unit.
applied-modal-logic/epistemic-logic/public-announcement-logic-lang.tex	applied-modal-logic	unit	defn#2	selected	applied-modal-logic	applied-modal-logic/epistemic-logic/epistemic-logic.tex	0	0	yes	254	Public Announcement Logic	-	-	defn#2	42	75	84	428	missing	no_native_match_found	-	-	No active declaration was found for this source unit.
applied-modal-logic/epistemic-logic/public-announcement-logic-semantics.tex	applied-modal-logic	section	section	selected	applied-modal-logic	applied-modal-logic/epistemic-logic/epistemic-logic.tex	0	0	yes	409	Semantics of Public Announcement Logic	defn=1;figure=1	defn:mmodels;defn:sub:mmodels-box;defn:sub:mmodels-pal;fig:announcement-example	defn:_#defn:mmodels,defn:sub:mmodels-box,defn:sub:mmodels-pal	1	125	126	932	missing	no_native_match_found	-	-	No active FormalOLP declaration was found for this substantive source section.
applied-modal-logic/epistemic-logic/public-announcement-logic-semantics.tex	applied-modal-logic	unit	defn#1; label=defn:mmodels	selected	applied-modal-logic	applied-modal-logic/epistemic-logic/epistemic-logic.tex	0	0	yes	409	Semantics of Public Announcement Logic	-	defn:mmodels	defn#1; label=defn:mmodels	17	58	126	932	missing	no_native_match_found	-	-	No active declaration was found for this source unit.
applied-modal-logic/epistemic-logic/relational-models.tex	applied-modal-logic	section	section	selected	applied-modal-logic	applied-modal-logic/epistemic-logic/epistemic-logic.tex	0	0	yes	220	Relational Models	defn=1	-	-	1	49	50	323	defined_only	manual_definition_match	FormalOLP/AppliedModalLogic/Epistemic.lean	FormalOLP/AppliedModalLogic/Epistemic.lean:42-60	Native nonempty agent-indexed Frame and Model structures.
applied-modal-logic/epistemic-logic/relational-models.tex	applied-modal-logic	unit	defn#1	selected	applied-modal-logic	applied-modal-logic/epistemic-logic/epistemic-logic.tex	0	0	yes	220	Relational Models	-	-	defn#1	27	39	50	323	defined_only	manual_definition_match	FormalOLP/AppliedModalLogic/Epistemic.lean	FormalOLP/AppliedModalLogic/Epistemic.lean:42-60	Native nonempty agent-indexed Frame and Model structures.
applied-modal-logic/epistemic-logic/truth-at-w.tex	applied-modal-logic	section	section	selected	applied-modal-logic	applied-modal-logic/epistemic-logic/epistemic-logic.tex	0	0	yes	367	Truth at a World	defn=2;prob=1;figure=1	defn:mmodels;defn:sub:mmodels-box;fig:simple	defn:_#defn:mmodels,defn:sub:mmodels-box	1	115	116	805	proved_weaker	manual_fragment_match	FormalOLP/AppliedModalLogic/Epistemic.lean	FormalOLP/AppliedModalLogic/Epistemic.lean:62-94	Truth clauses and knowledge semantics are native; public announcement and full source language variants are absent.
applied-modal-logic/epistemic-logic/truth-at-w.tex	applied-modal-logic	unit	defn#1; label=defn:mmodels	selected	applied-modal-logic	applied-modal-logic/epistemic-logic/epistemic-logic.tex	0	0	yes	367	Truth at a World	-	defn:mmodels	defn#1; label=defn:mmodels	18	40	116	805	defined_only	manual_definition_match	FormalOLP/AppliedModalLogic/Epistemic.lean	FormalOLP/AppliedModalLogic/Epistemic.lean:62-94	Basic epistemic truth clauses are native.
applied-modal-logic/epistemic-logic/truth-at-w.tex	applied-modal-logic	unit	prob#1	selected	applied-modal-logic	applied-modal-logic/epistemic-logic/epistemic-logic.tex	0	0	yes	367	Truth at a World	-	-	prob#1	78	89	116	805	missing	no_native_match_found	-	-	The source exercise is not separately declared.
applied-modal-logic/epistemic-logic/truth-at-w.tex	applied-modal-logic	unit	defn#2	selected	applied-modal-logic	applied-modal-logic/epistemic-logic/epistemic-logic.tex	0	0	yes	367	Truth at a World	-	-	defn#2	110	113	116	805	proved_weaker	manual_fragment_match	FormalOLP/AppliedModalLogic/Epistemic.lean	FormalOLP/AppliedModalLogic/Epistemic.lean:148-197	Semantic common-knowledge reachability is native, without a corresponding formula constructor.
applied-modal-logic/temporal-logic/extra-temporal-operators.tex	applied-modal-logic	section	section	selected	applied-modal-logic	applied-modal-logic/temporal-logic/temporal-logic.tex	0	0	yes	115	Additional Operators for Temporal Logic	defn=1	defn:since-until;defn:sub:mmodels-since;defn:sub:mmodels-until	defn:_#defn:since-until,defn:sub:mmodels-since,defn:sub:mmodels-until	1	44	45	262	missing	no_native_match_found	-	-	No active FormalOLP declaration was found for this substantive source section.
applied-modal-logic/temporal-logic/extra-temporal-operators.tex	applied-modal-logic	unit	defn#1; label=defn:since-until	selected	applied-modal-logic	applied-modal-logic/temporal-logic/temporal-logic.tex	0	0	yes	115	Additional Operators for Temporal Logic	-	defn:since-until	defn#1; label=defn:since-until	26	38	45	262	missing	no_native_match_found	-	-	No active declaration was found for this source unit.
applied-modal-logic/temporal-logic/introduction.tex	applied-modal-logic	section	section	selected	applied-modal-logic	applied-modal-logic/temporal-logic/temporal-logic.tex	0	0	yes	392	Introduction	-	-	-	1	53	54	436	missing	no_native_match_found	-	-	No active FormalOLP declaration was found for this substantive source section.
applied-modal-logic/temporal-logic/possible-histories.tex	applied-modal-logic	section	section	selected	applied-modal-logic	applied-modal-logic/temporal-logic/temporal-logic.tex	0	0	yes	355	Possible Histories	defn=2	defn:phmodels;defn:sub:phmodels-f;defn:sub:phmodels-diamond	defn:_#defn:phmodels,defn:sub:phmodels-f,defn:sub:phmodels-diamond	1	75	76	564	missing	no_native_match_found	-	-	No active FormalOLP declaration was found for this substantive source section.
applied-modal-logic/temporal-logic/possible-histories.tex	applied-modal-logic	unit	defn#1	selected	applied-modal-logic	applied-modal-logic/temporal-logic/temporal-logic.tex	0	0	yes	355	Possible Histories	-	-	defn#1	24	42	76	564	missing	no_native_match_found	-	-	No active declaration was found for this source unit.
applied-modal-logic/temporal-logic/possible-histories.tex	applied-modal-logic	unit	defn#2; label=defn:phmodels	selected	applied-modal-logic	applied-modal-logic/temporal-logic/temporal-logic.tex	0	0	yes	355	Possible Histories	-	defn:phmodels	defn#2; label=defn:phmodels	54	65	76	564	missing	no_native_match_found	-	-	No active declaration was found for this source unit.
applied-modal-logic/temporal-logic/properties-accessibility.tex	applied-modal-logic	section	section	selected	applied-modal-logic	applied-modal-logic/temporal-logic/temporal-logic.tex	0	0	yes	133	Properties of Temporal Frames	table=1	tab:correspondence	-	1	64	65	372	missing	no_native_match_found	-	-	No active FormalOLP declaration was found for this substantive source section.
applied-modal-logic/temporal-logic/temporal-logic-semantics.tex	applied-modal-logic	section	section	selected	applied-modal-logic	applied-modal-logic/temporal-logic/temporal-logic.tex	0	0	yes	365	Semantics for Temporal Logic	defn=4	defn:tmodels;defn:sub:mmodels-p;defn:sub:mmodels-h;defn:sub:mmodels-f;defn:sub:mmodels-g	defn:_#defn:tmodels,defn:sub:mmodels-p,defn:sub:mmodels-h,defn:sub:mmodels-f,defn:sub:mmodels-g	1	125	126	832	missing	no_native_match_found	-	-	No active FormalOLP declaration was found for this substantive source section.
applied-modal-logic/temporal-logic/temporal-logic-semantics.tex	applied-modal-logic	unit	defn#1	selected	applied-modal-logic	applied-modal-logic/temporal-logic/temporal-logic.tex	0	0	yes	365	Semantics for Temporal Logic	-	-	defn#1	13	29	126	832	missing	no_native_match_found	-	-	No active declaration was found for this source unit.
applied-modal-logic/temporal-logic/temporal-logic-semantics.tex	applied-modal-logic	unit	defn#2	selected	applied-modal-logic	applied-modal-logic/temporal-logic/temporal-logic.tex	0	0	yes	365	Semantics for Temporal Logic	-	-	defn#2	33	63	126	832	missing	no_native_match_found	-	-	No active declaration was found for this source unit.
applied-modal-logic/temporal-logic/temporal-logic-semantics.tex	applied-modal-logic	unit	defn#3	selected	applied-modal-logic	applied-modal-logic/temporal-logic/temporal-logic.tex	0	0	yes	365	Semantics for Temporal Logic	-	-	defn#3	67	78	126	832	missing	no_native_match_found	-	-	No active declaration was found for this source unit.
applied-modal-logic/temporal-logic/temporal-logic-semantics.tex	applied-modal-logic	unit	defn#4; label=defn:tmodels	selected	applied-modal-logic	applied-modal-logic/temporal-logic/temporal-logic.tex	0	0	yes	365	Semantics for Temporal Logic	-	defn:tmodels	defn#4; label=defn:tmodels	89	120	126	832	missing	no_native_match_found	-	-	No active declaration was found for this source unit.
applied-modal-logic/temporal-logic/temporal-logic.tex	applied-modal-logic	chapter	section	selected	applied-modal-logic	applied-modal-logic/applied-modal-logic.tex	5	0	yes	8	aml	editorial=1	-	-	1	22	23	48	structural_container	aggregator	-	-	Aggregator/editorial import container; child source files are audited separately.
counterfactuals/counterfactuals.tex	counterfactuals	part	section	selected	counterfactuals	content.tex	2	0	no	2	cnt	-	-	-	1	15	16	27	structural_container	aggregator	-	-	Aggregator/editorial import container; child source files are audited separately.
counterfactuals/introduction/counterfactuals.tex	counterfactuals	section	section	selected	counterfactuals	counterfactuals/introduction/introduction.tex	0	0	yes	565	Counterfactuals	quote=1	-	-	1	79	80	646	missing	no_native_match_found	-	-	No active FormalOLP declaration was found for this substantive source section.
counterfactuals/introduction/introduction.tex	counterfactuals	chapter	section	selected	counterfactuals	counterfactuals/counterfactuals.tex	4	0	no	2	cnt	-	-	-	1	21	22	30	structural_container	aggregator	-	-	Aggregator/editorial import container; child source files are audited separately.
counterfactuals/introduction/material-conditional.tex	counterfactuals	section	section	selected	counterfactuals	counterfactuals/introduction/introduction.tex	0	0	yes	193	The Material Conditional	-	-	-	1	71	72	488	missing	no_native_match_found	-	-	No active FormalOLP declaration was found for this substantive source section.
counterfactuals/introduction/paradoxes-material.tex	counterfactuals	section	section	selected	counterfactuals	counterfactuals/introduction/introduction.tex	0	0	yes	252	Paradoxes of the Material Conditional	quote=2	-	-	1	57	58	401	missing	no_native_match_found	-	-	No active FormalOLP declaration was found for this substantive source section.
counterfactuals/introduction/strict-conditional.tex	counterfactuals	section	section	selected	counterfactuals	counterfactuals/introduction/introduction.tex	0	0	yes	254	The Strict Conditional	prob=3	-	-	1	109	110	699	missing	no_native_match_found	-	-	No active FormalOLP declaration was found for this substantive source section.
counterfactuals/introduction/strict-conditional.tex	counterfactuals	unit	prob#1	selected	counterfactuals	counterfactuals/introduction/introduction.tex	0	0	yes	254	The Strict Conditional	-	-	prob#1	50	59	110	699	missing	no_native_match_found	-	-	No active declaration was found for this source unit.
counterfactuals/introduction/strict-conditional.tex	counterfactuals	unit	prob#2	selected	counterfactuals	counterfactuals/introduction/introduction.tex	0	0	yes	254	The Strict Conditional	-	-	prob#2	61	76	110	699	missing	no_native_match_found	-	-	No active declaration was found for this source unit.
counterfactuals/introduction/strict-conditional.tex	counterfactuals	unit	prob#3	selected	counterfactuals	counterfactuals/introduction/introduction.tex	0	0	yes	254	The Strict Conditional	-	-	prob#3	99	107	110	699	missing	no_native_match_found	-	-	No active declaration was found for this source unit.
counterfactuals/minimal-change-semantics/antecedent-strengthening.tex	counterfactuals	section	section	selected	counterfactuals	counterfactuals/minimal-change-semantics/minimal-change-semantics.tex	0	0	yes	214	Antecedent Strengthening	ex=1;figure=1;quote=1	fig:antecedent-strengthening	ex:_#fig:antecedent-strengthening	1	70	71	437	missing	no_native_match_found	-	-	No active FormalOLP declaration was found for this substantive source section.
counterfactuals/minimal-change-semantics/antecedent-strengthening.tex	counterfactuals	unit	ex#1; label=fig:antecedent-strengthening	selected	counterfactuals	counterfactuals/minimal-change-semantics/minimal-change-semantics.tex	0	0	yes	214	Antecedent Strengthening	-	fig:antecedent-strengthening	ex#1; label=fig:antecedent-strengthening	33	68	71	437	missing	no_native_match_found	-	-	No active declaration was found for this source unit.
counterfactuals/minimal-change-semantics/contraposition.tex	counterfactuals	section	section	selected	counterfactuals	counterfactuals/minimal-change-semantics/minimal-change-semantics.tex	0	0	yes	176	Contraposition	ex=1;figure=1;quote=1	ex:contraposition-counterex;fig:contraposition	ex:_#ex:contraposition-counterex,fig:contraposition	1	64	65	392	missing	no_native_match_found	-	-	No active FormalOLP declaration was found for this substantive source section.
counterfactuals/minimal-change-semantics/contraposition.tex	counterfactuals	unit	ex#1; label=ex:contraposition-counterex	selected	counterfactuals	counterfactuals/minimal-change-semantics/minimal-change-semantics.tex	0	0	yes	176	Contraposition	-	ex:contraposition-counterex	ex#1; label=ex:contraposition-counterex	25	62	65	392	missing	no_native_match_found	-	-	No active declaration was found for this source unit.
counterfactuals/minimal-change-semantics/introduction.tex	counterfactuals	section	section	selected	counterfactuals	counterfactuals/minimal-change-semantics/minimal-change-semantics.tex	0	0	yes	417	Introduction	-	-	-	1	68	69	549	missing	no_native_match_found	-	-	No active FormalOLP declaration was found for this substantive source section.
counterfactuals/minimal-change-semantics/minimal-change-semantics.tex	counterfactuals	chapter	section	selected	counterfactuals	counterfactuals/counterfactuals.tex	6	0	no	4	cnt	-	-	-	1	25	26	38	structural_container	aggregator	-	-	Aggregator/editorial import container; child source files are audited separately.
counterfactuals/minimal-change-semantics/sphere-models.tex	counterfactuals	section	section	selected	counterfactuals	counterfactuals/minimal-change-semantics/minimal-change-semantics.tex	0	0	yes	425	Sphere Models	defn=2;figure=1	fig:sphere-model;sphere-vac;sphere-nonvac	defn:_#sphere-vac,sphere-nonvac	1	113	114	797	proved_weaker	manual_fragment_match	FormalOLP/Counterfactuals/Sphere.lean	FormalOLP/Counterfactuals/Sphere.lean:39-56	A selected closest-world variant is formalized with subset, strong-centering, and an added limit/success condition. The source permits descending sphere systems without an innermost sphere.
counterfactuals/minimal-change-semantics/sphere-models.tex	counterfactuals	unit	defn#1	selected	counterfactuals	counterfactuals/minimal-change-semantics/minimal-change-semantics.tex	0	0	yes	425	Sphere Models	-	-	defn#1	19	33	114	797	proved_weaker	manual_fragment_match	FormalOLP/Counterfactuals/Sphere.lean	FormalOLP/Counterfactuals/Sphere.lean:39-78	The native model selects closest worlds and adds a limit/success condition; the source Lewis sphere closure/nestedness API is not represented.
counterfactuals/minimal-change-semantics/sphere-models.tex	counterfactuals	unit	defn#2; label=sphere-vac	selected	counterfactuals	counterfactuals/minimal-change-semantics/minimal-change-semantics.tex	0	0	yes	425	Sphere Models	-	sphere-vac	defn#2; label=sphere-vac	80	92	114	797	proved_weaker	manual_fragment_match	FormalOLP/Counterfactuals/Sphere.lean	FormalOLP/Counterfactuals/Sphere.lean:39-78	The native model selects closest worlds and adds a limit/success condition; the source Lewis sphere closure/nestedness API is not represented.
counterfactuals/minimal-change-semantics/transitivity.tex	counterfactuals	section	section	selected	counterfactuals	counterfactuals/minimal-change-semantics/minimal-change-semantics.tex	0	0	yes	400	Transitivity	ex=1;prob=3;quote=1	ex:trans-counterex	ex:_#ex:trans-counterex	1	81	82	626	missing	no_native_match_found	-	-	No active FormalOLP declaration was found for this substantive source section.
counterfactuals/minimal-change-semantics/transitivity.tex	counterfactuals	unit	prob#1	selected	counterfactuals	counterfactuals/minimal-change-semantics/minimal-change-semantics.tex	0	0	yes	400	Transitivity	-	-	prob#1	47	50	82	626	missing	no_native_match_found	-	-	No active declaration was found for this source unit.
counterfactuals/minimal-change-semantics/transitivity.tex	counterfactuals	unit	ex#1; label=ex:trans-counterex	selected	counterfactuals	counterfactuals/minimal-change-semantics/minimal-change-semantics.tex	0	0	yes	400	Transitivity	-	ex:trans-counterex	ex#1; label=ex:trans-counterex	52	64	82	626	missing	no_native_match_found	-	-	No active declaration was found for this source unit.
counterfactuals/minimal-change-semantics/transitivity.tex	counterfactuals	unit	prob#2	selected	counterfactuals	counterfactuals/minimal-change-semantics/minimal-change-semantics.tex	0	0	yes	400	Transitivity	-	-	prob#2	66	69	82	626	missing	no_native_match_found	-	-	No active declaration was found for this source unit.
counterfactuals/minimal-change-semantics/transitivity.tex	counterfactuals	unit	prob#3	selected	counterfactuals	counterfactuals/minimal-change-semantics/minimal-change-semantics.tex	0	0	yes	400	Transitivity	-	-	prob#3	71	79	82	626	missing	no_native_match_found	-	-	No active declaration was found for this source unit.
counterfactuals/minimal-change-semantics/true-false.tex	counterfactuals	section	section	selected	counterfactuals	counterfactuals/minimal-change-semantics/minimal-change-semantics.tex	0	0	yes	176	Truth and Falsity of Counterfactuals	figure=5	fig:true;fig:vacuous;fig:false;fig:false-opposite;fig:contingent	-	1	112	113	575	proved_weaker	manual_fragment_match	FormalOLP/Counterfactuals/Sphere.lean	FormalOLP/Counterfactuals/Sphere.lean:81-133	Identity, vacuity, consequent conjunction, centered modus ponens, and antecedent extensionality are native; source counterexample figures are not.
second-order-logic/metatheory/compactness.tex	second-order-logic	section	section	selected	second-order-logic	second-order-logic/metatheory/metatheory.tex	0	0	yes	187	Second-order Logic is not Compact	thm=1;prob=1;proof=1;explain=1	thm:sol-undecidable	thm:_#thm:sol-undecidable	1	71	72	392	missing	no_native_match_found	-	-	No active FormalOLP declaration was found for this substantive source section.
second-order-logic/metatheory/compactness.tex	second-order-logic	unit	thm#1; label=thm:sol-undecidable	selected	second-order-logic	second-order-logic/metatheory/metatheory.tex	0	0	yes	187	Second-order Logic is not Compact	-	thm:sol-undecidable	thm#1; label=thm:sol-undecidable	33	36	72	392	missing	no_native_match_found	-	-	No active declaration was found for this source unit.
second-order-logic/metatheory/compactness.tex	second-order-logic	unit	prob#1	selected	second-order-logic	second-order-logic/metatheory/metatheory.tex	0	0	yes	187	Second-order Logic is not Compact	-	-	prob#1	64	68	72	392	missing	no_native_match_found	-	-	No active declaration was found for this source unit.
second-order-logic/metatheory/introduction.tex	second-order-logic	section	section	selected	second-order-logic	second-order-logic/metatheory/metatheory.tex	0	0	yes	251	Introduction	-	-	-	1	40	41	308	missing	no_native_match_found	-	-	No active FormalOLP declaration was found for this substantive source section.
second-order-logic/metatheory/loewenheim-skolem.tex	second-order-logic	section	section	selected	second-order-logic	second-order-logic/metatheory/metatheory.tex	0	0	yes	149	"The L\""owenheim--Skolem Theorem Fails for Second-order Logic"	thm=2;proof=2;explain=1	thm:sol-no-ls	thm:_#thm:sol-no-ls	1	56	57	275	missing	no_native_match_found	-	-	No active FormalOLP declaration was found for this substantive source section.
second-order-logic/metatheory/loewenheim-skolem.tex	second-order-logic	unit	thm#1; label=thm:sol-no-ls	selected	second-order-logic	second-order-logic/metatheory/metatheory.tex	0	0	yes	149	"The L\""owenheim--Skolem Theorem Fails for Second-order Logic"	-	thm:sol-no-ls	thm#1; label=thm:sol-no-ls	25	29	57	275	missing	no_native_match_found	-	-	No active declaration was found for this source unit.
second-order-logic/metatheory/loewenheim-skolem.tex	second-order-logic	unit	thm#2	selected	second-order-logic	second-order-logic/metatheory/metatheory.tex	0	0	yes	149	"The L\""owenheim--Skolem Theorem Fails for Second-order Logic"	-	-	thm#2	45	48	57	275	missing	no_native_match_found	-	-	No active declaration was found for this source unit.
second-order-logic/metatheory/metatheory.tex	second-order-logic	chapter	section	selected	second-order-logic	second-order-logic/second-order-logic.tex	5	0	no	6	sol	-	-	-	1	22	23	40	structural_container	aggregator	-	-	Aggregator/editorial import container; child source files are audited separately.
second-order-logic/metatheory/second-order-arithmetic.tex	second-order-logic	section	section	selected	second-order-logic	second-order-logic/metatheory/metatheory.tex	0	0	yes	356	Second-order Arithmetic	thm=1;prop=1;cor=1;prob=1;proof=3	thm:sol-pa-standard;cor:sol-pa-categorical;prop:sol-pa-definable	thm:_#thm:sol-pa-standard;prop:_#prop:sol-pa-definable;cor:_#cor:sol-pa-categorical	1	132	133	941	missing	no_native_match_found	-	-	No active FormalOLP declaration was found for this substantive source section.
second-order-logic/metatheory/second-order-arithmetic.tex	second-order-logic	unit	thm#1; label=thm:sol-pa-standard	selected	second-order-logic	second-order-logic/metatheory/metatheory.tex	0	0	yes	356	Second-order Arithmetic	-	thm:sol-pa-standard	thm#1; label=thm:sol-pa-standard	49	53	133	941	missing	no_native_match_found	-	-	No active declaration was found for this source unit.
second-order-logic/metatheory/second-order-arithmetic.tex	second-order-logic	unit	cor#1; label=cor:sol-pa-categorical	selected	second-order-logic	second-order-logic/metatheory/metatheory.tex	0	0	yes	356	Second-order Arithmetic	-	cor:sol-pa-categorical	cor#1; label=cor:sol-pa-categorical	81	84	133	941	missing	no_native_match_found	-	-	No active declaration was found for this source unit.
second-order-logic/metatheory/second-order-arithmetic.tex	second-order-logic	unit	prop#1; label=prop:sol-pa-definable	selected	second-order-logic	second-order-logic/metatheory/metatheory.tex	0	0	yes	356	Second-order Arithmetic	-	prop:sol-pa-definable	prop#1; label=prop:sol-pa-definable	99	104	133	941	missing	no_native_match_found	-	-	No active declaration was found for this source unit.
second-order-logic/metatheory/second-order-arithmetic.tex	second-order-logic	unit	prob#1	selected	second-order-logic	second-order-logic/metatheory/metatheory.tex	0	0	yes	356	Second-order Arithmetic	-	-	prob#1	128	130	133	941	missing	no_native_match_found	-	-	No active declaration was found for this source unit.
second-order-logic/metatheory/undecidability-and-axiomatizability.tex	second-order-logic	section	section	selected	second-order-logic	second-order-logic/metatheory/metatheory.tex	0	0	yes	164	Second-order Logic is not Axiomatizable	thm=2;proof=2	thm:sol-undecidable;cor:sol-not-axiomatizable	thm:_#thm:sol-undecidable;thm:_#cor:sol-not-axiomatizable	1	53	54	305	missing	no_native_match_found	-	-	No active FormalOLP declaration was found for this substantive source section.
second-order-logic/metatheory/undecidability-and-axiomatizability.tex	second-order-logic	unit	thm#1; label=thm:sol-undecidable	selected	second-order-logic	second-order-logic/metatheory/metatheory.tex	0	0	yes	164	Second-order Logic is not Axiomatizable	-	thm:sol-undecidable	thm#1; label=thm:sol-undecidable	14	17	54	305	missing	no_native_match_found	-	-	No active declaration was found for this source unit.
second-order-logic/metatheory/undecidability-and-axiomatizability.tex	second-order-logic	unit	thm#2; label=cor:sol-not-axiomatizable	selected	second-order-logic	second-order-logic/metatheory/metatheory.tex	0	0	yes	164	Second-order Logic is not Axiomatizable	-	cor:sol-not-axiomatizable	thm#2; label=cor:sol-not-axiomatizable	24	27	54	305	missing	no_native_match_found	-	-	No active declaration was found for this source unit.
second-order-logic/second-order-logic.tex	second-order-logic	part	section	selected	second-order-logic	content.tex	3	0	yes	13	sol	editorial=1	-	-	1	21	22	54	structural_container	aggregator	-	-	Aggregator/editorial import container; child source files are audited separately.
second-order-logic/sol-and-set-theory/cardinalities.tex	second-order-logic	section	section	selected	second-order-logic	second-order-logic/sol-and-set-theory/sol-and-set-theory.tex	0	0	yes	227	Cardinalities of Sets	prop=2;explain=1	-	-	1	64	65	410	missing	no_native_match_found	-	-	No active FormalOLP declaration was found for this substantive source section.
second-order-logic/sol-and-set-theory/cardinalities.tex	second-order-logic	unit	prop#1	selected	second-order-logic	second-order-logic/sol-and-set-theory/sol-and-set-theory.tex	0	0	yes	227	Cardinalities of Sets	-	-	prop#1	20	29	65	410	missing	no_native_match_found	-	-	No active declaration was found for this source unit.
second-order-logic/sol-and-set-theory/cardinalities.tex	second-order-logic	unit	prop#2	selected	second-order-logic	second-order-logic/sol-and-set-theory/sol-and-set-theory.tex	0	0	yes	227	Cardinalities of Sets	-	-	prop#2	31	40	65	410	missing	no_native_match_found	-	-	No active declaration was found for this source unit.
second-order-logic/sol-and-set-theory/comparing-sets.tex	second-order-logic	section	section	selected	second-order-logic	second-order-logic/sol-and-set-theory/sol-and-set-theory.tex	0	0	yes	181	Comparing Sets	prop=6;proof=1	-	-	1	81	82	450	missing	no_native_match_found	-	-	No active FormalOLP declaration was found for this substantive source section.
second-order-logic/sol-and-set-theory/comparing-sets.tex	second-order-logic	unit	prop#1	selected	second-order-logic	second-order-logic/sol-and-set-theory/sol-and-set-theory.tex	0	0	yes	181	Comparing Sets	-	-	prop#1	13	17	82	450	missing	no_native_match_found	-	-	No active declaration was found for this source unit.
second-order-logic/sol-and-set-theory/comparing-sets.tex	second-order-logic	unit	prop#2	selected	second-order-logic	second-order-logic/sol-and-set-theory/sol-and-set-theory.tex	0	0	yes	181	Comparing Sets	-	-	prop#2	19	23	82	450	missing	no_native_match_found	-	-	No active declaration was found for this source unit.
second-order-logic/sol-and-set-theory/comparing-sets.tex	second-order-logic	unit	prop#3	selected	second-order-logic	second-order-logic/sol-and-set-theory/sol-and-set-theory.tex	0	0	yes	181	Comparing Sets	-	-	prop#3	25	29	82	450	missing	no_native_match_found	-	-	No active declaration was found for this source unit.
second-order-logic/sol-and-set-theory/comparing-sets.tex	second-order-logic	unit	prop#4	selected	second-order-logic	second-order-logic/sol-and-set-theory/sol-and-set-theory.tex	0	0	yes	181	Comparing Sets	-	-	prop#4	37	44	82	450	missing	no_native_match_found	-	-	No active declaration was found for this source unit.
second-order-logic/sol-and-set-theory/comparing-sets.tex	second-order-logic	unit	prop#5	selected	second-order-logic	second-order-logic/sol-and-set-theory/sol-and-set-theory.tex	0	0	yes	181	Comparing Sets	-	-	prop#5	49	58	82	450	missing	no_native_match_found	-	-	No active declaration was found for this source unit.
second-order-logic/sol-and-set-theory/comparing-sets.tex	second-order-logic	unit	prop#6	selected	second-order-logic	second-order-logic/sol-and-set-theory/sol-and-set-theory.tex	0	0	yes	181	Comparing Sets	-	-	prop#6	67	70	82	450	missing	no_native_match_found	-	-	No active declaration was found for this source unit.
second-order-logic/sol-and-set-theory/introduction.tex	second-order-logic	section	section	selected	second-order-logic	second-order-logic/sol-and-set-theory/sol-and-set-theory.tex	0	0	yes	103	Introduction	-	-	-	1	23	24	130	missing	no_native_match_found	-	-	No active FormalOLP declaration was found for this substantive source section.
second-order-logic/sol-and-set-theory/power-of-continuum.tex	second-order-logic	section	section	selected	second-order-logic	second-order-logic/sol-and-set-theory/sol-and-set-theory.tex	0	0	yes	600	The Power of the Continuum	defn=1;prop=6;proof=1;explain=4	-	-	1	155	156	1126	missing	no_native_match_found	-	-	No active FormalOLP declaration was found for this substantive source section.
second-order-logic/sol-and-set-theory/power-of-continuum.tex	second-order-logic	unit	defn#1	selected	second-order-logic	second-order-logic/sol-and-set-theory/sol-and-set-theory.tex	0	0	yes	600	The Power of the Continuum	-	-	defn#1	40	43	156	1126	missing	no_native_match_found	-	-	No active declaration was found for this source unit.
second-order-logic/sol-and-set-theory/power-of-continuum.tex	second-order-logic	unit	prop#1	selected	second-order-logic	second-order-logic/sol-and-set-theory/sol-and-set-theory.tex	0	0	yes	600	The Power of the Continuum	-	-	prop#1	51	67	156	1126	missing	no_native_match_found	-	-	No active declaration was found for this source unit.
second-order-logic/sol-and-set-theory/power-of-continuum.tex	second-order-logic	unit	prop#2	selected	second-order-logic	second-order-logic/sol-and-set-theory/sol-and-set-theory.tex	0	0	yes	600	The Power of the Continuum	-	-	prop#2	77	86	156	1126	missing	no_native_match_found	-	-	No active declaration was found for this source unit.
second-order-logic/sol-and-set-theory/power-of-continuum.tex	second-order-logic	unit	prop#3	selected	second-order-logic	second-order-logic/sol-and-set-theory/sol-and-set-theory.tex	0	0	yes	600	The Power of the Continuum	-	-	prop#3	101	111	156	1126	missing	no_native_match_found	-	-	No active declaration was found for this source unit.
second-order-logic/sol-and-set-theory/power-of-continuum.tex	second-order-logic	unit	prop#4	selected	second-order-logic	second-order-logic/sol-and-set-theory/sol-and-set-theory.tex	0	0	yes	600	The Power of the Continuum	-	-	prop#4	123	129	156	1126	missing	no_native_match_found	-	-	No active declaration was found for this source unit.
second-order-logic/sol-and-set-theory/power-of-continuum.tex	second-order-logic	unit	prop#5	selected	second-order-logic	second-order-logic/sol-and-set-theory/sol-and-set-theory.tex	0	0	yes	600	The Power of the Continuum	-	-	prop#5	137	140	156	1126	missing	no_native_match_found	-	-	No active declaration was found for this source unit.
second-order-logic/sol-and-set-theory/power-of-continuum.tex	second-order-logic	unit	prop#6	selected	second-order-logic	second-order-logic/sol-and-set-theory/sol-and-set-theory.tex	0	0	yes	600	The Power of the Continuum	-	-	prop#6	149	153	156	1126	missing	no_native_match_found	-	-	No active declaration was found for this source unit.
second-order-logic/sol-and-set-theory/sol-and-set-theory.tex	second-order-logic	chapter	section	selected	second-order-logic	second-order-logic/second-order-logic.tex	4	0	yes	56	sol	editorial=1	-	-	1	28	29	94	structural_container	aggregator	-	-	Aggregator/editorial import container; child source files are audited separately.
second-order-logic/syntax-and-semantics/expressive-power.tex	second-order-logic	section	section	selected	second-order-logic	second-order-logic/syntax-and-semantics/syntax-and-semantics.tex	0	0	yes	433	Expressive Power	defn=1;ex=2;prob=1;explain=1	-	-	1	95	96	728	missing	no_native_match_found	-	-	No active FormalOLP declaration was found for this substantive source section.
second-order-logic/syntax-and-semantics/expressive-power.tex	second-order-logic	unit	defn#1	selected	second-order-logic	second-order-logic/syntax-and-semantics/syntax-and-semantics.tex	0	0	yes	433	Expressive Power	-	-	defn#1	31	37	96	728	missing	no_native_match_found	-	-	No active declaration was found for this source unit.
second-order-logic/syntax-and-semantics/expressive-power.tex	second-order-logic	unit	ex#1	selected	second-order-logic	second-order-logic/syntax-and-semantics/syntax-and-semantics.tex	0	0	yes	433	Expressive Power	-	-	ex#1	39	57	96	728	missing	no_native_match_found	-	-	No active declaration was found for this source unit.
second-order-logic/syntax-and-semantics/expressive-power.tex	second-order-logic	unit	prob#1	selected	second-order-logic	second-order-logic/syntax-and-semantics/syntax-and-semantics.tex	0	0	yes	433	Expressive Power	-	-	prob#1	59	62	96	728	missing	no_native_match_found	-	-	No active declaration was found for this source unit.
second-order-logic/syntax-and-semantics/expressive-power.tex	second-order-logic	unit	ex#2	selected	second-order-logic	second-order-logic/syntax-and-semantics/syntax-and-semantics.tex	0	0	yes	433	Expressive Power	-	-	ex#2	64	93	96	728	missing	no_native_match_found	-	-	No active declaration was found for this source unit.
second-order-logic/syntax-and-semantics/inf-count.tex	second-order-logic	section	section	selected	second-order-logic	second-order-logic/syntax-and-semantics/syntax-and-semantics.tex	0	0	yes	430	Describing Infinite and \usetoken{S	prop=2;prob=1;proof=2	-	-	1	133	134	1001	missing	no_native_match_found	-	-	No active FormalOLP declaration was found for this substantive source section.
second-order-logic/syntax-and-semantics/inf-count.tex	second-order-logic	unit	prop#1	selected	second-order-logic	second-order-logic/syntax-and-semantics/syntax-and-semantics.tex	0	0	yes	430	Describing Infinite and \usetoken{S	-	-	prop#1	44	46	134	1001	missing	no_native_match_found	-	-	No active declaration was found for this source unit.
second-order-logic/syntax-and-semantics/inf-count.tex	second-order-logic	unit	prop#2	selected	second-order-logic	second-order-logic/syntax-and-semantics/syntax-and-semantics.tex	0	0	yes	430	Describing Infinite and \usetoken{S	-	-	prop#2	80	82	134	1001	missing	no_native_match_found	-	-	No active declaration was found for this source unit.
second-order-logic/syntax-and-semantics/inf-count.tex	second-order-logic	unit	prob#1	selected	second-order-logic	second-order-logic/syntax-and-semantics/syntax-and-semantics.tex	0	0	yes	430	Describing Infinite and \usetoken{S	-	-	prob#1	125	130	134	1001	missing	no_native_match_found	-	-	No active declaration was found for this source unit.
second-order-logic/syntax-and-semantics/introduction.tex	second-order-logic	section	section	selected	second-order-logic	second-order-logic/syntax-and-semantics/syntax-and-semantics.tex	0	0	yes	334	Introduction	-	-	-	1	59	60	500	missing	no_native_match_found	-	-	No active FormalOLP declaration was found for this substantive source section.
second-order-logic/syntax-and-semantics/language-of-sol.tex	second-order-logic	section	section	orphan_or_unselected	-	-	0	0	yes	184	The Language of Second-Order Logic	-	-	-	1	40	41	268	missing	no_native_match_found	-	-	No active FormalOLP declaration was found for this substantive source section.
second-order-logic/syntax-and-semantics/satisfaction.tex	second-order-logic	section	section	selected	second-order-logic	second-order-logic/syntax-and-semantics/syntax-and-semantics.tex	0	0	yes	606	Satisfaction	defn=5;ex=3;prob=1;explain=2;quote=1	-	defn:Variable Assignment;defn:\usetoken{S}{value} of a Term;defn:$x$-Variant;defn:Satisfaction	1	210	211	1478	proved_weaker	manual_fragment_match	FormalOLP/SecondOrderLogic/Semantics.lean	FormalOLP/SecondOrderLogic/Semantics.lean:49-83	Full relation quantification, object assignments, and satisfaction are native; function-variable semantics and term evaluation are absent.
second-order-logic/syntax-and-semantics/satisfaction.tex	second-order-logic	unit	defn#1	selected	second-order-logic	second-order-logic/syntax-and-semantics/syntax-and-semantics.tex	0	0	yes	606	Satisfaction	-	-	defn#1	22	34	211	1478	proved_weaker	manual_fragment_match	FormalOLP/SecondOrderLogic/Semantics.lean	FormalOLP/SecondOrderLogic/Semantics.lean:22-83	Typed relation-variable/full relation semantics is present; source function variables and term evaluation are absent.
second-order-logic/syntax-and-semantics/satisfaction.tex	second-order-logic	unit	defn#2	selected	second-order-logic	second-order-logic/syntax-and-semantics/syntax-and-semantics.tex	0	0	yes	606	Satisfaction	-	-	defn#2	43	55	211	1478	missing	no_native_match_found	-	-	Object-term evaluation and its variant definitions are absent from the relation-only API.
second-order-logic/syntax-and-semantics/satisfaction.tex	second-order-logic	unit	defn#3	selected	second-order-logic	second-order-logic/syntax-and-semantics/syntax-and-semantics.tex	0	0	yes	606	Satisfaction	-	-	defn#3	57	63	211	1478	missing	no_native_match_found	-	-	Object-term evaluation and its variant definitions are absent from the relation-only API.
second-order-logic/syntax-and-semantics/satisfaction.tex	second-order-logic	unit	defn#4	selected	second-order-logic	second-order-logic/syntax-and-semantics/syntax-and-semantics.tex	0	0	yes	606	Satisfaction	-	-	defn#4	65	88	211	1478	proved_weaker	manual_fragment_match	FormalOLP/SecondOrderLogic/Semantics.lean	FormalOLP/SecondOrderLogic/Semantics.lean:22-83	Typed relation-variable/full relation semantics is present; source function variables and term evaluation are absent.
second-order-logic/syntax-and-semantics/satisfaction.tex	second-order-logic	unit	defn#5	selected	second-order-logic	second-order-logic/syntax-and-semantics/syntax-and-semantics.tex	0	0	yes	606	Satisfaction	-	-	defn#5	90	116	211	1478	proved_weaker	manual_fragment_match	FormalOLP/SecondOrderLogic/Semantics.lean	FormalOLP/SecondOrderLogic/Semantics.lean:22-83	Typed relation-variable/full relation semantics is present; source function variables and term evaluation are absent.
second-order-logic/syntax-and-semantics/satisfaction.tex	second-order-logic	unit	ex#1	selected	second-order-logic	second-order-logic/syntax-and-semantics/syntax-and-semantics.tex	0	0	yes	606	Satisfaction	-	-	ex#1	118	150	211	1478	missing	no_native_match_found	-	-	Source examples and exercises have no native declaration.
second-order-logic/syntax-and-semantics/satisfaction.tex	second-order-logic	unit	ex#2	selected	second-order-logic	second-order-logic/syntax-and-semantics/syntax-and-semantics.tex	0	0	yes	606	Satisfaction	-	-	ex#2	152	183	211	1478	missing	no_native_match_found	-	-	Source examples and exercises have no native declaration.
second-order-logic/syntax-and-semantics/satisfaction.tex	second-order-logic	unit	ex#3	selected	second-order-logic	second-order-logic/syntax-and-semantics/syntax-and-semantics.tex	0	0	yes	606	Satisfaction	-	-	ex#3	185	196	211	1478	missing	no_native_match_found	-	-	Source examples and exercises have no native declaration.
second-order-logic/syntax-and-semantics/satisfaction.tex	second-order-logic	unit	prob#1	selected	second-order-logic	second-order-logic/syntax-and-semantics/syntax-and-semantics.tex	0	0	yes	606	Satisfaction	-	-	prob#1	198	208	211	1478	missing	no_native_match_found	-	-	Source examples and exercises have no native declaration.
second-order-logic/syntax-and-semantics/semantic-notions.tex	second-order-logic	section	section	selected	second-order-logic	second-order-logic/syntax-and-semantics/syntax-and-semantics.tex	0	0	yes	88	Semantic Notions	defn=3;explain=1	-	defn:Validity;defn:Entailment;defn:Satisfiability	1	38	39	179	proved_weaker	manual_fragment_match	FormalOLP/SecondOrderLogic/Semantics.lean	FormalOLP/SecondOrderLogic/Semantics.lean:85-194	Free-relation agreement and fresh relation quantifier introduction/elimination are proved; source validity/metatheory is absent.
second-order-logic/syntax-and-semantics/semantic-notions.tex	second-order-logic	unit	defn#1	selected	second-order-logic	second-order-logic/syntax-and-semantics/syntax-and-semantics.tex	0	0	yes	88	Semantic Notions	-	-	defn#1	21	24	39	179	proved_weaker	manual_fragment_match	FormalOLP/SecondOrderLogic/Semantics.lean	FormalOLP/SecondOrderLogic/Semantics.lean:85-95	Relation-variable free-variable notions are native; source validity/entailment development is absent.
second-order-logic/syntax-and-semantics/semantic-notions.tex	second-order-logic	unit	defn#2	selected	second-order-logic	second-order-logic/syntax-and-semantics/syntax-and-semantics.tex	0	0	yes	88	Semantic Notions	-	-	defn#2	26	30	39	179	proved_weaker	manual_fragment_match	FormalOLP/SecondOrderLogic/Semantics.lean	FormalOLP/SecondOrderLogic/Semantics.lean:85-95	Relation-variable free-variable notions are native; source validity/entailment development is absent.
second-order-logic/syntax-and-semantics/semantic-notions.tex	second-order-logic	unit	defn#3	selected	second-order-logic	second-order-logic/syntax-and-semantics/syntax-and-semantics.tex	0	0	yes	88	Semantic Notions	-	-	defn#3	32	36	39	179	proved_weaker	manual_fragment_match	FormalOLP/SecondOrderLogic/Semantics.lean	FormalOLP/SecondOrderLogic/Semantics.lean:85-95	Relation-variable free-variable notions are native; source validity/entailment development is absent.
second-order-logic/syntax-and-semantics/syntax-and-semantics.tex	second-order-logic	chapter	section	selected	second-order-logic	second-order-logic/second-order-logic.tex	6	0	yes	43	sol	editorial=1	-	-	1	31	32	87	structural_container	aggregator	-	-	Aggregator/editorial import container; child source files are audited separately.
second-order-logic/syntax-and-semantics/terms-formulas.tex	second-order-logic	section	section	selected	second-order-logic	second-order-logic/syntax-and-semantics/syntax-and-semantics.tex	0	0	yes	373	Terms and \printtoken{P	defn=2;explain=2	-	defn:Second-order Terms;defn:Second-order \usetoken{s}{formula}	1	89	90	595	defined_only	manual_definition_match	FormalOLP/SecondOrderLogic/Semantics.lean	FormalOLP/SecondOrderLogic/Semantics.lean:27-37	Typed relation-variable Formula syntax is native; function variables and full term syntax are not.
second-order-logic/syntax-and-semantics/terms-formulas.tex	second-order-logic	unit	defn#1	selected	second-order-logic	second-order-logic/syntax-and-semantics/syntax-and-semantics.tex	0	0	yes	373	Terms and \printtoken{P	-	-	defn#1	50	57	90	595	defined_only	manual_definition_match	FormalOLP/SecondOrderLogic/Semantics.lean	FormalOLP/SecondOrderLogic/Semantics.lean:27-37	Typed relation-variable Formula syntax is native; function variables and full term syntax are not.
second-order-logic/syntax-and-semantics/terms-formulas.tex	second-order-logic	unit	defn#2	selected	second-order-logic	second-order-logic/syntax-and-semantics/syntax-and-semantics.tex	0	0	yes	373	Terms and \printtoken{P	-	-	defn#2	66	87	90	595	defined_only	manual_definition_match	FormalOLP/SecondOrderLogic/Semantics.lean	FormalOLP/SecondOrderLogic/Semantics.lean:27-37	Typed relation-variable Formula syntax is native; function variables and full term syntax are not.
many-valued-logic/infinite-valued-logics/goedel.tex	many-valued-logic	section	section	selected	many-valued-logic	many-valued-logic/infinite-valued-logics/infinite-valued-logics.tex	0	0	yes	193	"G\""odel logics"	defn=1;prop=2;prob=3;proof=2;editorial=1	def:goedel;prop:god-infty-m	defn:_#def:goedel;prop:_#prop:god-infty-m	1	127	127	600	missing	no_native_match_found	-	-	No active FormalOLP declaration was found for this substantive source section.
many-valued-logic/infinite-valued-logics/goedel.tex	many-valued-logic	unit	defn#1; label=def:goedel	selected	many-valued-logic	many-valued-logic/infinite-valued-logics/infinite-valued-logics.tex	0	0	yes	193	"G\""odel logics"	-	def:goedel	defn#1; label=def:goedel	17	40	127	600	missing	no_native_match_found	-	-	No active declaration was found for this source unit.
many-valued-logic/infinite-valued-logics/goedel.tex	many-valued-logic	unit	prop#1	selected	many-valued-logic	many-valued-logic/infinite-valued-logics/infinite-valued-logics.tex	0	0	yes	193	"G\""odel logics"	-	-	prop#1	42	45	127	600	missing	no_native_match_found	-	-	No active declaration was found for this source unit.
many-valued-logic/infinite-valued-logics/goedel.tex	many-valued-logic	unit	prop#2; label=prop:god-infty-m	selected	many-valued-logic	many-valued-logic/infinite-valued-logics/infinite-valued-logics.tex	0	0	yes	193	"G\""odel logics"	-	prop:god-infty-m	prop#2; label=prop:god-infty-m	86	89	127	600	missing	no_native_match_found	-	-	No active declaration was found for this source unit.
many-valued-logic/infinite-valued-logics/goedel.tex	many-valued-logic	unit	prob#1	selected	many-valued-logic	many-valued-logic/infinite-valued-logics/infinite-valued-logics.tex	0	0	yes	193	"G\""odel logics"	-	-	prob#1	95	97	127	600	missing	no_native_match_found	-	-	No active declaration was found for this source unit.
many-valued-logic/infinite-valued-logics/goedel.tex	many-valued-logic	unit	prob#2	selected	many-valued-logic	many-valued-logic/infinite-valued-logics/infinite-valued-logics.tex	0	0	yes	193	"G\""odel logics"	-	-	prob#2	117	120	127	600	missing	no_native_match_found	-	-	No active declaration was found for this source unit.
many-valued-logic/infinite-valued-logics/goedel.tex	many-valued-logic	unit	prob#3	selected	many-valued-logic	many-valued-logic/infinite-valued-logics/infinite-valued-logics.tex	0	0	yes	193	"G\""odel logics"	-	-	prob#3	122	125	127	600	missing	no_native_match_found	-	-	No active declaration was found for this source unit.
many-valued-logic/infinite-valued-logics/infinite-valued-logics.tex	many-valued-logic	chapter	section	selected	many-valued-logic	many-valued-logic/many-valued-logic.tex	3	0	no	4	mvl	-	-	-	1	18	19	31	structural_container	aggregator	-	-	Aggregator/editorial import container; child source files are audited separately.
many-valued-logic/infinite-valued-logics/introduction.tex	many-valued-logic	section	section	selected	many-valued-logic	many-valued-logic/infinite-valued-logics/infinite-valued-logics.tex	0	0	yes	91	Introduction	-	-	-	1	35	36	224	missing	no_native_match_found	-	-	No active FormalOLP declaration was found for this substantive source section.
many-valued-logic/infinite-valued-logics/lukasiewicz.tex	many-valued-logic	section	section	selected	many-valued-logic	many-valued-logic/infinite-valued-logics/infinite-valued-logics.tex	0	0	yes	149	\L ukasiewicz logic	defn=1;prop=2;prob=2;proof=2;editorial=1	def:lukasiewicz;prop:luk-infty-m	defn:_#def:lukasiewicz;prop:_#prop:luk-infty-m	1	108	108	455	missing	no_native_match_found	-	-	No active FormalOLP declaration was found for this substantive source section.
many-valued-logic/infinite-valued-logics/lukasiewicz.tex	many-valued-logic	unit	defn#1; label=def:lukasiewicz	selected	many-valued-logic	many-valued-logic/infinite-valued-logics/infinite-valued-logics.tex	0	0	yes	149	\L ukasiewicz logic	-	def:lukasiewicz	defn#1; label=def:lukasiewicz	18	37	108	455	missing	no_native_match_found	-	-	No active declaration was found for this source unit.
many-valued-logic/infinite-valued-logics/lukasiewicz.tex	many-valued-logic	unit	prop#1	selected	many-valued-logic	many-valued-logic/infinite-valued-logics/infinite-valued-logics.tex	0	0	yes	149	\L ukasiewicz logic	-	-	prop#1	39	42	108	455	missing	no_native_match_found	-	-	No active declaration was found for this source unit.
many-valued-logic/infinite-valued-logics/lukasiewicz.tex	many-valued-logic	unit	prop#2; label=prop:luk-infty-m	selected	many-valued-logic	many-valued-logic/infinite-valued-logics/infinite-valued-logics.tex	0	0	yes	149	\L ukasiewicz logic	-	prop:luk-infty-m	prop#2; label=prop:luk-infty-m	83	86	108	455	missing	no_native_match_found	-	-	No active declaration was found for this source unit.
many-valued-logic/infinite-valued-logics/lukasiewicz.tex	many-valued-logic	unit	prob#1	selected	many-valued-logic	many-valued-logic/infinite-valued-logics/infinite-valued-logics.tex	0	0	yes	149	\L ukasiewicz logic	-	-	prob#1	92	94	108	455	missing	no_native_match_found	-	-	No active declaration was found for this source unit.
many-valued-logic/infinite-valued-logics/lukasiewicz.tex	many-valued-logic	unit	prob#2	selected	many-valued-logic	many-valued-logic/infinite-valued-logics/infinite-valued-logics.tex	0	0	yes	149	\L ukasiewicz logic	-	-	prob#2	103	106	108	455	missing	no_native_match_found	-	-	No active declaration was found for this source unit.
many-valued-logic/many-valued-logic.tex	many-valued-logic	part	section	selected	many-valued-logic	content.tex	4	0	yes	13	mvl	editorial=1	-	-	1	23	24	60	structural_container	aggregator	-	-	Aggregator/editorial import container; child source files are audited separately.
many-valued-logic/sequent-calculus/introduction.tex	many-valued-logic	section	section	selected	many-valued-logic	many-valued-logic/sequent-calculus/sequent-calculus.tex	0	0	yes	229	Introduction	defish=2	-	-	1	83	84	471	missing	no_native_match_found	-	-	No active FormalOLP declaration was found for this substantive source section.
many-valued-logic/sequent-calculus/proof-theoretic-notions.tex	many-valued-logic	section	section	orphan_or_unselected	-	-	0	0	yes	372	Proof-Theoretic Notions	defn=3;prop=5;prob=1;proof=5;explain=1;prooftree=2	prop:reflexivity;prop:monotonicity;prop:transitivity;prop:incons;prop:proves-compact	defn:Theorems;defn:!!^{derivability};defn:Consistency;prop:Reflexivity#prop:reflexivity;prop:Monotonicity#prop:monotonicity;prop:Transitivity#prop:transitivity;prop:_#prop:incons;prop:Compactness#prop:proves-compact	1	163	164	836	missing	no_native_match_found	-	-	No active FormalOLP declaration was found for this substantive source section.
many-valued-logic/sequent-calculus/proof-theoretic-notions.tex	many-valued-logic	unit	defn#1	orphan_or_unselected	-	-	0	0	yes	372	Proof-Theoretic Notions	-	-	defn#1	23	27	164	836	missing	no_native_match_found	-	-	No active declaration was found for this source unit.
many-valued-logic/sequent-calculus/proof-theoretic-notions.tex	many-valued-logic	unit	defn#2	orphan_or_unselected	-	-	0	0	yes	372	Proof-Theoretic Notions	-	-	defn#2	29	36	164	836	missing	no_native_match_found	-	-	No active declaration was found for this source unit.
many-valued-logic/sequent-calculus/proof-theoretic-notions.tex	many-valued-logic	unit	defn#3	orphan_or_unselected	-	-	0	0	yes	372	Proof-Theoretic Notions	-	-	defn#3	62	69	164	836	missing	no_native_match_found	-	-	No active declaration was found for this source unit.
many-valued-logic/sequent-calculus/proof-theoretic-notions.tex	many-valued-logic	unit	prop#1; label=prop:reflexivity	orphan_or_unselected	-	-	0	0	yes	372	Proof-Theoretic Notions	-	prop:reflexivity	prop#1; label=prop:reflexivity	71	74	164	836	missing	no_native_match_found	-	-	No active declaration was found for this source unit.
many-valued-logic/sequent-calculus/proof-theoretic-notions.tex	many-valued-logic	unit	prop#2; label=prop:monotonicity	orphan_or_unselected	-	-	0	0	yes	372	Proof-Theoretic Notions	-	prop:monotonicity	prop#2; label=prop:monotonicity	81	85	164	836	missing	no_native_match_found	-	-	No active declaration was found for this source unit.
many-valued-logic/sequent-calculus/proof-theoretic-notions.tex	many-valued-logic	unit	prop#3; label=prop:transitivity	orphan_or_unselected	-	-	0	0	yes	372	Proof-Theoretic Notions	-	prop:transitivity	prop#3; label=prop:transitivity	95	99	164	836	missing	no_native_match_found	-	-	No active declaration was found for this source unit.
many-valued-logic/sequent-calculus/proof-theoretic-notions.tex	many-valued-logic	unit	prop#4; label=prop:incons	orphan_or_unselected	-	-	0	0	yes	372	Proof-Theoretic Notions	-	prop:incons	prop#4; label=prop:incons	126	130	164	836	missing	no_native_match_found	-	-	No active declaration was found for this source unit.
many-valued-logic/sequent-calculus/proof-theoretic-notions.tex	many-valued-logic	unit	prob#1	orphan_or_unselected	-	-	0	0	yes	372	Proof-Theoretic Notions	-	-	prob#1	136	138	164	836	missing	no_native_match_found	-	-	No active declaration was found for this source unit.
many-valued-logic/sequent-calculus/proof-theoretic-notions.tex	many-valued-logic	unit	prop#5; label=prop:proves-compact	orphan_or_unselected	-	-	0	0	yes	372	Proof-Theoretic Notions	-	prop:proves-compact	prop#5; label=prop:proves-compact	140	148	164	836	missing	no_native_match_found	-	-	No active declaration was found for this source unit.
many-valued-logic/sequent-calculus/propositional-rules.tex	many-valued-logic	section	section	selected	many-valued-logic	many-valued-logic/sequent-calculus/sequent-calculus.tex	0	0	yes	139	Propositional Rules for Selected Logics;Rules for $\lnot$;Rules for $\land$;Rules for $\lor$;Rules for $\lif$	defish=7	-	-	1	235	236	1080	missing	no_native_match_found	-	-	No active FormalOLP declaration was found for this substantive source section.
many-valued-logic/sequent-calculus/rules-and-proofs.tex	many-valued-logic	section	section	selected	many-valued-logic	many-valued-logic/sequent-calculus/sequent-calculus.tex	0	0	yes	259	Rules and \usetoken{P	defn=4	-	defn:Sequent;defn:Initial Sequent;defn:Theorems;defn:!!^{derivability}	1	73	74	465	missing	no_native_match_found	-	-	No active FormalOLP declaration was found for this substantive source section.
many-valued-logic/sequent-calculus/rules-and-proofs.tex	many-valued-logic	unit	defn#1	selected	many-valued-logic	many-valued-logic/sequent-calculus/sequent-calculus.tex	0	0	yes	259	Rules and \usetoken{P	-	-	defn#1	16	23	74	465	missing	no_native_match_found	-	-	No active declaration was found for this source unit.
many-valued-logic/sequent-calculus/rules-and-proofs.tex	many-valued-logic	unit	defn#2	selected	many-valued-logic	many-valued-logic/sequent-calculus/sequent-calculus.tex	0	0	yes	259	Rules and \usetoken{P	-	-	defn#2	25	34	74	465	missing	no_native_match_found	-	-	No active declaration was found for this source unit.
many-valued-logic/sequent-calculus/rules-and-proofs.tex	many-valued-logic	unit	defn#3	selected	many-valued-logic	many-valued-logic/sequent-calculus/sequent-calculus.tex	0	0	yes	259	Rules and \usetoken{P	-	-	defn#3	44	50	74	465	missing	no_native_match_found	-	-	No active declaration was found for this source unit.
many-valued-logic/sequent-calculus/rules-and-proofs.tex	many-valued-logic	unit	defn#4	selected	many-valued-logic	many-valued-logic/sequent-calculus/sequent-calculus.tex	0	0	yes	259	Rules and \usetoken{P	-	-	defn#4	52	62	74	465	missing	no_native_match_found	-	-	No active declaration was found for this source unit.
many-valued-logic/sequent-calculus/sequent-calculus.tex	many-valued-logic	chapter	section	selected	many-valued-logic	many-valued-logic/many-valued-logic.tex	4	0	no	3	mvl	-	-	-	1	20	21	36	structural_container	aggregator	-	-	Aggregator/editorial import container; child source files are audited separately.
many-valued-logic/sequent-calculus/structural-rules.tex	many-valued-logic	section	section	selected	many-valued-logic	many-valued-logic/sequent-calculus/sequent-calculus.tex	0	0	yes	50	Structural Rules	defish=2	-	-	1	52	53	221	missing	no_native_match_found	-	-	No active FormalOLP declaration was found for this substantive source section.
many-valued-logic/syntax-and-semantics/connectives.tex	many-valued-logic	section	section	selected	many-valued-logic	many-valued-logic/syntax-and-semantics/syntax-and-semantics.tex	0	0	yes	212	Languages and Connectives	defn=1;ex=1	-	-	1	70	71	369	missing	no_native_match_found	-	-	No active FormalOLP declaration was found for this substantive source section.
many-valued-logic/syntax-and-semantics/connectives.tex	many-valued-logic	unit	defn#1	selected	many-valued-logic	many-valued-logic/syntax-and-semantics/syntax-and-semantics.tex	0	0	yes	212	Languages and Connectives	-	-	defn#1	46	53	71	369	missing	no_native_match_found	-	-	No active declaration was found for this source unit.
many-valued-logic/syntax-and-semantics/connectives.tex	many-valued-logic	unit	ex#1	selected	many-valued-logic	many-valued-logic/syntax-and-semantics/syntax-and-semantics.tex	0	0	yes	212	Languages and Connectives	-	-	ex#1	55	68	71	369	missing	no_native_match_found	-	-	No active declaration was found for this source unit.
many-valued-logic/syntax-and-semantics/formulas.tex	many-valued-logic	section	section	selected	many-valued-logic	many-valued-logic/syntax-and-semantics/syntax-and-semantics.tex	0	0	yes	111	\usetoken{P	defn=1;ex=1	defn:formulas	defn:Formula#defn:formulas	1	43	44	233	missing	no_native_match_found	-	-	No active FormalOLP declaration was found for this substantive source section.
many-valued-logic/syntax-and-semantics/formulas.tex	many-valued-logic	unit	defn#1; label=defn:formulas	selected	many-valued-logic	many-valued-logic/syntax-and-semantics/syntax-and-semantics.tex	0	0	yes	111	\usetoken{P	-	defn:formulas	defn#1; label=defn:formulas	13	30	44	233	missing	no_native_match_found	-	-	No active declaration was found for this source unit.
many-valued-logic/syntax-and-semantics/formulas.tex	many-valued-logic	unit	ex#1	selected	many-valued-logic	many-valued-logic/syntax-and-semantics/syntax-and-semantics.tex	0	0	yes	111	\usetoken{P	-	-	ex#1	34	41	44	233	missing	no_native_match_found	-	-	No active declaration was found for this source unit.
many-valued-logic/syntax-and-semantics/introduction.tex	many-valued-logic	section	section	selected	many-valued-logic	many-valued-logic/syntax-and-semantics/syntax-and-semantics.tex	0	0	yes	376	Introduction	-	-	-	1	63	64	529	missing	no_native_match_found	-	-	No active FormalOLP declaration was found for this substantive source section.
many-valued-logic/syntax-and-semantics/matrices.tex	many-valued-logic	section	section	selected	many-valued-logic	many-valued-logic/syntax-and-semantics/syntax-and-semantics.tex	0	0	yes	106	Matrices	defn=1;ex=1;figure=1	defn:matrix;fig:tf-CL	defn:Matrix#defn:matrix;ex:_#fig:tf-CL	1	76	77	303	missing	no_native_match_found	-	-	No active FormalOLP declaration was found for this substantive source section.
many-valued-logic/syntax-and-semantics/matrices.tex	many-valued-logic	unit	defn#1; label=defn:matrix	selected	many-valued-logic	many-valued-logic/syntax-and-semantics/syntax-and-semantics.tex	0	0	yes	106	Matrices	-	defn:matrix	defn#1; label=defn:matrix	17	28	77	303	missing	no_native_match_found	-	-	No active declaration was found for this source unit.
many-valued-logic/syntax-and-semantics/matrices.tex	many-valued-logic	unit	ex#1; label=fig:tf-CL	selected	many-valued-logic	many-valued-logic/syntax-and-semantics/syntax-and-semantics.tex	0	0	yes	106	Matrices	-	fig:tf-CL	ex#1; label=fig:tf-CL	30	74	77	303	missing	no_native_match_found	-	-	No active declaration was found for this source unit.
many-valued-logic/syntax-and-semantics/semantic-notions.tex	many-valued-logic	section	section	selected	many-valued-logic	many-valued-logic/syntax-and-semantics/syntax-and-semantics.tex	0	0	yes	169	Semantic Notions	defn=1;prop=1;prob=1;proof=1	prop:semanticalfacts;def:monotonicity;def:Cut	prop:_#prop:semanticalfacts,def:monotonicity,def:Cut	1	70	71	361	proved_weaker	manual_fragment_match	FormalOLP/ManyValuedLogic/Kleene.lean	FormalOLP/ManyValuedLogic/Kleene.lean:119-235	K3 entailment/validity is exposed; general many-valued semantic notions and cut theory are absent.
many-valued-logic/syntax-and-semantics/semantic-notions.tex	many-valued-logic	unit	defn#1	selected	many-valued-logic	many-valued-logic/syntax-and-semantics/syntax-and-semantics.tex	0	0	yes	169	Semantic Notions	-	-	defn#1	16	31	71	361	proved_weaker	manual_fragment_match	FormalOLP/ManyValuedLogic/Kleene.lean	FormalOLP/ManyValuedLogic/Kleene.lean:119-235	K3-specific entailment and validity are native; general matrix semantics are absent.
many-valued-logic/syntax-and-semantics/semantic-notions.tex	many-valued-logic	unit	prop#1; label=prop:semanticalfacts	selected	many-valued-logic	many-valued-logic/syntax-and-semantics/syntax-and-semantics.tex	0	0	yes	169	Semantic Notions	-	prop:semanticalfacts	prop#1; label=prop:semanticalfacts	36	51	71	361	missing	no_native_match_found	-	-	No active declaration for this source unit.
many-valued-logic/syntax-and-semantics/semantic-notions.tex	many-valued-logic	unit	prob#1	selected	many-valued-logic	many-valued-logic/syntax-and-semantics/syntax-and-semantics.tex	0	0	yes	169	Semantic Notions	-	-	prob#1	57	59	71	361	missing	no_native_match_found	-	-	No active declaration for this source unit.
many-valued-logic/syntax-and-semantics/sublogics.tex	many-valued-logic	section	section	selected	many-valued-logic	many-valued-logic/syntax-and-semantics/syntax-and-semantics.tex	0	0	yes	162	Many-valued logics as sublogics of~$\LogCL$	prop=1;cor=1;proof=2	prop:mvl-cl;prop:not;prop:land;prop:lor;prop:lif	prop:_#prop:mvl-cl,prop:not,prop:land,prop:lor,prop:lif	1	90	91	649	missing	no_native_match_found	-	-	No active FormalOLP declaration was found for this substantive source section.
many-valued-logic/syntax-and-semantics/sublogics.tex	many-valued-logic	unit	prop#1; label=prop:mvl-cl	selected	many-valued-logic	many-valued-logic/syntax-and-semantics/syntax-and-semantics.tex	0	0	yes	162	Many-valued logics as sublogics of~$\LogCL$	-	prop:mvl-cl	prop#1; label=prop:mvl-cl	23	39	91	649	missing	no_native_match_found	-	-	No active declaration was found for this source unit.
many-valued-logic/syntax-and-semantics/sublogics.tex	many-valued-logic	unit	cor#1	selected	many-valued-logic	many-valued-logic/syntax-and-semantics/syntax-and-semantics.tex	0	0	yes	162	Many-valued logics as sublogics of~$\LogCL$	-	-	cor#1	70	76	91	649	missing	no_native_match_found	-	-	No active declaration was found for this source unit.
many-valued-logic/syntax-and-semantics/syntax-and-semantics.tex	many-valued-logic	chapter	section	selected	many-valued-logic	many-valued-logic/many-valued-logic.tex	7	0	no	4	mvl	-	-	-	1	26	27	41	structural_container	aggregator	-	-	Aggregator/editorial import container; child source files are audited separately.
many-valued-logic/syntax-and-semantics/valuations-sat.tex	many-valued-logic	section	section	selected	many-valued-logic	many-valued-logic/syntax-and-semantics/syntax-and-semantics.tex	0	0	yes	85	\usetoken{P	defn=3	defn:pValue;defn:satisfaction	defn:!!^{valuation}s;defn:_#defn:pValue;defn:Satisfaction#defn:satisfaction	1	47	48	256	proved_weaker	manual_fragment_match	FormalOLP/ManyValuedLogic/Kleene.lean	FormalOLP/ManyValuedLogic/Kleene.lean:89-129	K3 evaluation/designation is native, but the source generic many-valued valuation/matrix interface is not.
many-valued-logic/syntax-and-semantics/valuations-sat.tex	many-valued-logic	unit	defn#1	selected	many-valued-logic	many-valued-logic/syntax-and-semantics/syntax-and-semantics.tex	0	0	yes	85	\usetoken{P	-	-	defn#1	13	19	48	256	proved_weaker	manual_fragment_match	FormalOLP/ManyValuedLogic/Kleene.lean	FormalOLP/ManyValuedLogic/Kleene.lean:89-129	K3-specific evaluation and designation are native; the source generic matrix valuation interface is absent.
many-valued-logic/syntax-and-semantics/valuations-sat.tex	many-valued-logic	unit	defn#2; label=defn:pValue	selected	many-valued-logic	many-valued-logic/syntax-and-semantics/syntax-and-semantics.tex	0	0	yes	85	\usetoken{P	-	defn:pValue	defn#2; label=defn:pValue	21	34	48	256	proved_weaker	manual_fragment_match	FormalOLP/ManyValuedLogic/Kleene.lean	FormalOLP/ManyValuedLogic/Kleene.lean:89-129	K3-specific evaluation and designation are native; the source generic matrix valuation interface is absent.
many-valued-logic/syntax-and-semantics/valuations-sat.tex	many-valued-logic	unit	defn#3; label=defn:satisfaction	selected	many-valued-logic	many-valued-logic/syntax-and-semantics/syntax-and-semantics.tex	0	0	yes	85	\usetoken{P	-	defn:satisfaction	defn#3; label=defn:satisfaction	36	45	48	256	proved_weaker	manual_fragment_match	FormalOLP/ManyValuedLogic/Kleene.lean	FormalOLP/ManyValuedLogic/Kleene.lean:89-129	K3-specific evaluation and designation are native; the source generic matrix valuation interface is absent.
many-valued-logic/three-valued-logics/goedel.tex	many-valued-logic	section	section	selected	many-valued-logic	many-valued-logic/three-valued-logics/three-valued-logics.tex	0	0	yes	207	"G\""odel logics"	defn=1;prob=3	defn:goedel	defn:_#defn:goedel	1	118	118	597	missing	no_native_match_found	-	-	No active FormalOLP declaration was found for this substantive source section.
many-valued-logic/three-valued-logics/goedel.tex	many-valued-logic	unit	defn#1; label=defn:goedel	selected	many-valued-logic	many-valued-logic/three-valued-logics/three-valued-logics.tex	0	0	yes	207	"G\""odel logics"	-	defn:goedel	defn#1; label=defn:goedel	17	61	118	597	missing	no_native_match_found	-	-	No active declaration was found for this source unit.
many-valued-logic/three-valued-logics/goedel.tex	many-valued-logic	unit	prob#1	selected	many-valued-logic	many-valued-logic/three-valued-logics/three-valued-logics.tex	0	0	yes	207	"G\""odel logics"	-	-	prob#1	85	94	118	597	missing	no_native_match_found	-	-	No active declaration was found for this source unit.
many-valued-logic/three-valued-logics/goedel.tex	many-valued-logic	unit	prob#2	selected	many-valued-logic	many-valued-logic/three-valued-logics/three-valued-logics.tex	0	0	yes	207	"G\""odel logics"	-	-	prob#2	96	105	118	597	missing	no_native_match_found	-	-	No active declaration was found for this source unit.
many-valued-logic/three-valued-logics/goedel.tex	many-valued-logic	unit	prob#3	selected	many-valued-logic	many-valued-logic/three-valued-logics/three-valued-logics.tex	0	0	yes	207	"G\""odel logics"	-	-	prob#3	107	116	118	597	missing	no_native_match_found	-	-	No active declaration was found for this source unit.
many-valued-logic/three-valued-logics/introduction.tex	many-valued-logic	section	section	selected	many-valued-logic	many-valued-logic/three-valued-logics/three-valued-logics.tex	0	0	yes	78	Introduction	-	-	-	1	23	24	116	missing	no_native_match_found	-	-	No active FormalOLP declaration was found for this substantive source section.
many-valued-logic/three-valued-logics/kleene.tex	many-valued-logic	section	section	selected	many-valued-logic	many-valued-logic/three-valued-logics/three-valued-logics.tex	0	0	yes	486	Kleene logics	defn=2;prop=1;prob=2;proof=1	-	-	1	197	197	935	proved_weaker	manual_fragment_match	FormalOLP/ManyValuedLogic/Kleene.lean	FormalOLP/ManyValuedLogic/Kleene.lean:19-235	Strong K3 tables, designated truth, reflection, modus ponens, and excluded-middle nonvalidity are native; source presentation and broader three-valued systems are absent.
many-valued-logic/three-valued-logics/kleene.tex	many-valued-logic	unit	defn#1	selected	many-valued-logic	many-valued-logic/three-valued-logics/three-valued-logics.tex	0	0	yes	486	Kleene logics	-	-	defn#1	45	87	197	935	proved_weaker	manual_fragment_match	FormalOLP/ManyValuedLogic/Kleene.lean	FormalOLP/ManyValuedLogic/Kleene.lean:19-129	Strong K3 is a native subfragment; weak Kleene, generic matrix syntax, and the source no-tautology proof are absent.
many-valued-logic/three-valued-logics/kleene.tex	many-valued-logic	unit	defn#2	selected	many-valued-logic	many-valued-logic/three-valued-logics/three-valued-logics.tex	0	0	yes	486	Kleene logics	-	-	defn#2	89	131	197	935	proved_weaker	manual_fragment_match	FormalOLP/ManyValuedLogic/Kleene.lean	FormalOLP/ManyValuedLogic/Kleene.lean:19-129	Strong K3 is a native subfragment; weak Kleene, generic matrix syntax, and the source no-tautology proof are absent.
many-valued-logic/three-valued-logics/kleene.tex	many-valued-logic	unit	prop#1	selected	many-valued-logic	many-valued-logic/three-valued-logics/three-valued-logics.tex	0	0	yes	486	Kleene logics	-	-	prop#1	133	135	197	935	missing	no_native_match_found	-	-	The source Kleene proposition/exercises are not separately proved.
many-valued-logic/three-valued-logics/kleene.tex	many-valued-logic	unit	prob#1	selected	many-valued-logic	many-valued-logic/three-valued-logics/three-valued-logics.tex	0	0	yes	486	Kleene logics	-	-	prob#1	152	162	197	935	missing	no_native_match_found	-	-	The source Kleene proposition/exercises are not separately proved.
many-valued-logic/three-valued-logics/kleene.tex	many-valued-logic	unit	prob#2	selected	many-valued-logic	many-valued-logic/three-valued-logics/three-valued-logics.tex	0	0	yes	486	Kleene logics	-	-	prob#2	188	194	197	935	missing	no_native_match_found	-	-	The source Kleene proposition/exercises are not separately proved.
many-valued-logic/three-valued-logics/lukasiewicz.tex	many-valued-logic	section	section	selected	many-valued-logic	many-valued-logic/three-valued-logics/three-valued-logics.tex	0	0	yes	806	\L ukasiewicz logic	defn=1;prop=1;prob=5;quote=1	def:lukasiewicz;mvl:thr:luk:prob:luk-iff;mvl:thr:luk:prob:luk-taut-2;mvl:thr:luk:prob:luk-taut-3	defn:_#def:lukasiewicz;prob:_#mvl:thr:luk:prob:luk-iff;prob:_#mvl:thr:luk:prob:luk-taut-2,mvl:thr:luk:prob:luk-taut-3	1	242	242	1561	missing	no_native_match_found	-	-	No active FormalOLP declaration was found for this substantive source section.
many-valued-logic/three-valued-logics/lukasiewicz.tex	many-valued-logic	unit	defn#1; label=def:lukasiewicz	selected	many-valued-logic	many-valued-logic/three-valued-logics/three-valued-logics.tex	0	0	yes	806	\L ukasiewicz logic	-	def:lukasiewicz	defn#1; label=def:lukasiewicz	77	119	242	1561	missing	no_native_match_found	-	-	No active declaration was found for this source unit.
many-valued-logic/three-valued-logics/lukasiewicz.tex	many-valued-logic	unit	prop#1	selected	many-valued-logic	many-valued-logic/three-valued-logics/three-valued-logics.tex	0	0	yes	806	\L ukasiewicz logic	-	-	prop#1	131	134	242	1561	missing	no_native_match_found	-	-	No active declaration was found for this source unit.
many-valued-logic/three-valued-logics/lukasiewicz.tex	many-valued-logic	unit	prob#1	selected	many-valued-logic	many-valued-logic/three-valued-logics/three-valued-logics.tex	0	0	yes	806	\L ukasiewicz logic	-	-	prob#1	136	139	242	1561	missing	no_native_match_found	-	-	No active declaration was found for this source unit.
many-valued-logic/three-valued-logics/lukasiewicz.tex	many-valued-logic	unit	prob#2	selected	many-valued-logic	many-valued-logic/three-valued-logics/three-valued-logics.tex	0	0	yes	806	\L ukasiewicz logic	-	-	prob#2	159	170	242	1561	missing	no_native_match_found	-	-	No active declaration was found for this source unit.
many-valued-logic/three-valued-logics/lukasiewicz.tex	many-valued-logic	unit	prob#3	selected	many-valued-logic	many-valued-logic/three-valued-logics/three-valued-logics.tex	0	0	yes	806	\L ukasiewicz logic	-	-	prob#3	172	179	242	1561	missing	no_native_match_found	-	-	No active declaration was found for this source unit.
many-valued-logic/three-valued-logics/lukasiewicz.tex	many-valued-logic	unit	prob#4	selected	many-valued-logic	many-valued-logic/three-valued-logics/three-valued-logics.tex	0	0	yes	806	\L ukasiewicz logic	-	-	prob#4	190	199	242	1561	missing	no_native_match_found	-	-	No active declaration was found for this source unit.
many-valued-logic/three-valued-logics/lukasiewicz.tex	many-valued-logic	unit	prob#5	selected	many-valued-logic	many-valued-logic/three-valued-logics/three-valued-logics.tex	0	0	yes	806	\L ukasiewicz logic	-	-	prob#5	225	229	242	1561	missing	no_native_match_found	-	-	No active declaration was found for this source unit.
many-valued-logic/three-valued-logics/multiple-designation.tex	many-valued-logic	section	section	selected	many-valued-logic	many-valued-logic/three-valued-logics/three-valued-logics.tex	0	0	yes	548	Designating not just $\True$	defn=3;prop=2;prob=5;proof=2	prop:LP-taut-CL;prop:gl-udes	prop:_#prop:LP-taut-CL;prop:_#prop:gl-udes	1	209	210	1270	missing	no_native_match_found	-	-	No active FormalOLP declaration was found for this substantive source section.
many-valued-logic/three-valued-logics/multiple-designation.tex	many-valued-logic	unit	defn#1	selected	many-valued-logic	many-valued-logic/three-valued-logics/three-valued-logics.tex	0	0	yes	548	Designating not just $\True$	-	-	defn#1	19	28	210	1270	missing	no_native_match_found	-	-	No active declaration was found for this source unit.
many-valued-logic/three-valued-logics/multiple-designation.tex	many-valued-logic	unit	defn#2	selected	many-valued-logic	many-valued-logic/three-valued-logics/three-valued-logics.tex	0	0	yes	548	Designating not just $\True$	-	-	defn#2	30	49	210	1270	missing	no_native_match_found	-	-	No active declaration was found for this source unit.
many-valued-logic/three-valued-logics/multiple-designation.tex	many-valued-logic	unit	prop#1; label=prop:LP-taut-CL	selected	many-valued-logic	many-valued-logic/three-valued-logics/three-valued-logics.tex	0	0	yes	548	Designating not just $\True$	-	prop:LP-taut-CL	prop#1; label=prop:LP-taut-CL	54	56	210	1270	missing	no_native_match_found	-	-	No active declaration was found for this source unit.
many-valued-logic/three-valued-logics/multiple-designation.tex	many-valued-logic	unit	prob#1	selected	many-valued-logic	many-valued-logic/three-valued-logics/three-valued-logics.tex	0	0	yes	548	Designating not just $\True$	-	-	prob#1	129	133	210	1270	missing	no_native_match_found	-	-	No active declaration was found for this source unit.
many-valued-logic/three-valued-logics/multiple-designation.tex	many-valued-logic	unit	prob#2	selected	many-valued-logic	many-valued-logic/three-valued-logics/three-valued-logics.tex	0	0	yes	548	Designating not just $\True$	-	-	prob#2	135	137	210	1270	missing	no_native_match_found	-	-	No active declaration was found for this source unit.
many-valued-logic/three-valued-logics/multiple-designation.tex	many-valued-logic	unit	prob#3	selected	many-valued-logic	many-valued-logic/three-valued-logics/three-valued-logics.tex	0	0	yes	548	Designating not just $\True$	-	-	prob#3	146	157	210	1270	missing	no_native_match_found	-	-	No active declaration was found for this source unit.
many-valued-logic/three-valued-logics/multiple-designation.tex	many-valued-logic	unit	defn#3	selected	many-valued-logic	many-valued-logic/three-valued-logics/three-valued-logics.tex	0	0	yes	548	Designating not just $\True$	-	-	defn#3	161	170	210	1270	missing	no_native_match_found	-	-	No active declaration was found for this source unit.
many-valued-logic/three-valued-logics/multiple-designation.tex	many-valued-logic	unit	prob#4	selected	many-valued-logic	many-valued-logic/three-valued-logics/three-valued-logics.tex	0	0	yes	548	Designating not just $\True$	-	-	prob#4	172	180	210	1270	missing	no_native_match_found	-	-	No active declaration was found for this source unit.
many-valued-logic/three-valued-logics/multiple-designation.tex	many-valued-logic	unit	prop#2; label=prop:gl-udes	selected	many-valued-logic	many-valued-logic/three-valued-logics/three-valued-logics.tex	0	0	yes	548	Designating not just $\True$	-	prop:gl-udes	prop#2; label=prop:gl-udes	187	191	210	1270	missing	no_native_match_found	-	-	No active declaration was found for this source unit.
many-valued-logic/three-valued-logics/multiple-designation.tex	many-valued-logic	unit	prob#5	selected	many-valued-logic	many-valued-logic/three-valued-logics/three-valued-logics.tex	0	0	yes	548	Designating not just $\True$	-	-	prob#5	197	207	210	1270	missing	no_native_match_found	-	-	No active declaration was found for this source unit.
many-valued-logic/three-valued-logics/three-valued-logics.tex	many-valued-logic	chapter	section	selected	many-valued-logic	many-valued-logic/many-valued-logic.tex	5	0	no	4	mvl	-	-	-	1	22	23	36	structural_container	aggregator	-	-	Aggregator/editorial import container; child source files are audited separately.
propositional-logic/syntax-and-semantics/valuations-sat.tex	propositional-logic	unit	declaration#1	selected	propositional-logic	propositional-logic/syntax-and-semantics/syntax-and-semantics.tex	0	0	yes	154	\usetoken{P	-	-	Valuation/Evaluate/Satisfies	1	198	199	804	defined_only	manual_definition_match	FormalOLP/PropositionalLogic/Semantics.lean	FormalOLP/PropositionalLogic/Semantics.lean:24-77	Native declaration mapping: FormalOLP/PropositionalLogic/Semantics.lean:24-77; Primitive truth interfaces correspond to the source definitions; the active evaluator uses Prop truth rather than the source Boolean-valued evaluator.
propositional-logic/syntax-and-semantics/semantic-notions.tex	propositional-logic	unit	declaration#1	selected	propositional-logic	propositional-logic/syntax-and-semantics/syntax-and-semantics.tex	0	0	yes	140	Semantic Notions	-	-	Entails monotonicity/deduction/unsatisfiable-negation	1	96	97	447	proved_weaker	manual_fragment_match	FormalOLP/PropositionalLogic/Semantics.lean	FormalOLP/PropositionalLogic/Semantics.lean:65-129	Native declaration mapping: FormalOLP/PropositionalLogic/Semantics.lean:65-129; Context/formula API is native but source semantic fact bundle is incomplete.
propositional-logic/syntax-and-semantics/soundness.tex	propositional-logic	unit	declaration#1	orphan_or_unselected	-	-	0	0	yes	59	Soundness of Propositional Logic	-	-	N2c derivation soundness	1	33	34	136	proved_weaker	manual_fragment_match	FormalOLP/ProofTheory/NaturalDeduction.lean	FormalOLP/ProofTheory/NaturalDeduction.lean:248-299	Native declaration mapping: FormalOLP/ProofTheory/NaturalDeduction.lean:248-299; Analogous proof soundness uses the native N2c relation rather than the source propositional axiom calculus.
first-order-logic/syntax-and-semantics/semantic-notions.tex	first-order-logic	unit	declaration#1	selected	first-order-logic	first-order-logic/syntax-and-semantics/semantics.tex;first-order-logic/syntax-and-semantics/syntax-and-semantics.tex	0	0	yes	385	Semantic Notions	-	-	semantic_consequence_of_mem	1	157	158	947	proved_weaker	manual_fragment_match	FormalOLP/FirstOrderLogic/SemanticNotions.lean	FormalOLP/FirstOrderLogic/SemanticNotions.lean:42-44	Native declaration mapping: FormalOLP/FirstOrderLogic/SemanticNotions.lean:42-44; Sentence membership consequence is a generic semantic support lemma; the source section does not state a dedicated named counterpart.
first-order-logic/syntax-and-semantics/semantic-notions.tex	first-order-logic	unit	declaration#2	selected	first-order-logic	first-order-logic/syntax-and-semantics/semantics.tex;first-order-logic/syntax-and-semantics/syntax-and-semantics.tex	0	0	yes	385	Semantic Notions	-	-	semantic_consequence_mono	1	157	158	947	proved_equivalent	manual_statement_match	FormalOLP/FirstOrderLogic/SemanticNotions.lean	FormalOLP/FirstOrderLogic/SemanticNotions.lean:46-58	Native declaration mapping: FormalOLP/FirstOrderLogic/SemanticNotions.lean:46-58; Theory monotonicity for sentence consequence.
first-order-logic/syntax-and-semantics/semantic-notions.tex	first-order-logic	unit	declaration#3	selected	first-order-logic	first-order-logic/syntax-and-semantics/semantics.tex;first-order-logic/syntax-and-semantics/syntax-and-semantics.tex	0	0	yes	385	Semantic Notions	-	-	semantic_consequence_iff_unsatisfiable_negation	1	157	158	947	proved_weaker	manual_fragment_match	FormalOLP/FirstOrderLogic/SemanticNotions.lean	FormalOLP/FirstOrderLogic/SemanticNotions.lean:60-63	Native declaration mapping: FormalOLP/FirstOrderLogic/SemanticNotions.lean:60-63; Sentence-level Mathlib semantics; not a native full formula development.
first-order-logic/syntax-and-semantics/semantic-notions.tex	first-order-logic	unit	declaration#4	selected	first-order-logic	first-order-logic/syntax-and-semantics/semantics.tex;first-order-logic/syntax-and-semantics/syntax-and-semantics.tex	0	0	yes	385	Semantic Notions	-	-	semantic_deduction_theorem	1	157	158	947	proved_weaker	manual_fragment_match	FormalOLP/FirstOrderLogic/SemanticNotions.lean	FormalOLP/FirstOrderLogic/SemanticNotions.lean:65-78	Native declaration mapping: FormalOLP/FirstOrderLogic/SemanticNotions.lean:65-78; Sentence/theory form only.
model-theory/basics/isomorphism.tex	model-theory	unit	declaration#1	selected	model-theory	model-theory/basics/basics.tex	0	0	yes	359	Isomorphic Structures	-	-	isomorphism_preserves_sentence	1	131	132	913	proved_equivalent	manual_statement_match	FormalOLP/ModelTheory/Basic.lean	FormalOLP/ModelTheory/Basic.lean:28-30	Native declaration mapping: FormalOLP/ModelTheory/Basic.lean:28-30; Uses Mathlib first-order structure isomorphism.
model-theory/basics/isomorphism.tex	model-theory	unit	declaration#2	selected	model-theory	model-theory/basics/basics.tex	0	0	yes	359	Isomorphic Structures	-	-	isomorphic_preserves_theory / elementary_equivalence_preserves_*	1	131	132	913	proved_weaker	manual_fragment_match	FormalOLP/ModelTheory/Basic.lean	FormalOLP/ModelTheory/Basic.lean:32-50	Native declaration mapping: FormalOLP/ModelTheory/Basic.lean:32-50; Theory preservation is exposed through Mathlib; source proof details are not re-declared.
model-theory/basics/isomorphism.tex	model-theory	unit	declaration#3	selected	model-theory	model-theory/basics/basics.tex	0	0	yes	359	Isomorphic Structures	-	-	compactness / finite satisfiability	1	131	132	913	dependency_only	dependency_support	FormalOLP/ModelTheory/Basic.lean	FormalOLP/ModelTheory/Basic.lean:52-60	Native declaration mapping: FormalOLP/ModelTheory/Basic.lean:52-60; Imported Mathlib theorem, not a native proof of a model-theory source section.
intuitionistic-logic/semantics/relational-models.tex	intuitionistic-logic	unit	declaration#1	selected	intuitionistic-logic	intuitionistic-logic/semantics/semantics.tex	0	0	yes	172	\usetoken{P	-	-	forces_hereditary	1	72	73	434	proved_equivalent	manual_statement_match	FormalOLP/IntuitionisticLogic/Kripke.lean	FormalOLP/IntuitionisticLogic/Kripke.lean:90-101	Native declaration mapping: FormalOLP/IntuitionisticLogic/Kripke.lean:90-101; Inductive persistence proof for the OLP Kripke clauses.
intuitionistic-logic/soundness-completeness/soundness-nd.tex	intuitionistic-logic	unit	declaration#1	selected	intuitionistic-logic	intuitionistic-logic/soundness-completeness/soundness-completeness.tex	0	0	yes	490	Soundness of Natural Deduction	-	-	derivation_sound / proof_sound	1	153	154	1111	proved_equivalent	manual_statement_match	FormalOLP/IntuitionisticLogic/NaturalDeduction.lean	FormalOLP/IntuitionisticLogic/NaturalDeduction.lean:130-196	Native declaration mapping: FormalOLP/IntuitionisticLogic/NaturalDeduction.lean:130-196; Standalone Type-valued intuitionistic derivations; no classical raa and no completeness.
normal-modal-logic/frame-definability/properties-accessibility.tex	normal-modal-logic	unit	declaration#1	selected	normal-modal-logic	normal-modal-logic/frame-definability/frame-definability.tex	0	0	yes	570	Properties of Accessibility Relations	-	-	frame_valid_axiomT/B/D/Four/Five_iff_*	1	191	192	1245	proved_equivalent	manual_statement_match	FormalOLP/NormalModalLogic/Soundness.lean	FormalOLP/NormalModalLogic/Soundness.lean:75-249	Native declaration mapping: FormalOLP/NormalModalLogic/Soundness.lean:75-249; Explicit reflexive/symmetric/serial/transitive/Euclidean hypotheses and converses.
applied-modal-logic/epistemic-logic/properties-accessibility.tex	applied-modal-logic	unit	declaration#1	selected	applied-modal-logic	applied-modal-logic/epistemic-logic/epistemic-logic.tex	0	0	yes	307	Accessibility Relations and Epistemic Principles	-	-	satisfies_axiomK/factivity/positive_introspection/negative_introspection	1	78	79	484	proved_equivalent	manual_statement_match	FormalOLP/AppliedModalLogic/Epistemic.lean	FormalOLP/AppliedModalLogic/Epistemic.lean:114-146	Native declaration mapping: FormalOLP/AppliedModalLogic/Epistemic.lean:114-146; Agent-indexed relation conditions are explicit.
applied-modal-logic/epistemic-logic/truth-at-w.tex	applied-modal-logic	unit	declaration#1	selected	applied-modal-logic	applied-modal-logic/epistemic-logic/epistemic-logic.tex	0	0	yes	367	Truth at a World	-	-	CommonKnowledge fixed-point equivalence	1	115	116	805	proved_weaker	manual_fragment_match	FormalOLP/AppliedModalLogic/Epistemic.lean	FormalOLP/AppliedModalLogic/Epistemic.lean:148-197	Native declaration mapping: FormalOLP/AppliedModalLogic/Epistemic.lean:148-197; Semantic finite reachability/fixed-point law; no common-knowledge Formula constructor or public-announcement update.
counterfactuals/minimal-change-semantics/sphere-models.tex	counterfactuals	unit	declaration#1	selected	counterfactuals	counterfactuals/minimal-change-semantics/minimal-change-semantics.tex	0	0	yes	425	Sphere Models	-	-	Model/Closest/closest_success/centered	1	113	114	797	proved_weaker	manual_fragment_match	FormalOLP/Counterfactuals/Sphere.lean	FormalOLP/Counterfactuals/Sphere.lean:39-56	Native declaration mapping: FormalOLP/Counterfactuals/Sphere.lean:39-56; Stalnaker-style selection variant with explicit added limit condition, not arbitrary Lewis sphere systems.
counterfactuals/minimal-change-semantics/true-false.tex	counterfactuals	unit	declaration#1	selected	counterfactuals	counterfactuals/minimal-change-semantics/minimal-change-semantics.tex	0	0	yes	176	Truth and Falsity of Counterfactuals	-	-	conditional_identity/conditional_vacuous/conditional_modus_ponens_of_centering	1	112	113	575	proved_weaker	manual_fragment_match	FormalOLP/Counterfactuals/Sphere.lean	FormalOLP/Counterfactuals/Sphere.lean:81-110	Native declaration mapping: FormalOLP/Counterfactuals/Sphere.lean:81-110; Only proved closest-world principles; no source counterexample development.
second-order-logic/syntax-and-semantics/satisfaction.tex	second-order-logic	unit	declaration#1	selected	second-order-logic	second-order-logic/syntax-and-semantics/syntax-and-semantics.tex	0	0	yes	606	Satisfaction	-	-	Structure/RelEnv/Assignment/Satisfies	1	210	211	1478	proved_weaker	manual_fragment_match	FormalOLP/SecondOrderLogic/Semantics.lean	FormalOLP/SecondOrderLogic/Semantics.lean:22-83	Native declaration mapping: FormalOLP/SecondOrderLogic/Semantics.lean:22-83; Full relation semantics with typed arity; function variables/terms are absent.
second-order-logic/syntax-and-semantics/semantic-notions.tex	second-order-logic	unit	declaration#1	selected	second-order-logic	second-order-logic/syntax-and-semantics/syntax-and-semantics.tex	0	0	yes	88	Semantic Notions	-	-	satisfies_rel_agreement/allRel_intro_of_not_free	1	38	39	179	proved_weaker	manual_fragment_match	FormalOLP/SecondOrderLogic/Semantics.lean	FormalOLP/SecondOrderLogic/Semantics.lean:97-194	Native declaration mapping: FormalOLP/SecondOrderLogic/Semantics.lean:97-194; Relation-variable agreement and freshness only.
many-valued-logic/three-valued-logics/kleene.tex	many-valued-logic	unit	declaration#1	selected	many-valued-logic	many-valued-logic/three-valued-logics/three-valued-logics.tex	0	0	yes	486	Kleene logics	-	-	reflection/k3_valid_implies_classical_valid/excluded_middle_not_valid	1	197	197	935	proved_weaker	manual_fragment_match	FormalOLP/ManyValuedLogic/Kleene.lean	FormalOLP/ManyValuedLogic/Kleene.lean:138-235	Native declaration mapping: FormalOLP/ManyValuedLogic/Kleene.lean:138-235; These are native K3 results adjacent to the source strong-Kleene section; the source section itself does not state this exact reflection/non-validity chain.
